cod_ibge,E,X,M,IRBI,PH_x,PH_y,Ph_x,Ph_y,R_x,R_y,Angulo,Odu,Theta,S_m,S_potencial,S_dispersiva,Regime
1100015,0.0009498655372387083,0.5,0.0,0.17537994621489547,0.0,1.0,0.0,0.0,0.0,1.0,90.0,64,0.5,0.5,0.25,0.25,Entropia potencial
1100023,0.004004900111236566,0.5,0.0,0.1766019600444946,0.0,1.0,0.0,0.0,0.0,1.0,90.0,64,0.5,0.5,0.25,0.25,Entropia potencial
1100031,0.00028412915176144455,0.5,0.0,0.17511365166070456,0.0,1.0,0.0,0.0,0.0,1.0,90.0,64,0.5,0.5,0.25,0.25,Entropia potencial
1100049,0.003355942003316297,0.5,0.0,0.1763423768013265,0.0,1.0,0.0,0.0,0.0,1.0,90.0,64,0.5,0.5,0.25,0.25,Entropia potencial
1100056,0.0009325058185213356,0.5,0.0,0.17537300232740852,0.0,1.0,0.0,0.0,0.0,1.0,90.0,64,0.5,0.5,0.25,0.25,Entropia potencial
1100064,0.000521395203162228,0.5,0.0,0.17520855808126487,0.0,1.0,0.0,0.0,0.0,1.0,90.0,64,0.5,0.5,0.25,0.25,Entropia potencial
1100072,0.0004787131933275525,0.5,0.0,0.175191485277331,0.0,1.0,0.0,0.0,0.0,1.0,90.0,64,0.5,0.5,0.25,0.25,Entropia potencial
1100080,0.00034757283968457283,0.5,0.0,0.1751390291358738,0.0,1.0,0.0,0.0,0.0,1.0,90.0,64,0.5,0.5,0.25,0.25,Entropia potencial
1100098,0.0009518339798580219,0.5,0.0,0.1753807335919432,0.0,1.0,0.0,0.0,0.0,1.0,90.0,64,0.5,0.5,0.25,0.25,Entropia potencial
1100106,0.001096138161371943,0.5,0.0,0.17543845526454876,0.0,1.0,0.0,0.0,0.0,1.0,90.0,64,0.5,0.5,0.25,0.25,Entropia potencial
1100114,0.002212116152301704,0.5,0.0,0.17588484646092067,0.0,1.0,0.0,0.0,0.0,1.0,90.0,64,0.5,0.5,0.25,0.25,Entropia potencial
1100122,0.005194398693981666,0.5,0.0,0.17707775947759266,0.0,1.0,0.0,0.0,0.0,1.0,90.0,64,0.5,0.5,0.25,0.25,Entropia potencial
1100130,0.0009387726970644563,0.5,0.0,0.17537550907882576,0.0,1.0,0.0,0.0,0.0,1.0,90.0,64,0.5,0.5,0.25,0.25,Entropia potencial
1100148,0.0006563106956846753,0.5,0.0,0.17526252427827385,0.0,1.0,0.0,0.0,0.0,1.0,90.0,64,0.5,0.5,0.25,0.25,Entropia potencial
1100155,0.0011294378252096216,0.5,0.0,0.17545177513008384,0.0,1.0,0.0,0.0,0.0,1.0,90.0,64,0.5,0.5,0.25,0.25,Entropia potencial
1100189,0.0017901854455308485,0.5,0.0,0.17571607417821233,0.0,1.0,0.0,0.0,0.0,1.0,90.0,64,0.5,0.5,0.25,0.25,Entropia potencial
1100205,0.02380368838045818,0.5,0.0,0.18452147535218327,0.0,1.0,0.0,0.0,0.0,1.0,90.0,64,0.5,0.5,0.25,0.25,Entropia potencial
1100254,0.0006684871307487213,0.5,0.0,0.17526739485229947,0.0,1.0,0.0,0.0,0.0,1.0,90.0,64,0.5,0.5,0.25,0.25,Entropia potencial
1100262,0.00025862819963304404,0.5,0.0,0.17510345127985322,0.0,1.0,0.0,0.0,0.0,1.0,90.0,64,0.5,0.5,0.25,0.25,Entropia potencial
1100288,0.001993251127878241,0.5,0.0,0.17579730045115127,0.0,1.0,0.0,0.0,0.0,1.0,90.0,64,0.5,0.5,0.25,0.25,Entropia potencial
1100296,0.0002550148071127359,0.5,0.0,0.17510200592284508,0.0,1.0,0.0,0.0,0.0,1.0,90.0,64,0.5,0.5,0.25,0.25,Entropia potencial
1100304,0.004751010694061397,0.5,0.0,0.17690040427762455,0.0,1.0,0.0,0.0,0.0,1.0,90.0,64,0.5,0.5,0.25,0.25,Entropia potencial
1100320,0.0014408429103872366,0.5,0.0,0.17557633716415488,0.0,1.0,0.0,0.0,0.0,1.0,90.0,64,0.5,0.5,0.25,0.25,Entropia potencial
1100338,0.0009597204363242297,0.5,0.0,0.17538388817452968,0.0,1.0,0.0,0.0,0.0,1.0,90.0,64,0.5,0.5,0.25,0.25,Entropia potencial
1100346,0.0004377522493275937,0.5,0.0,0.17517510089973104,0.0,1.0,0.0,0.0,0.0,1.0,90.0,64,0.5,0.5,0.25,0.25,Entropia potencial
1100379,0.0005807455453163004,0.5,0.0,0.1752322982181265,0.0,1.0,0.0,0.0,0.0,1.0,90.0,64,0.5,0.5,0.25,0.25,Entropia potencial
1100403,0.0006180180380279751,0.5,0.0,0.17524720721521117,0.0,1.0,0.0,0.0,0.0,1.0,90.0,64,0.5,0.5,0.25,0.25,Entropia potencial
1100452,0.001145335483700082,0.5,0.0,0.17545813419348003,0.0,1.0,0.0,0.0,0.0,1.0,90.0,64,0.5,0.5,0.25,0.25,Entropia potencial
1100502,0.0002620132443521858,0.5,0.0,0.17510480529774086,0.0,1.0,0.0,0.0,0.0,1.0,90.0,64,0.5,0.5,0.25,0.25,Entropia potencial
1100601,0.00020966451093480182,0.5,0.0,0.1750838658043739,0.0,1.0,0.0,0.0,0.0,1.0,90.0,64,0.5,0.5,0.25,0.25,Entropia potencial
1100700,0.00039942153370403237,0.5,0.0,0.1751597686134816,0.0,1.0,0.0,0.0,0.0,1.0,90.0,64,0.5,0.5,0.25,0.25,Entropia potencial
1100809,0.0008145345785780278,0.5,0.0,0.1753258138314312,0.0,1.0,0.0,0.0,0.0,1.0,90.0,64,0.5,0.5,0.25,0.25,Entropia potencial
1100908,0.00010662045132699751,0.5,0.0,0.17504264818053078,0.0,1.0,0.0,0.0,0.0,1.0,90.0,64,0.5,0.5,0.25,0.25,Entropia potencial
1100924,0.0006531772564131149,0.5,0.0,0.17526127090256524,0.0,1.0,0.0,0.0,0.0,1.0,90.0,64,0.5,0.5,0.25,0.25,Entropia potencial
1100940,0.0005265932871360007,0.5,0.0,0.1752106373148544,0.0,1.0,0.0,0.0,0.0,1.0,90.0,64,0.5,0.5,0.25,0.25,Entropia potencial
1101005,0.000277449978577329,0.5,0.0,0.1751109799914309,0.0,1.0,0.0,0.0,0.0,1.0,90.0,64,0.5,0.5,0.25,0.25,Entropia potencial
1101104,0.0002843236702587344,0.5,0.0,0.1751137294681035,0.0,1.0,0.0,0.0,0.0,1.0,90.0,64,0.5,0.5,0.25,0.25,Entropia potencial
1101203,0.00041596512046538465,0.5,0.0,0.17516638604818613,0.0,1.0,0.0,0.0,0.0,1.0,90.0,64,0.5,0.5,0.25,0.25,Entropia potencial
1101302,0.00030592685228111497,0.5,0.0,0.17512237074091244,0.0,1.0,0.0,0.0,0.0,1.0,90.0,64,0.5,0.5,0.25,0.25,Entropia potencial
1101401,0.00045661208623873974,0.5,0.0,0.17518264483449547,0.0,1.0,0.0,0.0,0.0,1.0,90.0,64,0.5,0.5,0.25,0.25,Entropia potencial
1101435,0.0001555312817379327,0.5,0.0,0.17506221251269516,0.0,1.0,0.0,0.0,0.0,1.0,90.0,64,0.5,0.5,0.25,0.25,Entropia potencial
1101450,0.00015123284581412553,0.5,0.0,0.17506049313832564,0.0,1.0,0.0,0.0,0.0,1.0,90.0,64,0.5,0.5,0.25,0.25,Entropia potencial
1101468,0.0003235244332913693,0.5,0.0,0.17512940977331654,0.0,1.0,0.0,0.0,0.0,1.0,90.0,64,0.5,0.5,0.25,0.25,Entropia potencial
1101476,0.00011624065961687583,0.5,0.0,0.17504649626384675,0.0,1.0,0.0,0.0,0.0,1.0,90.0,64,0.5,0.5,0.25,0.25,Entropia potencial
1101484,0.0001441043771879003,0.5,0.0,0.17505764175087515,0.0,1.0,0.0,0.0,0.0,1.0,90.0,64,0.5,0.5,0.25,0.25,Entropia potencial
1101492,0.0005845777711460596,0.5,0.0,0.17523383110845842,0.0,1.0,0.0,0.0,0.0,1.0,90.0,64,0.5,0.5,0.25,0.25,Entropia potencial
1101500,0.00038073295764376106,0.5,0.0,0.1751522931830575,0.0,1.0,0.0,0.0,0.0,1.0,90.0,64,0.5,0.5,0.25,0.25,Entropia potencial
1101559,0.00012695186295677113,0.5,0.0,0.1750507807451827,0.0,1.0,0.0,0.0,0.0,1.0,90.0,64,0.5,0.5,0.25,0.25,Entropia potencial
1101609,0.00027861286089808353,0.5,0.0,0.17511144514435922,0.0,1.0,0.0,0.0,0.0,1.0,90.0,64,0.5,0.5,0.25,0.25,Entropia potencial
1101708,0.0003135025020179576,0.5,0.0,0.17512540100080717,0.0,1.0,0.0,0.0,0.0,1.0,90.0,64,0.5,0.5,0.25,0.25,Entropia potencial
1101757,0.00022617743988951602,0.5,0.0,0.1750904709759558,0.0,1.0,0.0,0.0,0.0,1.0,90.0,64,0.5,0.5,0.25,0.25,Entropia potencial
1101807,0.00018824739008374195,0.5,0.0,0.1750752989560335,0.0,1.0,0.0,0.0,0.0,1.0,90.0,64,0.5,0.5,0.25,0.25,Entropia potencial
1200013,0.00044909563778368095,0.5,0.0,0.17517963825511346,0.0,1.0,0.0,0.0,0.0,1.0,90.0,64,0.5,0.5,0.25,0.25,Entropia potencial
1200054,0.00015212932236685265,0.5,0.0,0.17506085172894673,0.0,1.0,0.0,0.0,0.0,1.0,90.0,64,0.5,0.5,0.25,0.25,Entropia potencial
1200104,0.0008454947346194977,0.5,0.0,0.17533819789384777,0.0,1.0,0.0,0.0,0.0,1.0,90.0,64,0.5,0.5,0.25,0.25,Entropia potencial
1200138,0.00034224049566104026,0.5,0.0,0.1751368961982644,0.0,1.0,0.0,0.0,0.0,1.0,90.0,64,0.5,0.5,0.25,0.25,Entropia potencial
1200179,0.0007364153157669775,0.5,0.0,0.17529456612630678,0.0,1.0,0.0,0.0,0.0,1.0,90.0,64,0.5,0.5,0.25,0.25,Entropia potencial
1200203,0.002423084148601497,0.5,0.0,0.1759692336594406,0.0,1.0,0.0,0.0,0.0,1.0,90.0,64,0.5,0.5,0.25,0.25,Entropia potencial
1200252,0.0007990587292202774,0.5,0.0,0.1753196234916881,0.0,1.0,0.0,0.0,0.0,1.0,90.0,64,0.5,0.5,0.25,0.25,Entropia potencial
1200302,0.0006542016500211251,0.5,0.0,0.17526168066000844,0.0,1.0,0.0,0.0,0.0,1.0,90.0,64,0.5,0.5,0.25,0.25,Entropia potencial
1200328,0.0001221163868339246,0.5,0.0,0.17504884655473357,0.0,1.0,0.0,0.0,0.0,1.0,90.0,64,0.5,0.5,0.25,0.25,Entropia potencial
1200336,0.000283666113164635,0.5,0.0,0.17511346644526585,0.0,1.0,0.0,0.0,0.0,1.0,90.0,64,0.5,0.5,0.25,0.25,Entropia potencial
1200344,0.00022207246529725258,0.5,0.0,0.17508882898611888,0.0,1.0,0.0,0.0,0.0,1.0,90.0,64,0.5,0.5,0.25,0.25,Entropia potencial
1200351,0.0002489234180834745,0.5,0.0,0.17509956936723337,0.0,1.0,0.0,0.0,0.0,1.0,90.0,64,0.5,0.5,0.25,0.25,Entropia potencial
1200385,0.0008542205806881412,0.5,0.0,0.17534168823227525,0.0,1.0,0.0,0.0,0.0,1.0,90.0,64,0.5,0.5,0.25,0.25,Entropia potencial
1200393,0.00016544538210523806,0.5,0.0,0.1750661781528421,0.0,1.0,0.0,0.0,0.0,1.0,90.0,64,0.5,0.5,0.25,0.25,Entropia potencial
1200401,0.011888760178371982,0.5,0.0,0.17975550407134877,0.0,1.0,0.0,0.0,0.0,1.0,90.0,64,0.5,0.5,0.25,0.25,Entropia potencial
1200427,0.00024548128641404106,0.5,0.0,0.1750981925145656,0.0,1.0,0.0,0.0,0.0,1.0,90.0,64,0.5,0.5,0.25,0.25,Entropia potencial
1200435,9.933763650183579e-05,0.5,0.0,0.17503973505460071,0.0,1.0,0.0,0.0,0.0,1.0,90.0,64,0.5,0.5,0.25,0.25,Entropia potencial
1200450,0.001074818299769528,0.5,0.0,0.1754299273199078,0.0,1.0,0.0,0.0,0.0,1.0,90.0,64,0.5,0.5,0.25,0.25,Entropia potencial
1200500,0.0008675133827801115,0.5,0.0,0.17534700535311204,0.0,1.0,0.0,0.0,0.0,1.0,90.0,64,0.5,0.5,0.25,0.25,Entropia potencial
1200609,0.0008240374414700846,0.5,0.0,0.17532961497658803,0.0,1.0,0.0,0.0,0.0,1.0,90.0,64,0.5,0.5,0.25,0.25,Entropia potencial
1200708,0.0006462898215770097,0.5,0.0,0.1752585159286308,0.0,1.0,0.0,0.0,0.0,1.0,90.0,64,0.5,0.5,0.25,0.25,Entropia potencial
1200807,0.0005963693978785104,0.5,0.0,0.1752385477591514,0.0,1.0,0.0,0.0,0.0,1.0,90.0,64,0.5,0.5,0.25,0.25,Entropia potencial
1300029,0.00021274826341629357,0.5,0.0,0.1750850993053665,0.0,1.0,0.0,0.0,0.0,1.0,90.0,64,0.5,0.5,0.25,0.25,Entropia potencial
1300060,0.00010905404687461289,0.5,0.0,0.17504362161874984,0.0,1.0,0.0,0.0,0.0,1.0,90.0,64,0.5,0.5,0.25,0.25,Entropia potencial
1300086,0.00012101376296070007,0.5,0.0,0.17504840550518427,0.0,1.0,0.0,0.0,0.0,1.0,90.0,64,0.5,0.5,0.25,0.25,Entropia potencial
1300102,0.0002448237293199417,0.5,0.0,0.17509792949172798,0.0,1.0,0.0,0.0,0.0,1.0,90.0,64,0.5,0.5,0.25,0.25,Entropia potencial
1300144,0.00031715183817363456,0.5,0.0,0.17512686073526945,0.0,1.0,0.0,0.0,0.0,1.0,90.0,64,0.5,0.5,0.25,0.25,Entropia potencial
1300201,0.00016549612606105282,0.5,0.0,0.1750661984504244,0.0,1.0,0.0,0.0,0.0,1.0,90.0,64,0.5,0.5,0.25,0.25,Entropia potencial
1300300,0.0005781745182216867,0.5,0.0,0.17523126980728868,0.0,1.0,0.0,0.0,0.0,1.0,90.0,64,0.5,0.5,0.25,0.25,Entropia potencial
1300409,0.00019762762174924638,0.5,0.0,0.1750790510486997,0.0,1.0,0.0,0.0,0.0,1.0,90.0,64,0.5,0.5,0.25,0.25,Entropia potencial
1300508,0.0003768531593554255,0.5,0.0,0.17515074126374217,0.0,1.0,0.0,0.0,0.0,1.0,90.0,64,0.5,0.5,0.25,0.25,Entropia potencial
1300607,0.00039072634544202697,0.5,0.0,0.1751562905381768,0.0,1.0,0.0,0.0,0.0,1.0,90.0,64,0.5,0.5,0.25,0.25,Entropia potencial
1300631,0.00023116937654279134,0.5,0.0,0.1750924677506171,0.0,1.0,0.0,0.0,0.0,1.0,90.0,64,0.5,0.5,0.25,0.25,Entropia potencial
1300680,0.00020624775124327582,0.5,0.0,0.1750824991004973,0.0,1.0,0.0,0.0,0.0,1.0,90.0,64,0.5,0.5,0.25,0.25,Entropia potencial
1300706,0.0005867618755775858,0.5,0.0,0.17523470475023104,0.0,1.0,0.0,0.0,0.0,1.0,90.0,64,0.5,0.5,0.25,0.25,Entropia potencial
1300805,0.00041684362520042736,0.5,0.0,0.17516673745008016,0.0,1.0,0.0,0.0,0.0,1.0,90.0,64,0.5,0.5,0.25,0.25,Entropia potencial
1300839,0.00018428830436444587,0.5,0.0,0.17507371532174576,0.0,1.0,0.0,0.0,0.0,1.0,90.0,64,0.5,0.5,0.25,0.25,Entropia potencial
1300904,0.000165219148635564,0.5,0.0,0.17506608765945422,0.0,1.0,0.0,0.0,0.0,1.0,90.0,64,0.5,0.5,0.25,0.25,Entropia potencial
1301001,0.00040701409809281325,0.5,0.0,0.1751628056392371,0.0,1.0,0.0,0.0,0.0,1.0,90.0,64,0.5,0.5,0.25,0.25,Entropia potencial
1301100,0.00039901135339452985,0.5,0.0,0.1751596045413578,0.0,1.0,0.0,0.0,0.0,1.0,90.0,64,0.5,0.5,0.25,0.25,Entropia potencial
1301159,0.0003539803212719302,0.5,0.0,0.17514159212850877,0.0,1.0,0.0,0.0,0.0,1.0,90.0,64,0.5,0.5,0.25,0.25,Entropia potencial
1301209,0.005117605117016276,0.5,0.0,0.1770470420468065,0.0,1.0,0.0,0.0,0.0,1.0,90.0,64,0.5,0.5,0.25,0.25,Entropia potencial
1301308,0.0005305629445127582,0.5,0.0,0.1752122251778051,0.0,1.0,0.0,0.0,0.0,1.0,90.0,64,0.5,0.5,0.25,0.25,Entropia potencial
1301407,0.0005896067086004498,0.5,0.0,0.17523584268344017,0.0,1.0,0.0,0.0,0.0,1.0,90.0,64,0.5,0.5,0.25,0.25,Entropia potencial
1301506,0.0001996679516392975,0.5,0.0,0.1750798671806557,0.0,1.0,0.0,0.0,0.0,1.0,90.0,64,0.5,0.5,0.25,0.25,Entropia potencial
1301605,0.0002927006516311515,0.5,0.0,0.17511708026065245,0.0,1.0,0.0,0.0,0.0,1.0,90.0,64,0.5,0.5,0.25,0.25,Entropia potencial
1301654,0.00015367278435621774,0.5,0.0,0.17506146911374248,0.0,1.0,0.0,0.0,0.0,1.0,90.0,64,0.5,0.5,0.25,0.25,Entropia potencial
1301704,0.0009934429664603648,0.5,0.0,0.17539737718658413,0.0,1.0,0.0,0.0,0.0,1.0,90.0,64,0.5,0.5,0.25,0.25,Entropia potencial
1301803,0.00020464508797212686,0.5,0.0,0.17508185803518883,0.0,1.0,0.0,0.0,0.0,1.0,90.0,64,0.5,0.5,0.25,0.25,Entropia potencial
1301852,0.0010817913650310704,0.5,0.0,0.17543271654601242,0.0,1.0,0.0,0.0,0.0,1.0,90.0,64,0.5,0.5,0.25,0.25,Entropia potencial
1301902,0.0029115613247604026,0.5,0.0,0.17616462452990414,0.0,1.0,0.0,0.0,0.0,1.0,90.0,64,0.5,0.5,0.25,0.25,Entropia potencial
1301951,0.00014830555386306256,0.5,0.0,0.17505932222154522,0.0,1.0,0.0,0.0,0.0,1.0,90.0,64,0.5,0.5,0.25,0.25,Entropia potencial
1302009,0.00016172098718158516,0.5,0.0,0.17506468839487263,0.0,1.0,0.0,0.0,0.0,1.0,90.0,64,0.5,0.5,0.25,0.25,Entropia potencial
1302108,0.00011259026629545279,0.5,0.0,0.17504503610651817,0.0,1.0,0.0,0.0,0.0,1.0,90.0,64,0.5,0.5,0.25,0.25,Entropia potencial
1302207,0.00011591399540131843,0.5,0.0,0.1750463655981605,0.0,1.0,0.0,0.0,0.0,1.0,90.0,64,0.5,0.5,0.25,0.25,Entropia potencial
1302306,0.0003492209610828058,0.5,0.0,0.1751396883844331,0.0,1.0,0.0,0.0,0.0,1.0,90.0,64,0.5,0.5,0.25,0.25,Entropia potencial
1302405,0.000681262978790829,0.5,0.0,0.17527250519151633,0.0,1.0,0.0,0.0,0.0,1.0,90.0,64,0.5,0.5,0.25,0.25,Entropia potencial
1302504,0.0018555214601395683,0.5,0.0,0.17574220858405581,0.0,1.0,0.0,0.0,0.0,1.0,90.0,64,0.5,0.5,0.25,0.25,Entropia potencial
1302553,0.00025706782299174066,0.5,0.0,0.1751028271291967,0.0,1.0,0.0,0.0,0.0,1.0,90.0,64,0.5,0.5,0.25,0.25,Entropia potencial
1302603,0.11992955174327609,0.5,0.0,0.22297182069731042,0.0,1.0,0.0,0.0,0.0,1.0,90.0,64,0.5,0.5,0.25,0.25,Entropia potencial
1302702,0.0008035093970115288,0.5,0.0,0.1753214037588046,0.0,1.0,0.0,0.0,0.0,1.0,90.0,64,0.5,0.5,0.25,0.25,Entropia potencial
1302801,0.00016923532130515168,0.5,0.0,0.17506769412852205,0.0,1.0,0.0,0.0,0.0,1.0,90.0,64,0.5,0.5,0.25,0.25,Entropia potencial
1302900,0.0006646591335819467,0.5,0.0,0.17526586365343277,0.0,1.0,0.0,0.0,0.0,1.0,90.0,64,0.5,0.5,0.25,0.25,Entropia potencial
1303007,0.00021120691575842078,0.5,0.0,0.17508448276630337,0.0,1.0,0.0,0.0,0.0,1.0,90.0,64,0.5,0.5,0.25,0.25,Entropia potencial
1303106,0.00032194925632962,0.5,0.0,0.17512877970253185,0.0,1.0,0.0,0.0,0.0,1.0,90.0,64,0.5,0.5,0.25,0.25,Entropia potencial
1303205,0.00019102139300161455,0.5,0.0,0.17507640855720064,0.0,1.0,0.0,0.0,0.0,1.0,90.0,64,0.5,0.5,0.25,0.25,Entropia potencial
1303304,0.00025772855158307846,0.5,0.0,0.1751030914206332,0.0,1.0,0.0,0.0,0.0,1.0,90.0,64,0.5,0.5,0.25,0.25,Entropia potencial
1303403,0.0015758450905008674,0.5,0.0,0.17563033803620035,0.0,1.0,0.0,0.0,0.0,1.0,90.0,64,0.5,0.5,0.25,0.25,Entropia potencial
1303502,0.00021232116845485284,0.5,0.0,0.17508492846738194,0.0,1.0,0.0,0.0,0.0,1.0,90.0,64,0.5,0.5,0.25,0.25,Entropia potencial
1303536,0.0006046512343337749,0.5,0.0,0.1752418604937335,0.0,1.0,0.0,0.0,0.0,1.0,90.0,64,0.5,0.5,0.25,0.25,Entropia potencial
1303569,0.0004075046229990224,0.5,0.0,0.17516300184919958,0.0,1.0,0.0,0.0,0.0,1.0,90.0,64,0.5,0.5,0.25,0.25,Entropia potencial
1303601,0.00018617323088981433,0.5,0.0,0.17507446929235593,0.0,1.0,0.0,0.0,0.0,1.0,90.0,64,0.5,0.5,0.25,0.25,Entropia potencial
1303700,0.0003005712506111673,0.5,0.0,0.17512022850024445,0.0,1.0,0.0,0.0,0.0,1.0,90.0,64,0.5,0.5,0.25,0.25,Entropia potencial
1303809,0.0005183167365094669,0.5,0.0,0.1752073266946038,0.0,1.0,0.0,0.0,0.0,1.0,90.0,64,0.5,0.5,0.25,0.25,Entropia potencial
1303908,0.0003249579500431358,0.5,0.0,0.17512998318001724,0.0,1.0,0.0,0.0,0.0,1.0,90.0,64,0.5,0.5,0.25,0.25,Entropia potencial
1303957,0.00011514332157238201,0.5,0.0,0.17504605732862893,0.0,1.0,0.0,0.0,0.0,1.0,90.0,64,0.5,0.5,0.25,0.25,Entropia potencial
1304005,0.0003777253210959914,0.5,0.0,0.17515109012843838,0.0,1.0,0.0,0.0,0.0,1.0,90.0,64,0.5,0.5,0.25,0.25,Entropia potencial
1304062,0.0008491482994381593,0.5,0.0,0.17533965931977524,0.0,1.0,0.0,0.0,0.0,1.0,90.0,64,0.5,0.5,0.25,0.25,Entropia potencial
1304104,0.0002732001722778443,0.5,0.0,0.17510928006891113,0.0,1.0,0.0,0.0,0.0,1.0,90.0,64,0.5,0.5,0.25,0.25,Entropia potencial
1304203,0.0014435883698299633,0.5,0.0,0.17557743534793196,0.0,1.0,0.0,0.0,0.0,1.0,90.0,64,0.5,0.5,0.25,0.25,Entropia potencial
1304237,0.00019211344521737766,0.5,0.0,0.17507684537808693,0.0,1.0,0.0,0.0,0.0,1.0,90.0,64,0.5,0.5,0.25,0.25,Entropia potencial
1304260,0.00024223790190488212,0.5,0.0,0.17509689516076193,0.0,1.0,0.0,0.0,0.0,1.0,90.0,64,0.5,0.5,0.25,0.25,Entropia potencial
1304302,0.00021077770646548774,0.5,0.0,0.17508431108258618,0.0,1.0,0.0,0.0,0.0,1.0,90.0,64,0.5,0.5,0.25,0.25,Entropia potencial
1304401,0.00025571570800242703,0.5,0.0,0.17510228628320096,0.0,1.0,0.0,0.0,0.0,1.0,90.0,64,0.5,0.5,0.25,0.25,Entropia potencial
1400027,0.00029534250883075653,0.5,0.0,0.1751181370035323,0.0,1.0,0.0,0.0,0.0,1.0,90.0,64,0.5,0.5,0.25,0.25,Entropia potencial
1400050,0.0007178578282592276,0.5,0.0,0.17528714313130367,0.0,1.0,0.0,0.0,0.0,1.0,90.0,64,0.5,0.5,0.25,0.25,Entropia potencial
1400100,0.016061464208493425,0.5,0.0,0.18142458568339737,0.0,1.0,0.0,0.0,0.0,1.0,90.0,64,0.5,0.5,0.25,0.25,Entropia potencial
1400159,0.0007241025063216794,0.5,0.0,0.17528964100252867,0.0,1.0,0.0,0.0,0.0,1.0,90.0,64,0.5,0.5,0.25,0.25,Entropia potencial
1400175,0.0004068502374021615,0.5,0.0,0.17516274009496086,0.0,1.0,0.0,0.0,0.0,1.0,90.0,64,0.5,0.5,0.25,0.25,Entropia potencial
1400209,0.0005386227761613332,0.5,0.0,0.17521544911046452,0.0,1.0,0.0,0.0,0.0,1.0,90.0,64,0.5,0.5,0.25,0.25,Entropia potencial
1400233,0.00027022953653118957,0.5,0.0,0.17510809181461245,0.0,1.0,0.0,0.0,0.0,1.0,90.0,64,0.5,0.5,0.25,0.25,Entropia potencial
1400282,0.00022647556062992764,0.5,0.0,0.17509059022425197,0.0,1.0,0.0,0.0,0.0,1.0,90.0,64,0.5,0.5,0.25,0.25,Entropia potencial
1400308,0.00048630364338484106,0.5,0.0,0.17519452145735392,0.0,1.0,0.0,0.0,0.0,1.0,90.0,64,0.5,0.5,0.25,0.25,Entropia potencial
1400407,0.00026397640114276866,0.5,0.0,0.1751055905604571,0.0,1.0,0.0,0.0,0.0,1.0,90.0,64,0.5,0.5,0.25,0.25,Entropia potencial
1400456,0.0003935405206582529,0.5,0.0,0.17515741620826328,0.0,1.0,0.0,0.0,0.0,1.0,90.0,64,0.5,0.5,0.25,0.25,Entropia potencial
1400472,0.0008536729688316404,0.5,0.0,0.17534146918753266,0.0,1.0,0.0,0.0,0.0,1.0,90.0,64,0.5,0.5,0.25,0.25,Entropia potencial
1400506,0.00034097929692589467,0.5,0.0,0.17513639171877035,0.0,1.0,0.0,0.0,0.0,1.0,90.0,64,0.5,0.5,0.25,0.25,Entropia potencial
1400605,0.0001813271831095064,0.5,0.0,0.1750725308732438,0.0,1.0,0.0,0.0,0.0,1.0,90.0,64,0.5,0.5,0.25,0.25,Entropia potencial
1400704,0.00020723514405017102,0.5,0.0,0.17508289405762006,0.0,1.0,0.0,0.0,0.0,1.0,90.0,64,0.5,0.5,0.25,0.25,Entropia potencial
1500107,0.0022964621213575212,0.5,0.0,0.175918584848543,0.0,1.0,0.0,0.0,0.0,1.0,90.0,64,0.5,0.5,0.25,0.25,Entropia potencial
1500131,0.00011160181632281142,0.5,0.0,0.17504464072652912,0.0,1.0,0.0,0.0,0.0,1.0,90.0,64,0.5,0.5,0.25,0.25,Entropia potencial
1500206,0.0012914273324907265,0.5,0.0,0.17551657093299627,0.0,1.0,0.0,0.0,0.0,1.0,90.0,64,0.5,0.5,0.25,0.25,Entropia potencial
1500305,0.0005479131487384157,0.5,0.0,0.17521916525949535,0.0,1.0,0.0,0.0,0.0,1.0,90.0,64,0.5,0.5,0.25,0.25,Entropia potencial
1500347,0.0008748892281909336,0.5,0.0,0.17534995569127637,0.0,1.0,0.0,0.0,0.0,1.0,90.0,64,0.5,0.5,0.25,0.25,Entropia potencial
1500404,0.0009496075887966501,0.5,0.0,0.17537984303551865,0.0,1.0,0.0,0.0,0.0,1.0,90.0,64,0.5,0.5,0.25,0.25,Entropia potencial
1500503,0.0007045660833330034,0.5,0.0,0.17528182643333318,0.0,1.0,0.0,0.0,0.0,1.0,90.0,64,0.5,0.5,0.25,0.25,Entropia potencial
1500602,0.003633414182374295,0.5,0.0,0.1764533656729497,0.0,1.0,0.0,0.0,0.0,1.0,90.0,64,0.5,0.5,0.25,0.25,Entropia potencial
1500701,0.00029999509527952077,0.5,0.0,0.1751199980381118,0.0,1.0,0.0,0.0,0.0,1.0,90.0,64,0.5,0.5,0.25,0.25,Entropia potencial
1500800,0.010532148005974235,0.5,0.0,0.1792128592023897,0.0,1.0,0.0,0.0,0.0,1.0,90.0,64,0.5,0.5,0.25,0.25,Entropia potencial
1500859,0.0007040988160732093,0.5,0.0,0.17528163952642928,0.0,1.0,0.0,0.0,0.0,1.0,90.0,64,0.5,0.5,0.25,0.25,Entropia potencial
1500909,0.00040629733971693,0.5,0.0,0.17516251893588677,0.0,1.0,0.0,0.0,0.0,1.0,90.0,64,0.5,0.5,0.25,0.25,Entropia potencial
1500958,0.0003372453875105265,0.5,0.0,0.1751348981550042,0.0,1.0,0.0,0.0,0.0,1.0,90.0,64,0.5,0.5,0.25,0.25,Entropia potencial
1501006,0.000174859443074619,0.5,0.0,0.17506994377722984,0.0,1.0,0.0,0.0,0.0,1.0,90.0,64,0.5,0.5,0.25,0.25,Entropia potencial
1501105,0.0002710995839402632,0.5,0.0,0.1751084398335761,0.0,1.0,0.0,0.0,0.0,1.0,90.0,64,0.5,0.5,0.25,0.25,Entropia potencial
1501204,0.0007121385615726076,0.5,0.0,0.17528485542462904,0.0,1.0,0.0,0.0,0.0,1.0,90.0,64,0.5,0.5,0.25,0.25,Entropia potencial
1501253,0.00012465147029316944,0.5,0.0,0.17504986058811725,0.0,1.0,0.0,0.0,0.0,1.0,90.0,64,0.5,0.5,0.25,0.25,Entropia potencial
1501303,0.008867264187670433,0.5,0.0,0.17854690567506817,0.0,1.0,0.0,0.0,0.0,1.0,90.0,64,0.5,0.5,0.25,0.25,Entropia potencial
1501402,0.039731793244407475,0.5,0.0,0.19089271729776297,0.0,1.0,0.0,0.0,0.0,1.0,90.0,64,0.5,0.5,0.25,0.25,Entropia potencial
1501451,0.0003379600315549175,0.5,0.0,0.17513518401262196,0.0,1.0,0.0,0.0,0.0,1.0,90.0,64,0.5,0.5,0.25,0.25,Entropia potencial
1501501,0.0028329938236729886,0.5,0.0,0.17613319752946918,0.0,1.0,0.0,0.0,0.0,1.0,90.0,64,0.5,0.5,0.25,0.25,Entropia potencial
1501576,0.0002871864750992828,0.5,0.0,0.17511487459003972,0.0,1.0,0.0,0.0,0.0,1.0,90.0,64,0.5,0.5,0.25,0.25,Entropia potencial
1501600,0.00022408848037514244,0.5,0.0,0.17508963539215006,0.0,1.0,0.0,0.0,0.0,1.0,90.0,64,0.5,0.5,0.25,0.25,Entropia potencial
1501709,0.0018140900773825769,0.5,0.0,0.175725636030953,0.0,1.0,0.0,0.0,0.0,1.0,90.0,64,0.5,0.5,0.25,0.25,Entropia potencial
1501725,0.000443714664135826,0.5,0.0,0.17517748586565432,0.0,1.0,0.0,0.0,0.0,1.0,90.0,64,0.5,0.5,0.25,0.25,Entropia potencial
1501758,0.00011466336832363424,0.5,0.0,0.17504586534732944,0.0,1.0,0.0,0.0,0.0,1.0,90.0,64,0.5,0.5,0.25,0.25,Entropia potencial
1501782,0.000788858136935768,0.5,0.0,0.1753155432547743,0.0,1.0,0.0,0.0,0.0,1.0,90.0,64,0.5,0.5,0.25,0.25,Entropia potencial
1501808,0.001274934489685189,0.5,0.0,0.17550997379587407,0.0,1.0,0.0,0.0,0.0,1.0,90.0,64,0.5,0.5,0.25,0.25,Entropia potencial
1501907,0.0005536081006128744,0.5,0.0,0.17522144324024513,0.0,1.0,0.0,0.0,0.0,1.0,90.0,64,0.5,0.5,0.25,0.25,Entropia potencial
1501956,0.0002047772336903944,0.5,0.0,0.17508191089347613,0.0,1.0,0.0,0.0,0.0,1.0,90.0,64,0.5,0.5,0.25,0.25,Entropia potencial
1502004,0.0002884127873648057,0.5,0.0,0.1751153651149459,0.0,1.0,0.0,0.0,0.0,1.0,90.0,64,0.5,0.5,0.25,0.25,Entropia potencial
1502103,0.0017123875611066248,0.5,0.0,0.17568495502444265,0.0,1.0,0.0,0.0,0.0,1.0,90.0,64,0.5,0.5,0.25,0.25,Entropia potencial
1502152,0.016957736728231542,0.5,0.0,0.1817830946912926,0.0,1.0,0.0,0.0,0.0,1.0,90.0,64,0.5,0.5,0.25,0.25,Entropia potencial
1502202,0.0016678248534095655,0.5,0.0,0.17566712994136383,0.0,1.0,0.0,0.0,0.0,1.0,90.0,64,0.5,0.5,0.25,0.25,Entropia potencial
1502301,0.0007090653807485772,0.5,0.0,0.17528362615229942,0.0,1.0,0.0,0.0,0.0,1.0,90.0,64,0.5,0.5,0.25,0.25,Entropia potencial
1502400,0.005991903389555116,0.5,0.0,0.17739676135582202,0.0,1.0,0.0,0.0,0.0,1.0,90.0,64,0.5,0.5,0.25,0.25,Entropia potencial
1502509,0.00028842653051950554,0.5,0.0,0.1751153706122078,0.0,1.0,0.0,0.0,0.0,1.0,90.0,64,0.5,0.5,0.25,0.25,Entropia potencial
1502608,0.00010531168013327562,0.5,0.0,0.1750421246720533,0.0,1.0,0.0,0.0,0.0,1.0,90.0,64,0.5,0.5,0.25,0.25,Entropia potencial
1502707,0.0007874552779906396,0.5,0.0,0.17531498211119625,0.0,1.0,0.0,0.0,0.0,1.0,90.0,64,0.5,0.5,0.25,0.25,Entropia potencial
1502756,0.0004564027674210039,0.5,0.0,0.1751825611069684,0.0,1.0,0.0,0.0,0.0,1.0,90.0,64,0.5,0.5,0.25,0.25,Entropia potencial
1502764,0.00043370224735412953,0.5,0.0,0.17517348089894164,0.0,1.0,0.0,0.0,0.0,1.0,90.0,64,0.5,0.5,0.25,0.25,Entropia potencial
1502772,0.001566908868448742,0.5,0.0,0.1756267635473795,0.0,1.0,0.0,0.0,0.0,1.0,90.0,64,0.5,0.5,0.25,0.25,Entropia potencial
1502806,0.0003252158984851941,0.5,0.0,0.17513008635939406,0.0,1.0,0.0,0.0,0.0,1.0,90.0,64,0.5,0.5,0.25,0.25,Entropia potencial
1502855,0.00015960136986057353,0.5,0.0,0.17506384054794422,0.0,1.0,0.0,0.0,0.0,1.0,90.0,64,0.5,0.5,0.25,0.25,Entropia potencial
1502905,0.00044649712437966766,0.5,0.0,0.17517859884975184,0.0,1.0,0.0,0.0,0.0,1.0,90.0,64,0.5,0.5,0.25,0.25,Entropia potencial
1502939,0.001311435251402181,0.5,0.0,0.17552457410056085,0.0,1.0,0.0,0.0,0.0,1.0,90.0,64,0.5,0.5,0.25,0.25,Entropia potencial
1502954,0.0006183848745418858,0.5,0.0,0.17524735394981675,0.0,1.0,0.0,0.0,0.0,1.0,90.0,64,0.5,0.5,0.25,0.25,Entropia potencial
1503002,7.271503151678023e-05,0.5,0.0,0.1750290860126067,0.0,1.0,0.0,0.0,0.0,1.0,90.0,64,0.5,0.5,0.25,0.25,Entropia potencial
1503044,0.0005768139459064039,0.5,0.0,0.17523072557836256,0.0,1.0,0.0,0.0,0.0,1.0,90.0,64,0.5,0.5,0.25,0.25,Entropia potencial
1503077,0.0003102940039784213,0.5,0.0,0.17512411760159136,0.0,1.0,0.0,0.0,0.0,1.0,90.0,64,0.5,0.5,0.25,0.25,Entropia potencial
1503093,0.0005304212843027753,0.5,0.0,0.1752121685137211,0.0,1.0,0.0,0.0,0.0,1.0,90.0,64,0.5,0.5,0.25,0.25,Entropia potencial
1503101,0.0003987428332950102,0.5,0.0,0.175159497133318,0.0,1.0,0.0,0.0,0.0,1.0,90.0,64,0.5,0.5,0.25,0.25,Entropia potencial
1503200,0.00050578720808621,0.5,0.0,0.17520231488323448,0.0,1.0,0.0,0.0,0.0,1.0,90.0,64,0.5,0.5,0.25,0.25,Entropia potencial
1503309,0.0008434512332322082,0.5,0.0,0.17533738049329287,0.0,1.0,0.0,0.0,0.0,1.0,90.0,64,0.5,0.5,0.25,0.25,Entropia potencial
1503408,0.0001908268745043247,0.5,0.0,0.17507633074980172,0.0,1.0,0.0,0.0,0.0,1.0,90.0,64,0.5,0.5,0.25,0.25,Entropia potencial
1503457,0.0006202698010672543,0.5,0.0,0.1752481079204269,0.0,1.0,0.0,0.0,0.0,1.0,90.0,64,0.5,0.5,0.25,0.25,Entropia potencial
1503507,0.0003135363313218341,0.5,0.0,0.17512541453252872,0.0,1.0,0.0,0.0,0.0,1.0,90.0,64,0.5,0.5,0.25,0.25,Entropia potencial
1503606,0.003949626200199611,0.5,0.0,0.17657985048007982,0.0,1.0,0.0,0.0,0.0,1.0,90.0,64,0.5,0.5,0.25,0.25,Entropia potencial
1503705,0.0009185205728656433,0.5,0.0,0.17536740822914626,0.0,1.0,0.0,0.0,0.0,1.0,90.0,64,0.5,0.5,0.25,0.25,Entropia potencial
1503754,0.0006731576890151699,0.5,0.0,0.17526926307560606,0.0,1.0,0.0,0.0,0.0,1.0,90.0,64,0.5,0.5,0.25,0.25,Entropia potencial
1503804,0.0006740742517170737,0.5,0.0,0.17526962970068682,0.0,1.0,0.0,0.0,0.0,1.0,90.0,64,0.5,0.5,0.25,0.25,Entropia potencial
1503903,0.0013459347983617294,0.5,0.0,0.17553837391934468,0.0,1.0,0.0,0.0,0.0,1.0,90.0,64,0.5,0.5,0.25,0.25,Entropia potencial
1504000,0.0005334468926682294,0.5,0.0,0.17521337875706727,0.0,1.0,0.0,0.0,0.0,1.0,90.0,64,0.5,0.5,0.25,0.25,Entropia potencial
1504059,0.0004246846235395513,0.5,0.0,0.17516987384941582,0.0,1.0,0.0,0.0,0.0,1.0,90.0,64,0.5,0.5,0.25,0.25,Entropia potencial
1504109,9.417549616343186e-05,0.5,0.0,0.17503767019846536,0.0,1.0,0.0,0.0,0.0,1.0,90.0,64,0.5,0.5,0.25,0.25,Entropia potencial
1504208,0.012910567958967042,0.5,0.0,0.1801642271835868,0.0,1.0,0.0,0.0,0.0,1.0,90.0,64,0.5,0.5,0.25,0.25,Entropia potencial
1504307,0.0003065537515685763,0.5,0.0,0.1751226215006274,0.0,1.0,0.0,0.0,0.0,1.0,90.0,64,0.5,0.5,0.25,0.25,Entropia potencial
1504406,0.00029223444153710353,0.5,0.0,0.17511689377661482,0.0,1.0,0.0,0.0,0.0,1.0,90.0,64,0.5,0.5,0.25,0.25,Entropia potencial
1504422,0.002595230904371519,0.5,0.0,0.1760380923617486,0.0,1.0,0.0,0.0,0.0,1.0,90.0,64,0.5,0.5,0.25,0.25,Entropia potencial
1504455,0.0010130977920126086,0.5,0.0,0.17540523911680503,0.0,1.0,0.0,0.0,0.0,1.0,90.0,64,0.5,0.5,0.25,0.25,Entropia potencial
1504505,0.00026417197680580465,0.5,0.0,0.1751056687907223,0.0,1.0,0.0,0.0,0.0,1.0,90.0,64,0.5,0.5,0.25,0.25,Entropia potencial
1504604,0.0003812509688593699,0.5,0.0,0.17515250038754374,0.0,1.0,0.0,0.0,0.0,1.0,90.0,64,0.5,0.5,0.25,0.25,Entropia potencial
1504703,0.001603288056104928,0.5,0.0,0.17564131522244197,0.0,1.0,0.0,0.0,0.0,1.0,90.0,64,0.5,0.5,0.25,0.25,Entropia potencial
1504752,0.000468918552689561,0.5,0.0,0.1751875674210758,0.0,1.0,0.0,0.0,0.0,1.0,90.0,64,0.5,0.5,0.25,0.25,Entropia potencial
1504802,0.001102272894196796,0.5,0.0,0.1754409091576787,0.0,1.0,0.0,0.0,0.0,1.0,90.0,64,0.5,0.5,0.25,0.25,Entropia potencial
1504901,0.00039577959770857845,0.5,0.0,0.17515831183908342,0.0,1.0,0.0,0.0,0.0,1.0,90.0,64,0.5,0.5,0.25,0.25,Entropia potencial
1504950,0.000267718767884106,0.5,0.0,0.17510708750715362,0.0,1.0,0.0,0.0,0.0,1.0,90.0,64,0.5,0.5,0.25,0.25,Entropia potencial
1504976,0.0001914981747531239,0.5,0.0,0.17507659926990124,0.0,1.0,0.0,0.0,0.0,1.0,90.0,64,0.5,0.5,0.25,0.25,Entropia potencial
1505007,0.00015483355234547998,0.5,0.0,0.17506193342093818,0.0,1.0,0.0,0.0,0.0,1.0,90.0,64,0.5,0.5,0.25,0.25,Entropia potencial
1505031,0.0013312137653467232,0.5,0.0,0.17553248550613867,0.0,1.0,0.0,0.0,0.0,1.0,90.0,64,0.5,0.5,0.25,0.25,Entropia potencial
1505064,0.001281766951902495,0.5,0.0,0.17551270678076097,0.0,1.0,0.0,0.0,0.0,1.0,90.0,64,0.5,0.5,0.25,0.25,Entropia potencial
1505106,0.001016900417201476,0.5,0.0,0.1754067601668806,0.0,1.0,0.0,0.0,0.0,1.0,90.0,64,0.5,0.5,0.25,0.25,Entropia potencial
1505205,0.0004579948590346915,0.5,0.0,0.17518319794361387,0.0,1.0,0.0,0.0,0.0,1.0,90.0,64,0.5,0.5,0.25,0.25,Entropia potencial
1505304,0.001883334433754778,0.5,0.0,0.1757533337735019,0.0,1.0,0.0,0.0,0.0,1.0,90.0,64,0.5,0.5,0.25,0.25,Entropia potencial
1505403,0.0002225661617007002,0.5,0.0,0.17508902646468028,0.0,1.0,0.0,0.0,0.0,1.0,90.0,64,0.5,0.5,0.25,0.25,Entropia potencial
1505437,0.0018576379059633415,0.5,0.0,0.17574305516238534,0.0,1.0,0.0,0.0,0.0,1.0,90.0,64,0.5,0.5,0.25,0.25,Entropia potencial
1505486,0.0011109405961494017,0.5,0.0,0.17544437623845974,0.0,1.0,0.0,0.0,0.0,1.0,90.0,64,0.5,0.5,0.25,0.25,Entropia potencial
1505494,0.00010211692524843909,0.5,0.0,0.17504084677009937,0.0,1.0,0.0,0.0,0.0,1.0,90.0,64,0.5,0.5,0.25,0.25,Entropia potencial
1505502,0.005285465065685699,0.5,0.0,0.17711418602627427,0.0,1.0,0.0,0.0,0.0,1.0,90.0,64,0.5,0.5,0.25,0.25,Entropia potencial
1505536,0.026742090086347342,0.5,0.0,0.18569683603453893,0.0,1.0,0.0,0.0,0.0,1.0,90.0,64,0.5,0.5,0.25,0.25,Entropia potencial
1505551,0.00010509707548680909,0.5,0.0,0.1750420388301947,0.0,1.0,0.0,0.0,0.0,1.0,90.0,64,0.5,0.5,0.25,0.25,Entropia potencial
1505601,6.41181596691659e-05,0.5,0.0,0.17502564726386766,0.0,1.0,0.0,0.0,0.0,1.0,90.0,64,0.5,0.5,0.25,0.25,Entropia potencial
1505635,0.0003212198119647831,0.5,0.0,0.1751284879247859,0.0,1.0,0.0,0.0,0.0,1.0,90.0,64,0.5,0.5,0.25,0.25,Entropia potencial
1505650,0.0003785795110188729,0.5,0.0,0.17515143180440754,0.0,1.0,0.0,0.0,0.0,1.0,90.0,64,0.5,0.5,0.25,0.25,Entropia potencial
1505700,0.0002707961773711209,0.5,0.0,0.17510831847094843,0.0,1.0,0.0,0.0,0.0,1.0,90.0,64,0.5,0.5,0.25,0.25,Entropia potencial
1505809,0.0008977631234401751,0.5,0.0,0.17535910524937606,0.0,1.0,0.0,0.0,0.0,1.0,90.0,64,0.5,0.5,0.25,0.25,Entropia potencial
1505908,0.0004566533157028392,0.5,0.0,0.17518266132628113,0.0,1.0,0.0,0.0,0.0,1.0,90.0,64,0.5,0.5,0.25,0.25,Entropia potencial
1506005,0.0005007561563003275,0.5,0.0,0.1752003024625201,0.0,1.0,0.0,0.0,0.0,1.0,90.0,64,0.5,0.5,0.25,0.25,Entropia potencial
1506104,0.0004922787441820271,0.5,0.0,0.1751969114976728,0.0,1.0,0.0,0.0,0.0,1.0,90.0,64,0.5,0.5,0.25,0.25,Entropia potencial
1506112,0.00010799793829421856,0.5,0.0,0.1750431991753177,0.0,1.0,0.0,0.0,0.0,1.0,90.0,64,0.5,0.5,0.25,0.25,Entropia potencial
1506138,0.0034587672296146504,0.5,0.0,0.17638350689184584,0.0,1.0,0.0,0.0,0.0,1.0,90.0,64,0.5,0.5,0.25,0.25,Entropia potencial
1506161,0.0009002030619822672,0.5,0.0,0.1753600812247929,0.0,1.0,0.0,0.0,0.0,1.0,90.0,64,0.5,0.5,0.25,0.25,Entropia potencial
1506187,0.0009698057975424101,0.5,0.0,0.17538792231901695,0.0,1.0,0.0,0.0,0.0,1.0,90.0,64,0.5,0.5,0.25,0.25,Entropia potencial
1506195,0.0005237695974280595,0.5,0.0,0.1752095078389712,0.0,1.0,0.0,0.0,0.0,1.0,90.0,64,0.5,0.5,0.25,0.25,Entropia potencial
1506203,0.0007521797713734242,0.5,0.0,0.17530087190854937,0.0,1.0,0.0,0.0,0.0,1.0,90.0,64,0.5,0.5,0.25,0.25,Entropia potencial
1506302,0.0002264713319669431,0.5,0.0,0.17509058853278678,0.0,1.0,0.0,0.0,0.0,1.0,90.0,64,0.5,0.5,0.25,0.25,Entropia potencial
1506351,0.00027202460396813613,0.5,0.0,0.17510880984158725,0.0,1.0,0.0,0.0,0.0,1.0,90.0,64,0.5,0.5,0.25,0.25,Entropia potencial
1506401,8.195677446954026e-05,0.5,0.0,0.1750327827097878,0.0,1.0,0.0,0.0,0.0,1.0,90.0,64,0.5,0.5,0.25,0.25,Entropia potencial
1506500,0.0015698488463887585,0.5,0.0,0.1756279395385555,0.0,1.0,0.0,0.0,0.0,1.0,90.0,64,0.5,0.5,0.25,0.25,Entropia potencial
1506559,0.00022416142481162615,0.5,0.0,0.17508966456992464,0.0,1.0,0.0,0.0,0.0,1.0,90.0,64,0.5,0.5,0.25,0.25,Entropia potencial
1506583,0.0007141778342969126,0.5,0.0,0.17528567113371876,0.0,1.0,0.0,0.0,0.0,1.0,90.0,64,0.5,0.5,0.25,0.25,Entropia potencial
1506609,0.000506223817539366,0.5,0.0,0.17520248952701573,0.0,1.0,0.0,0.0,0.0,1.0,90.0,64,0.5,0.5,0.25,0.25,Entropia potencial
1506708,0.0018427138971250764,0.5,0.0,0.17573708555885,0.0,1.0,0.0,0.0,0.0,1.0,90.0,64,0.5,0.5,0.25,0.25,Entropia potencial
1506807,0.008186604850520649,0.5,0.0,0.17827464194020826,0.0,1.0,0.0,0.0,0.0,1.0,90.0,64,0.5,0.5,0.25,0.25,Entropia potencial
1506906,4.901231832256466e-05,0.5,0.0,0.17501960492732901,0.0,1.0,0.0,0.0,0.0,1.0,90.0,64,0.5,0.5,0.25,0.25,Entropia potencial
1507003,0.0005932719022423189,0.5,0.0,0.1752373087608969,0.0,1.0,0.0,0.0,0.0,1.0,90.0,64,0.5,0.5,0.25,0.25,Entropia potencial
1507102,0.00019012703078037971,0.5,0.0,0.17507605081231215,0.0,1.0,0.0,0.0,0.0,1.0,90.0,64,0.5,0.5,0.25,0.25,Entropia potencial
1507151,0.00042810561189406186,0.5,0.0,0.1751712422447576,0.0,1.0,0.0,0.0,0.0,1.0,90.0,64,0.5,0.5,0.25,0.25,Entropia potencial
1507201,0.0006007788362056624,0.5,0.0,0.17524031153448225,0.0,1.0,0.0,0.0,0.0,1.0,90.0,64,0.5,0.5,0.25,0.25,Entropia potencial
1507300,0.002113345156639799,0.5,0.0,0.1758453380626559,0.0,1.0,0.0,0.0,0.0,1.0,90.0,64,0.5,0.5,0.25,0.25,Entropia potencial
1507409,0.00032256769829111217,0.5,0.0,0.17512902707931643,0.0,1.0,0.0,0.0,0.0,1.0,90.0,64,0.5,0.5,0.25,0.25,Entropia potencial
1507458,0.0009683849667795971,0.5,0.0,0.17538735398671182,0.0,1.0,0.0,0.0,0.0,1.0,90.0,64,0.5,0.5,0.25,0.25,Entropia potencial
1507466,4.756188691885993e-05,0.5,0.0,0.17501902475476752,0.0,1.0,0.0,0.0,0.0,1.0,90.0,64,0.5,0.5,0.25,0.25,Entropia potencial
1507474,0.000193109295350242,0.5,0.0,0.1750772437181401,0.0,1.0,0.0,0.0,0.0,1.0,90.0,64,0.5,0.5,0.25,0.25,Entropia potencial
1507508,0.00020459962984504282,0.5,0.0,0.175081839851938,0.0,1.0,0.0,0.0,0.0,1.0,90.0,64,0.5,0.5,0.25,0.25,Entropia potencial
1507607,0.0009700584601557376,0.5,0.0,0.17538802338406229,0.0,1.0,0.0,0.0,0.0,1.0,90.0,64,0.5,0.5,0.25,0.25,Entropia potencial
1507706,0.0002574156305222209,0.5,0.0,0.17510296625220886,0.0,1.0,0.0,0.0,0.0,1.0,90.0,64,0.5,0.5,0.25,0.25,Entropia potencial
1507755,0.0001474629927633886,0.5,0.0,0.17505898519710533,0.0,1.0,0.0,0.0,0.0,1.0,90.0,64,0.5,0.5,0.25,0.25,Entropia potencial
1507805,0.00032382889702625776,0.5,0.0,0.1751295315588105,0.0,1.0,0.0,0.0,0.0,1.0,90.0,64,0.5,0.5,0.25,0.25,Entropia potencial
1507904,0.0002713892473547057,0.5,0.0,0.17510855569894188,0.0,1.0,0.0,0.0,0.0,1.0,90.0,64,0.5,0.5,0.25,0.25,Entropia potencial
1507953,0.0018151800152668477,0.5,0.0,0.17572607200610674,0.0,1.0,0.0,0.0,0.0,1.0,90.0,64,0.5,0.5,0.25,0.25,Entropia potencial
1507961,8.535767667487416e-05,0.5,0.0,0.17503414307066995,0.0,1.0,0.0,0.0,0.0,1.0,90.0,64,0.5,0.5,0.25,0.25,Entropia potencial
1507979,0.0009037572532207916,0.5,0.0,0.1753615029012883,0.0,1.0,0.0,0.0,0.0,1.0,90.0,64,0.5,0.5,0.25,0.25,Entropia potencial
1508001,0.0013495608768709913,0.5,0.0,0.17553982435074839,0.0,1.0,0.0,0.0,0.0,1.0,90.0,64,0.5,0.5,0.25,0.25,Entropia potencial
1508035,0.00033642291256002924,0.5,0.0,0.175134569165024,0.0,1.0,0.0,0.0,0.0,1.0,90.0,64,0.5,0.5,0.25,0.25,Entropia potencial
1508050,0.0003726287250338482,0.5,0.0,0.17514905149001353,0.0,1.0,0.0,0.0,0.0,1.0,90.0,64,0.5,0.5,0.25,0.25,Entropia potencial
1508084,0.0012193666865708073,0.5,0.0,0.17548774667462833,0.0,1.0,0.0,0.0,0.0,1.0,90.0,64,0.5,0.5,0.25,0.25,Entropia potencial
1508100,0.006320587848853397,0.5,0.0,0.17752823513954136,0.0,1.0,0.0,0.0,0.0,1.0,90.0,64,0.5,0.5,0.25,0.25,Entropia potencial
1508126,0.002412235513714603,0.5,0.0,0.17596489420548583,0.0,1.0,0.0,0.0,0.0,1.0,90.0,64,0.5,0.5,0.25,0.25,Entropia potencial
1508159,0.0008977356371307754,0.5,0.0,0.1753590942548523,0.0,1.0,0.0,0.0,0.0,1.0,90.0,64,0.5,0.5,0.25,0.25,Entropia potencial
1508209,0.0005278417998821926,0.5,0.0,0.17521113671995286,0.0,1.0,0.0,0.0,0.0,1.0,90.0,64,0.5,0.5,0.25,0.25,Entropia potencial
1508308,0.000718252151082538,0.5,0.0,0.175287300860433,0.0,1.0,0.0,0.0,0.0,1.0,90.0,64,0.5,0.5,0.25,0.25,Entropia potencial
1508357,0.004298087059110942,0.5,0.0,0.17671923482364438,0.0,1.0,0.0,0.0,0.0,1.0,90.0,64,0.5,0.5,0.25,0.25,Entropia potencial
1508407,0.0021883383803395122,0.5,0.0,0.1758753353521358,0.0,1.0,0.0,0.0,0.0,1.0,90.0,64,0.5,0.5,0.25,0.25,Entropia potencial
1600055,8.320634438147829e-05,0.5,0.0,0.17503328253775258,0.0,1.0,0.0,0.0,0.0,1.0,90.0,64,0.5,0.5,0.25,0.25,Entropia potencial
1600105,0.00017235818891925064,0.5,0.0,0.17506894327556768,0.0,1.0,0.0,0.0,0.0,1.0,90.0,64,0.5,0.5,0.25,0.25,Entropia potencial
1600154,0.0003915837068621469,0.5,0.0,0.17515663348274485,0.0,1.0,0.0,0.0,0.0,1.0,90.0,64,0.5,0.5,0.25,0.25,Entropia potencial
1600204,0.00022270887907642912,0.5,0.0,0.17508908355163055,0.0,1.0,0.0,0.0,0.0,1.0,90.0,64,0.5,0.5,0.25,0.25,Entropia potencial
1600212,7.771542549602467e-05,0.5,0.0,0.17503108617019839,0.0,1.0,0.0,0.0,0.0,1.0,90.0,64,0.5,0.5,0.25,0.25,Entropia potencial
1600238,0.00048413328210801466,0.5,0.0,0.1751936533128432,0.0,1.0,0.0,0.0,0.0,1.0,90.0,64,0.5,0.5,0.25,0.25,Entropia potencial
1600253,9.2340256428132e-05,0.5,0.0,0.17503693610257123,0.0,1.0,0.0,0.0,0.0,1.0,90.0,64,0.5,0.5,0.25,0.25,Entropia potencial
1600279,0.00121342752940899,0.5,0.0,0.1754853710117636,0.0,1.0,0.0,0.0,0.0,1.0,90.0,64,0.5,0.5,0.25,0.25,Entropia potencial
1600303,0.016439061612534136,0.5,0.0,0.18157562464501364,0.0,1.0,0.0,0.0,0.0,1.0,90.0,64,0.5,0.5,0.25,0.25,Entropia potencial
1600402,0.0004732899330498519,0.5,0.0,0.17518931597321993,0.0,1.0,0.0,0.0,0.0,1.0,90.0,64,0.5,0.5,0.25,0.25,Entropia potencial
1600501,0.0007145658141257461,0.5,0.0,0.1752858263256503,0.0,1.0,0.0,0.0,0.0,1.0,90.0,64,0.5,0.5,0.25,0.25,Entropia potencial
1600535,0.0004283128163803054,0.5,0.0,0.17517132512655212,0.0,1.0,0.0,0.0,0.0,1.0,90.0,64,0.5,0.5,0.25,0.25,Entropia potencial
1600550,6.532121428827375e-05,0.5,0.0,0.1750261284857153,0.0,1.0,0.0,0.0,0.0,1.0,90.0,64,0.5,0.5,0.25,0.25,Entropia potencial
1600600,0.00324580436155189,0.5,0.0,0.17629832174462073,0.0,1.0,0.0,0.0,0.0,1.0,90.0,64,0.5,0.5,0.25,0.25,Entropia potencial
1600709,0.0002598893983681896,0.5,0.0,0.17510395575934726,0.0,1.0,0.0,0.0,0.0,1.0,90.0,64,0.5,0.5,0.25,0.25,Entropia potencial
1600808,0.0002449897043420858,0.5,0.0,0.17509799588173683,0.0,1.0,0.0,0.0,0.0,1.0,90.0,64,0.5,0.5,0.25,0.25,Entropia potencial
1700251,9.393234804181955e-05,0.5,0.0,0.1750375729392167,0.0,1.0,0.0,0.0,0.0,1.0,90.0,64,0.5,0.5,0.25,0.25,Entropia potencial
1700301,0.00021492391052185068,0.5,0.0,0.17508596956420872,0.0,1.0,0.0,0.0,0.0,1.0,90.0,64,0.5,0.5,0.25,0.25,Entropia potencial
1700350,0.0002245726622868748,0.5,0.0,0.17508982906491474,0.0,1.0,0.0,0.0,0.0,1.0,90.0,64,0.5,0.5,0.25,0.25,Entropia potencial
1700400,0.0002671605843701438,0.5,0.0,0.17510686423374805,0.0,1.0,0.0,0.0,0.0,1.0,90.0,64,0.5,0.5,0.25,0.25,Entropia potencial
1700707,0.0006426944008743861,0.5,0.0,0.17525707776034974,0.0,1.0,0.0,0.0,0.0,1.0,90.0,64,0.5,0.5,0.25,0.25,Entropia potencial
1701002,0.0001613562649991667,0.5,0.0,0.17506454250599965,0.0,1.0,0.0,0.0,0.0,1.0,90.0,64,0.5,0.5,0.25,0.25,Entropia potencial
1701051,2.9842731847799444e-05,0.5,0.0,0.1750119370927391,0.0,1.0,0.0,0.0,0.0,1.0,90.0,64,0.5,0.5,0.25,0.25,Entropia potencial
1701101,0.00028271149249587015,0.5,0.0,0.17511308459699834,0.0,1.0,0.0,0.0,0.0,1.0,90.0,64,0.5,0.5,0.25,0.25,Entropia potencial
1701309,7.670688937420667e-05,0.5,0.0,0.17503068275574968,0.0,1.0,0.0,0.0,0.0,1.0,90.0,64,0.5,0.5,0.25,0.25,Entropia potencial
1701903,0.0003455864252475749,0.5,0.0,0.17513823457009903,0.0,1.0,0.0,0.0,0.0,1.0,90.0,64,0.5,0.5,0.25,0.25,Entropia potencial
1702000,0.0003886881298834681,0.5,0.0,0.17515547525195338,0.0,1.0,0.0,0.0,0.0,1.0,90.0,64,0.5,0.5,0.25,0.25,Entropia potencial
1702109,0.00649548746422637,0.5,0.0,0.17759819498569054,0.0,1.0,0.0,0.0,0.0,1.0,90.0,64,0.5,0.5,0.25,0.25,Entropia potencial
1702158,7.316644129038222e-05,0.5,0.0,0.17502926657651613,0.0,1.0,0.0,0.0,0.0,1.0,90.0,64,0.5,0.5,0.25,0.25,Entropia potencial
1702208,0.0008082148417476,0.5,0.0,0.17532328593669902,0.0,1.0,0.0,0.0,0.0,1.0,90.0,64,0.5,0.5,0.25,0.25,Entropia potencial
1702307,0.00013967273838007944,0.5,0.0,0.175055869095352,0.0,1.0,0.0,0.0,0.0,1.0,90.0,64,0.5,0.5,0.25,0.25,Entropia potencial
1702406,0.00019471090145564482,0.5,0.0,0.17507788436058225,0.0,1.0,0.0,0.0,0.0,1.0,90.0,64,0.5,0.5,0.25,0.25,Entropia potencial
1702554,0.0003444880300373349,0.5,0.0,0.17513779521201492,0.0,1.0,0.0,0.0,0.0,1.0,90.0,64,0.5,0.5,0.25,0.25,Entropia potencial
1702703,4.283107020488131e-05,0.5,0.0,0.17501713242808195,0.0,1.0,0.0,0.0,0.0,1.0,90.0,64,0.5,0.5,0.25,0.25,Entropia potencial
1702901,0.00015485152416316438,0.5,0.0,0.17506194060966526,0.0,1.0,0.0,0.0,0.0,1.0,90.0,64,0.5,0.5,0.25,0.25,Entropia potencial
1703008,0.0001355233628264781,0.5,0.0,0.17505420934513058,0.0,1.0,0.0,0.0,0.0,1.0,90.0,64,0.5,0.5,0.25,0.25,Entropia potencial
1703057,0.00020955139419996478,0.5,0.0,0.17508382055768,0.0,1.0,0.0,0.0,0.0,1.0,90.0,64,0.5,0.5,0.25,0.25,Entropia potencial
1703073,0.00010734989569183444,0.5,0.0,0.17504293995827672,0.0,1.0,0.0,0.0,0.0,1.0,90.0,64,0.5,0.5,0.25,0.25,Entropia potencial
1703107,0.00010939339707912398,0.5,0.0,0.17504375735883163,0.0,1.0,0.0,0.0,0.0,1.0,90.0,64,0.5,0.5,0.25,0.25,Entropia potencial
1703206,0.00010148685446373937,0.5,0.0,0.1750405947417855,0.0,1.0,0.0,0.0,0.0,1.0,90.0,64,0.5,0.5,0.25,0.25,Entropia potencial
1703305,0.00014450927166867212,0.5,0.0,0.17505780370866747,0.0,1.0,0.0,0.0,0.0,1.0,90.0,64,0.5,0.5,0.25,0.25,Entropia potencial
1703602,0.00010543113986258949,0.5,0.0,0.17504217245594503,0.0,1.0,0.0,0.0,0.0,1.0,90.0,64,0.5,0.5,0.25,0.25,Entropia potencial
1703701,0.0002578522399753769,0.5,0.0,0.17510314089599013,0.0,1.0,0.0,0.0,0.0,1.0,90.0,64,0.5,0.5,0.25,0.25,Entropia potencial
1703800,0.0001338128686492228,0.5,0.0,0.17505352514745967,0.0,1.0,0.0,0.0,0.0,1.0,90.0,64,0.5,0.5,0.25,0.25,Entropia potencial
1703826,2.5181688073066092e-05,0.5,0.0,0.17501007267522922,0.0,1.0,0.0,0.0,0.0,1.0,90.0,64,0.5,0.5,0.25,0.25,Entropia potencial
1703842,0.001290167190921327,0.5,0.0,0.17551606687636853,0.0,1.0,0.0,0.0,0.0,1.0,90.0,64,0.5,0.5,0.25,0.25,Entropia potencial
1703867,0.000956101757975191,0.5,0.0,0.17538244070319006,0.0,1.0,0.0,0.0,0.0,1.0,90.0,64,0.5,0.5,0.25,0.25,Entropia potencial
1703883,4.133835217133096e-05,0.5,0.0,0.17501653534086853,0.0,1.0,0.0,0.0,0.0,1.0,90.0,64,0.5,0.5,0.25,0.25,Entropia potencial
1703891,5.712817975568508e-05,0.5,0.0,0.17502285127190226,0.0,1.0,0.0,0.0,0.0,1.0,90.0,64,0.5,0.5,0.25,0.25,Entropia potencial
1703909,0.0004511021383698556,0.5,0.0,0.17518044085534792,0.0,1.0,0.0,0.0,0.0,1.0,90.0,64,0.5,0.5,0.25,0.25,Entropia potencial
1704105,6.210425892276829e-05,0.5,0.0,0.1750248417035691,0.0,1.0,0.0,0.0,0.0,1.0,90.0,64,0.5,0.5,0.25,0.25,Entropia potencial
1704600,2.5190145399035217e-05,0.5,0.0,0.1750100760581596,0.0,1.0,0.0,0.0,0.0,1.0,90.0,64,0.5,0.5,0.25,0.25,Entropia potencial
1705102,0.00015287039555489712,0.5,0.0,0.17506114815822194,0.0,1.0,0.0,0.0,0.0,1.0,90.0,64,0.5,0.5,0.25,0.25,Entropia potencial
1705508,0.0011610280520357914,0.5,0.0,0.1754644112208143,0.0,1.0,0.0,0.0,0.0,1.0,90.0,64,0.5,0.5,0.25,0.25,Entropia potencial
1705557,6.541847353691868e-05,0.5,0.0,0.17502616738941476,0.0,1.0,0.0,0.0,0.0,1.0,90.0,64,0.5,0.5,0.25,0.25,Entropia potencial
1705607,5.7201124192168766e-05,0.5,0.0,0.17502288044967684,0.0,1.0,0.0,0.0,0.0,1.0,90.0,64,0.5,0.5,0.25,0.25,Entropia potencial
1706001,0.00022561397054682314,0.5,0.0,0.17509024558821873,0.0,1.0,0.0,0.0,0.0,1.0,90.0,64,0.5,0.5,0.25,0.25,Entropia potencial
1706100,0.0001758574075389756,0.5,0.0,0.17507034296301557,0.0,1.0,0.0,0.0,0.0,1.0,90.0,64,0.5,0.5,0.25,0.25,Entropia potencial
1706258,6.544384551482604e-05,0.5,0.0,0.17502617753820593,0.0,1.0,0.0,0.0,0.0,1.0,90.0,64,0.5,0.5,0.25,0.25,Entropia potencial
1706506,0.00023985082165009692,0.5,0.0,0.17509594032866002,0.0,1.0,0.0,0.0,0.0,1.0,90.0,64,0.5,0.5,0.25,0.25,Entropia potencial
1707009,0.0008000334360382189,0.5,0.0,0.17532001337441527,0.0,1.0,0.0,0.0,0.0,1.0,90.0,64,0.5,0.5,0.25,0.25,Entropia potencial
1707108,0.00048661445011420645,0.5,0.0,0.17519464578004568,0.0,1.0,0.0,0.0,0.0,1.0,90.0,64,0.5,0.5,0.25,0.25,Entropia potencial
1707207,0.00018878971611151202,0.5,0.0,0.1750755158864446,0.0,1.0,0.0,0.0,0.0,1.0,90.0,64,0.5,0.5,0.25,0.25,Entropia potencial
1707306,0.00024071981189342437,0.5,0.0,0.17509628792475737,0.0,1.0,0.0,0.0,0.0,1.0,90.0,64,0.5,0.5,0.25,0.25,Entropia potencial
1707405,9.385728927384357e-05,0.5,0.0,0.17503754291570953,0.0,1.0,0.0,0.0,0.0,1.0,90.0,64,0.5,0.5,0.25,0.25,Entropia potencial
1707553,8.644444306190657e-05,0.5,0.0,0.17503457777722475,0.0,1.0,0.0,0.0,0.0,1.0,90.0,64,0.5,0.5,0.25,0.25,Entropia potencial
1707652,0.0003132487822388839,0.5,0.0,0.17512529951289554,0.0,1.0,0.0,0.0,0.0,1.0,90.0,64,0.5,0.5,0.25,0.25,Entropia potencial
1707702,0.0001172269952580249,0.5,0.0,0.1750468907981032,0.0,1.0,0.0,0.0,0.0,1.0,90.0,64,0.5,0.5,0.25,0.25,Entropia potencial
1708205,0.0008844058342376902,0.5,0.0,0.17535376233369507,0.0,1.0,0.0,0.0,0.0,1.0,90.0,64,0.5,0.5,0.25,0.25,Entropia potencial
1708254,0.00021151560815629378,0.5,0.0,0.1750846062432625,0.0,1.0,0.0,0.0,0.0,1.0,90.0,64,0.5,0.5,0.25,0.25,Entropia potencial
1708304,0.00020104120994353397,0.5,0.0,0.1750804164839774,0.0,1.0,0.0,0.0,0.0,1.0,90.0,64,0.5,0.5,0.25,0.25,Entropia potencial
1709005,0.0002495323455532514,0.5,0.0,0.1750998129382213,0.0,1.0,0.0,0.0,0.0,1.0,90.0,64,0.5,0.5,0.25,0.25,Entropia potencial
1709302,0.001057608698588107,0.5,0.0,0.17542304347943524,0.0,1.0,0.0,0.0,0.0,1.0,90.0,64,0.5,0.5,0.25,0.25,Entropia potencial
1709500,0.0034742282786519546,0.5,0.0,0.17638969131146076,0.0,1.0,0.0,0.0,0.0,1.0,90.0,64,0.5,0.5,0.25,0.25,Entropia potencial
1709807,2.9865989494214534e-05,0.5,0.0,0.17501194639579767,0.0,1.0,0.0,0.0,0.0,1.0,90.0,64,0.5,0.5,0.25,0.25,Entropia potencial
1710508,0.00014266346027591085,0.5,0.0,0.17505706538411037,0.0,1.0,0.0,0.0,0.0,1.0,90.0,64,0.5,0.5,0.25,0.25,Entropia potencial
1710706,7.133860171530534e-05,0.5,0.0,0.1750285354406861,0.0,1.0,0.0,0.0,0.0,1.0,90.0,64,0.5,0.5,0.25,0.25,Entropia potencial
1710904,0.0001432417299390497,0.5,0.0,0.17505729669197562,0.0,1.0,0.0,0.0,0.0,1.0,90.0,64,0.5,0.5,0.25,0.25,Entropia potencial
1711100,5.0947988803747864e-05,0.5,0.0,0.1750203791955215,0.0,1.0,0.0,0.0,0.0,1.0,90.0,64,0.5,0.5,0.25,0.25,Entropia potencial
1711506,7.836029660117036e-05,0.5,0.0,0.17503134411864046,0.0,1.0,0.0,0.0,0.0,1.0,90.0,64,0.5,0.5,0.25,0.25,Entropia potencial
1711803,2.8754908295020894e-05,0.5,0.0,0.175011501963318,0.0,1.0,0.0,0.0,0.0,1.0,90.0,64,0.5,0.5,0.25,0.25,Entropia potencial
1711902,0.0009733325024715345,0.5,0.0,0.1753893330009886,0.0,1.0,0.0,0.0,0.0,1.0,90.0,64,0.5,0.5,0.25,0.25,Entropia potencial
1711951,6.535927225513481e-05,0.5,0.0,0.17502614370890204,0.0,1.0,0.0,0.0,0.0,1.0,90.0,64,0.5,0.5,0.25,0.25,Entropia potencial
1712009,7.92673448113589e-05,0.5,0.0,0.17503170693792452,0.0,1.0,0.0,0.0,0.0,1.0,90.0,64,0.5,0.5,0.25,0.25,Entropia potencial
1712157,1.4829921086858573e-05,0.5,0.0,0.17500593196843472,0.0,1.0,0.0,0.0,0.0,1.0,90.0,64,0.5,0.5,0.25,0.25,Entropia potencial
1712405,4.4560593365567124e-05,0.5,0.0,0.17501782423734621,0.0,1.0,0.0,0.0,0.0,1.0,90.0,64,0.5,0.5,0.25,0.25,Entropia potencial
1712454,3.7685844518415624e-05,0.5,0.0,0.17501507433780736,0.0,1.0,0.0,0.0,0.0,1.0,90.0,64,0.5,0.5,0.25,0.25,Entropia potencial
1712504,0.00033334973173599887,0.5,0.0,0.1751333398926944,0.0,1.0,0.0,0.0,0.0,1.0,90.0,64,0.5,0.5,0.25,0.25,Entropia potencial
1712702,0.0003167892303227083,0.5,0.0,0.17512671569212906,0.0,1.0,0.0,0.0,0.0,1.0,90.0,64,0.5,0.5,0.25,0.25,Entropia potencial
1712801,3.5870690932292425e-05,0.5,0.0,0.1750143482763729,0.0,1.0,0.0,0.0,0.0,1.0,90.0,64,0.5,0.5,0.25,0.25,Entropia potencial
1713205,0.0007352852055843533,0.5,0.0,0.17529411408223372,0.0,1.0,0.0,0.0,0.0,1.0,90.0,64,0.5,0.5,0.25,0.25,Entropia potencial
1713304,0.00042587710650119774,0.5,0.0,0.17517035084260046,0.0,1.0,0.0,0.0,0.0,1.0,90.0,64,0.5,0.5,0.25,0.25,Entropia potencial
1713601,0.00032705748121497077,0.5,0.0,0.17513082299248597,0.0,1.0,0.0,0.0,0.0,1.0,90.0,64,0.5,0.5,0.25,0.25,Entropia potencial
1713700,5.669051313678293e-05,0.5,0.0,0.1750226762052547,0.0,1.0,0.0,0.0,0.0,1.0,90.0,64,0.5,0.5,0.25,0.25,Entropia potencial
1713809,7.808754783866611e-05,0.5,0.0,0.17503123501913545,0.0,1.0,0.0,0.0,0.0,1.0,90.0,64,0.5,0.5,0.25,0.25,Entropia potencial
1713957,5.237304822954523e-05,0.5,0.0,0.17502094921929182,0.0,1.0,0.0,0.0,0.0,1.0,90.0,64,0.5,0.5,0.25,0.25,Entropia potencial
1714203,0.00028011932208633374,0.5,0.0,0.1751120477288345,0.0,1.0,0.0,0.0,0.0,1.0,90.0,64,0.5,0.5,0.25,0.25,Entropia potencial
1714302,5.226310299194662e-05,0.5,0.0,0.17502090524119676,0.0,1.0,0.0,0.0,0.0,1.0,90.0,64,0.5,0.5,0.25,0.25,Entropia potencial
1714880,0.0003925562993485961,0.5,0.0,0.1751570225197394,0.0,1.0,0.0,0.0,0.0,1.0,90.0,64,0.5,0.5,0.25,0.25,Entropia potencial
1715002,9.545889537924639e-05,0.5,0.0,0.17503818355815168,0.0,1.0,0.0,0.0,0.0,1.0,90.0,64,0.5,0.5,0.25,0.25,Entropia potencial
1715101,0.00015108695694115813,0.5,0.0,0.17506043478277644,0.0,1.0,0.0,0.0,0.0,1.0,90.0,64,0.5,0.5,0.25,0.25,Entropia potencial
1715150,1.4441941258025016e-05,0.5,0.0,0.1750057767765032,0.0,1.0,0.0,0.0,0.0,1.0,90.0,64,0.5,0.5,0.25,0.25,Entropia potencial
1715259,2.705075711224245e-05,0.5,0.0,0.1750108203028449,0.0,1.0,0.0,0.0,0.0,1.0,90.0,64,0.5,0.5,0.25,0.25,Entropia potencial
1715507,1.3871071755109158e-05,0.5,0.0,0.17500554842870203,0.0,1.0,0.0,0.0,0.0,1.0,90.0,64,0.5,0.5,0.25,0.25,Entropia potencial
1715705,0.0002275538696909909,0.5,0.0,0.1750910215478764,0.0,1.0,0.0,0.0,0.0,1.0,90.0,64,0.5,0.5,0.25,0.25,Entropia potencial
1715754,0.00018470482766842522,0.5,0.0,0.17507388193106735,0.0,1.0,0.0,0.0,0.0,1.0,90.0,64,0.5,0.5,0.25,0.25,Entropia potencial
1716109,0.002141723713929194,0.5,0.0,0.17585668948557168,0.0,1.0,0.0,0.0,0.0,1.0,90.0,64,0.5,0.5,0.25,0.25,Entropia potencial
1716208,0.00032636186615401033,0.5,0.0,0.17513054474646159,0.0,1.0,0.0,0.0,0.0,1.0,90.0,64,0.5,0.5,0.25,0.25,Entropia potencial
1716307,7.616773484367502e-05,0.5,0.0,0.17503046709393746,0.0,1.0,0.0,0.0,0.0,1.0,90.0,64,0.5,0.5,0.25,0.25,Entropia potencial
1716505,0.0009759299587098017,0.5,0.0,0.17539037198348392,0.0,1.0,0.0,0.0,0.0,1.0,90.0,64,0.5,0.5,0.25,0.25,Entropia potencial
1716604,0.0009741422914330782,0.5,0.0,0.1753896569165732,0.0,1.0,0.0,0.0,0.0,1.0,90.0,64,0.5,0.5,0.25,0.25,Entropia potencial
1716653,0.00012215867346377022,0.5,0.0,0.1750488634693855,0.0,1.0,0.0,0.0,0.0,1.0,90.0,64,0.5,0.5,0.25,0.25,Entropia potencial
1716703,0.0001941675182621286,0.5,0.0,0.17507766700730484,0.0,1.0,0.0,0.0,0.0,1.0,90.0,64,0.5,0.5,0.25,0.25,Entropia potencial
1717008,9.215736675404969e-05,0.5,0.0,0.17503686294670162,0.0,1.0,0.0,0.0,0.0,1.0,90.0,64,0.5,0.5,0.25,0.25,Entropia potencial
1717206,8.580485778549158e-05,0.5,0.0,0.1750343219431142,0.0,1.0,0.0,0.0,0.0,1.0,90.0,64,0.5,0.5,0.25,0.25,Entropia potencial
1717503,0.00038267602828516727,0.5,0.0,0.17515307041131406,0.0,1.0,0.0,0.0,0.0,1.0,90.0,64,0.5,0.5,0.25,0.25,Entropia potencial
1717800,5.3129978903781804e-05,0.5,0.0,0.1750212519915615,0.0,1.0,0.0,0.0,0.0,1.0,90.0,64,0.5,0.5,0.25,0.25,Entropia potencial
1717909,0.00011028670213461268,0.5,0.0,0.17504411468085385,0.0,1.0,0.0,0.0,0.0,1.0,90.0,64,0.5,0.5,0.25,0.25,Entropia potencial
1718006,3.187143291464301e-05,0.5,0.0,0.17501274857316584,0.0,1.0,0.0,0.0,0.0,1.0,90.0,64,0.5,0.5,0.25,0.25,Entropia potencial
1718204,0.004048043045336559,0.5,0.0,0.17661921721813462,0.0,1.0,0.0,0.0,0.0,1.0,90.0,64,0.5,0.5,0.25,0.25,Entropia potencial
1718303,0.00011777989294325638,0.5,0.0,0.1750471119571773,0.0,1.0,0.0,0.0,0.0,1.0,90.0,64,0.5,0.5,0.25,0.25,Entropia potencial
1718402,5.376533551721224e-05,0.5,0.0,0.17502150613420686,0.0,1.0,0.0,0.0,0.0,1.0,90.0,64,0.5,0.5,0.25,0.25,Entropia potencial
1718451,8.497392550902517e-05,0.5,0.0,0.1750339895702036,0.0,1.0,0.0,0.0,0.0,1.0,90.0,64,0.5,0.5,0.25,0.25,Entropia potencial
1718501,0.0001518745454220328,0.5,0.0,0.1750607498181688,0.0,1.0,0.0,0.0,0.0,1.0,90.0,64,0.5,0.5,0.25,0.25,Entropia potencial
1718550,4.822050117870544e-05,0.5,0.0,0.17501928820047147,0.0,1.0,0.0,0.0,0.0,1.0,90.0,64,0.5,0.5,0.25,0.25,Entropia potencial
1718659,9.239628621267745e-06,0.5,0.0,0.1750036958514485,0.0,1.0,0.0,0.0,0.0,1.0,90.0,64,0.5,0.5,0.25,0.25,Entropia potencial
1718709,7.782537073362328e-05,0.5,0.0,0.17503113014829344,0.0,1.0,0.0,0.0,0.0,1.0,90.0,64,0.5,0.5,0.25,0.25,Entropia potencial
1718758,8.929350474775515e-05,0.5,0.0,0.1750357174018991,0.0,1.0,0.0,0.0,0.0,1.0,90.0,64,0.5,0.5,0.25,0.25,Entropia potencial
1718808,7.069795927314421e-05,0.5,0.0,0.17502827918370925,0.0,1.0,0.0,0.0,0.0,1.0,90.0,64,0.5,0.5,0.25,0.25,Entropia potencial
1718840,0.00010455686379053132,0.5,0.0,0.1750418227455162,0.0,1.0,0.0,0.0,0.0,1.0,90.0,64,0.5,0.5,0.25,0.25,Entropia potencial
1718865,0.00018449022302195872,0.5,0.0,0.17507379608920878,0.0,1.0,0.0,0.0,0.0,1.0,90.0,64,0.5,0.5,0.25,0.25,Entropia potencial
1718881,9.677718106468356e-05,0.5,0.0,0.17503871087242587,0.0,1.0,0.0,0.0,0.0,1.0,90.0,64,0.5,0.5,0.25,0.25,Entropia potencial
1718899,0.00021296075373126782,0.5,0.0,0.1750851843014925,0.0,1.0,0.0,0.0,0.0,1.0,90.0,64,0.5,0.5,0.25,0.25,Entropia potencial
1718907,0.0004691479576564735,0.5,0.0,0.1751876591830626,0.0,1.0,0.0,0.0,0.0,1.0,90.0,64,0.5,0.5,0.25,0.25,Entropia potencial
1719004,2.7725228858280078e-05,0.5,0.0,0.1750110900915433,0.0,1.0,0.0,0.0,0.0,1.0,90.0,64,0.5,0.5,0.25,0.25,Entropia potencial
1720002,2.3074756741008127e-05,0.5,0.0,0.1750092299026964,0.0,1.0,0.0,0.0,0.0,1.0,90.0,64,0.5,0.5,0.25,0.25,Entropia potencial
1720101,6.22797484366276e-05,0.5,0.0,0.17502491189937464,0.0,1.0,0.0,0.0,0.0,1.0,90.0,64,0.5,0.5,0.25,0.25,Entropia potencial
1720150,1.2687046119431827e-05,0.5,0.0,0.17500507481844776,0.0,1.0,0.0,0.0,0.0,1.0,90.0,64,0.5,0.5,0.25,0.25,Entropia potencial
1720200,0.0002249014408339245,0.5,0.0,0.17508996057633355,0.0,1.0,0.0,0.0,0.0,1.0,90.0,64,0.5,0.5,0.25,0.25,Entropia potencial
1720259,3.030048461587827e-05,0.5,0.0,0.17501212019384635,0.0,1.0,0.0,0.0,0.0,1.0,90.0,64,0.5,0.5,0.25,0.25,Entropia potencial
1720309,4.273698245347481e-05,0.5,0.0,0.1750170947929814,0.0,1.0,0.0,0.0,0.0,1.0,90.0,64,0.5,0.5,0.25,0.25,Entropia potencial
1720499,0.00016700575874654142,0.5,0.0,0.1750668023034986,0.0,1.0,0.0,0.0,0.0,1.0,90.0,64,0.5,0.5,0.25,0.25,Entropia potencial
1720655,0.00028093862553959256,0.5,0.0,0.17511237545021582,0.0,1.0,0.0,0.0,0.0,1.0,90.0,64,0.5,0.5,0.25,0.25,Entropia potencial
1720804,0.0001470580982826168,0.5,0.0,0.17505882323931304,0.0,1.0,0.0,0.0,0.0,1.0,90.0,64,0.5,0.5,0.25,0.25,Entropia potencial
1720853,0.00014702004031575574,0.5,0.0,0.1750588080161263,0.0,1.0,0.0,0.0,0.0,1.0,90.0,64,0.5,0.5,0.25,0.25,Entropia potencial
1720903,0.0003101586867629153,0.5,0.0,0.17512406347470516,0.0,1.0,0.0,0.0,0.0,1.0,90.0,64,0.5,0.5,0.25,0.25,Entropia potencial
1720937,1.5007524932210171e-05,0.5,0.0,0.17500600300997288,0.0,1.0,0.0,0.0,0.0,1.0,90.0,64,0.5,0.5,0.25,0.25,Entropia potencial
1720978,0.00014916925827765932,0.5,0.0,0.17505966770331105,0.0,1.0,0.0,0.0,0.0,1.0,90.0,64,0.5,0.5,0.25,0.25,Entropia potencial
1721000,0.012612580421439442,0.5,0.0,0.18004503216857576,0.0,1.0,0.0,0.0,0.0,1.0,90.0,64,0.5,0.5,0.25,0.25,Entropia potencial
1721109,0.00014609079162489826,0.5,0.0,0.17505843631664994,0.0,1.0,0.0,0.0,0.0,1.0,90.0,64,0.5,0.5,0.25,0.25,Entropia potencial
1721208,0.00045169309402194813,0.5,0.0,0.17518067723760877,0.0,1.0,0.0,0.0,0.0,1.0,90.0,64,0.5,0.5,0.25,0.25,Entropia potencial
1721257,9.617036792639894e-05,0.5,0.0,0.17503846814717056,0.0,1.0,0.0,0.0,0.0,1.0,90.0,64,0.5,0.5,0.25,0.25,Entropia potencial
1721307,1.8357683181729332e-05,0.5,0.0,0.17500734307327268,0.0,1.0,0.0,0.0,0.0,1.0,90.0,64,0.5,0.5,0.25,0.25,Entropia potencial
1722081,0.00018176484972840857,0.5,0.0,0.17507270593989135,0.0,1.0,0.0,0.0,0.0,1.0,90.0,64,0.5,0.5,0.25,0.25,Entropia potencial
1722107,0.00061081556779952,0.5,0.0,0.1752443262271198,0.0,1.0,0.0,0.0,0.0,1.0,90.0,64,0.5,0.5,0.25,0.25,Entropia potencial
2100055,0.004363911484294378,0.5,0.0,0.17674556459371774,0.0,1.0,0.0,0.0,0.0,1.0,90.0,64,0.5,0.5,0.25,0.25,Entropia potencial
2100105,0.00010199006535890225,0.5,0.0,0.17504079602614356,0.0,1.0,0.0,0.0,0.0,1.0,90.0,64,0.5,0.5,0.25,0.25,Entropia potencial
2100154,0.00010545862617198913,0.5,0.0,0.1750421834504688,0.0,1.0,0.0,0.0,0.0,1.0,90.0,64,0.5,0.5,0.25,0.25,Entropia potencial
2100204,0.0001402457222144876,0.5,0.0,0.1750560982888858,0.0,1.0,0.0,0.0,0.0,1.0,90.0,64,0.5,0.5,0.25,0.25,Entropia potencial
2100303,0.00036826580199952647,0.5,0.0,0.1751473063207998,0.0,1.0,0.0,0.0,0.0,1.0,90.0,64,0.5,0.5,0.25,0.25,Entropia potencial
2100402,6.165179198342017e-05,0.5,0.0,0.17502466071679335,0.0,1.0,0.0,0.0,0.0,1.0,90.0,64,0.5,0.5,0.25,0.25,Entropia potencial
2100436,0.00035828192869297583,0.5,0.0,0.17514331277147718,0.0,1.0,0.0,0.0,0.0,1.0,90.0,64,0.5,0.5,0.25,0.25,Entropia potencial
2100477,0.0002762691244388901,0.5,0.0,0.17511050764977554,0.0,1.0,0.0,0.0,0.0,1.0,90.0,64,0.5,0.5,0.25,0.25,Entropia potencial
2100501,0.0008098619059800869,0.5,0.0,0.17532394476239202,0.0,1.0,0.0,0.0,0.0,1.0,90.0,64,0.5,0.5,0.25,0.25,Entropia potencial
2100550,5.953851765688536e-05,0.5,0.0,0.17502381540706274,0.0,1.0,0.0,0.0,0.0,1.0,90.0,64,0.5,0.5,0.25,0.25,Entropia potencial
2100600,0.00043778713579721633,0.5,0.0,0.1751751148543189,0.0,1.0,0.0,0.0,0.0,1.0,90.0,64,0.5,0.5,0.25,0.25,Entropia potencial
2100709,0.00022742172397272335,0.5,0.0,0.17509096868958907,0.0,1.0,0.0,0.0,0.0,1.0,90.0,64,0.5,0.5,0.25,0.25,Entropia potencial
2100808,0.00016608919604463762,0.5,0.0,0.17506643567841784,0.0,1.0,0.0,0.0,0.0,1.0,90.0,64,0.5,0.5,0.25,0.25,Entropia potencial
2100832,0.00013908072556224077,0.5,0.0,0.1750556322902249,0.0,1.0,0.0,0.0,0.0,1.0,90.0,64,0.5,0.5,0.25,0.25,Entropia potencial
2100873,9.638180107562703e-05,0.5,0.0,0.17503855272043023,0.0,1.0,0.0,0.0,0.0,1.0,90.0,64,0.5,0.5,0.25,0.25,Entropia potencial
2100907,0.00030662352450782157,0.5,0.0,0.17512264940980313,0.0,1.0,0.0,0.0,0.0,1.0,90.0,64,0.5,0.5,0.25,0.25,Entropia potencial
2100956,0.00029081149644279847,0.5,0.0,0.1751163245985771,0.0,1.0,0.0,0.0,0.0,1.0,90.0,64,0.5,0.5,0.25,0.25,Entropia potencial
2101004,0.0003617610611635241,0.5,0.0,0.1751447044244654,0.0,1.0,0.0,0.0,0.0,1.0,90.0,64,0.5,0.5,0.25,0.25,Entropia potencial
2101103,9.05927614497618e-05,0.5,0.0,0.17503623710457988,0.0,1.0,0.0,0.0,0.0,1.0,90.0,64,0.5,0.5,0.25,0.25,Entropia potencial
2101202,0.0018260392218112027,0.5,0.0,0.17573041568872447,0.0,1.0,0.0,0.0,0.0,1.0,90.0,64,0.5,0.5,0.25,0.25,Entropia potencial
2101251,0.00045388036995071274,0.5,0.0,0.17518155214798029,0.0,1.0,0.0,0.0,0.0,1.0,90.0,64,0.5,0.5,0.25,0.25,Entropia potencial
2101301,0.00012425714746985904,0.5,0.0,0.17504970285898794,0.0,1.0,0.0,0.0,0.0,1.0,90.0,64,0.5,0.5,0.25,0.25,Entropia potencial
2101350,2.5860388482088278e-05,0.5,0.0,0.17501034415539282,0.0,1.0,0.0,0.0,0.0,1.0,90.0,64,0.5,0.5,0.25,0.25,Entropia potencial
2101400,0.008446109440557244,0.5,0.0,0.1783784437762229,0.0,1.0,0.0,0.0,0.0,1.0,90.0,64,0.5,0.5,0.25,0.25,Entropia potencial
2101509,0.00028834195725981434,0.5,0.0,0.17511533678290392,0.0,1.0,0.0,0.0,0.0,1.0,90.0,64,0.5,0.5,0.25,0.25,Entropia potencial
2101608,0.0010713433959619642,0.5,0.0,0.17542853735838476,0.0,1.0,0.0,0.0,0.0,1.0,90.0,64,0.5,0.5,0.25,0.25,Entropia potencial
2101707,0.0007743083647716366,0.5,0.0,0.17530972334590864,0.0,1.0,0.0,0.0,0.0,1.0,90.0,64,0.5,0.5,0.25,0.25,Entropia potencial
2101731,7.469298862780906e-05,0.5,0.0,0.1750298771954511,0.0,1.0,0.0,0.0,0.0,1.0,90.0,64,0.5,0.5,0.25,0.25,Entropia potencial
2101772,0.00010955725776977575,0.5,0.0,0.1750438229031079,0.0,1.0,0.0,0.0,0.0,1.0,90.0,64,0.5,0.5,0.25,0.25,Entropia potencial
2101806,7.890367979468657e-05,0.5,0.0,0.17503156147191787,0.0,1.0,0.0,0.0,0.0,1.0,90.0,64,0.5,0.5,0.25,0.25,Entropia potencial
2101905,0.0001456140098733889,0.5,0.0,0.17505824560394934,0.0,1.0,0.0,0.0,0.0,1.0,90.0,64,0.5,0.5,0.25,0.25,Entropia potencial
2101939,8.913070122284952e-05,0.5,0.0,0.17503565228048912,0.0,1.0,0.0,0.0,0.0,1.0,90.0,64,0.5,0.5,0.25,0.25,Entropia potencial
2101970,6.296056317714208e-05,0.5,0.0,0.17502518422527086,0.0,1.0,0.0,0.0,0.0,1.0,90.0,64,0.5,0.5,0.25,0.25,Entropia potencial
2102002,0.0005086352126063124,0.5,0.0,0.1752034540850425,0.0,1.0,0.0,0.0,0.0,1.0,90.0,64,0.5,0.5,0.25,0.25,Entropia potencial
2102036,0.000427143591065074,0.5,0.0,0.17517085743642602,0.0,1.0,0.0,0.0,0.0,1.0,90.0,64,0.5,0.5,0.25,0.25,Entropia potencial
2102077,0.0001139127806438745,0.5,0.0,0.17504556511225755,0.0,1.0,0.0,0.0,0.0,1.0,90.0,64,0.5,0.5,0.25,0.25,Entropia potencial
2102101,0.0003862407911811529,0.5,0.0,0.17515449631647245,0.0,1.0,0.0,0.0,0.0,1.0,90.0,64,0.5,0.5,0.25,0.25,Entropia potencial
2102150,6.447336735986909e-05,0.5,0.0,0.17502578934694393,0.0,1.0,0.0,0.0,0.0,1.0,90.0,64,0.5,0.5,0.25,0.25,Entropia potencial
2102200,0.00031322129592948423,0.5,0.0,0.17512528851837178,0.0,1.0,0.0,0.0,0.0,1.0,90.0,64,0.5,0.5,0.25,0.25,Entropia potencial
2102309,0.0002980530818038607,0.5,0.0,0.17511922123272153,0.0,1.0,0.0,0.0,0.0,1.0,90.0,64,0.5,0.5,0.25,0.25,Entropia potencial
2102325,0.0010298020679673742,0.5,0.0,0.17541192082718693,0.0,1.0,0.0,0.0,0.0,1.0,90.0,64,0.5,0.5,0.25,0.25,Entropia potencial
2102358,0.00012539148631546777,0.5,0.0,0.17505015659452616,0.0,1.0,0.0,0.0,0.0,1.0,90.0,64,0.5,0.5,0.25,0.25,Entropia potencial
2102374,5.791576823655974e-05,0.5,0.0,0.17502316630729461,0.0,1.0,0.0,0.0,0.0,1.0,90.0,64,0.5,0.5,0.25,0.25,Entropia potencial
2102408,5.580460824151721e-05,0.5,0.0,0.1750223218432966,0.0,1.0,0.0,0.0,0.0,1.0,90.0,64,0.5,0.5,0.25,0.25,Entropia potencial
2102507,0.00012019340234169506,0.5,0.0,0.17504807736093667,0.0,1.0,0.0,0.0,0.0,1.0,90.0,64,0.5,0.5,0.25,0.25,Entropia potencial
2102556,0.0002737551842945681,0.5,0.0,0.1751095020737178,0.0,1.0,0.0,0.0,0.0,1.0,90.0,64,0.5,0.5,0.25,0.25,Entropia potencial
2102606,0.00016542635312180752,0.5,0.0,0.1750661705412487,0.0,1.0,0.0,0.0,0.0,1.0,90.0,64,0.5,0.5,0.25,0.25,Entropia potencial
2102705,0.00017789033726880373,0.5,0.0,0.1750711561349075,0.0,1.0,0.0,0.0,0.0,1.0,90.0,64,0.5,0.5,0.25,0.25,Entropia potencial
2102754,0.0003060346831872213,0.5,0.0,0.17512241387327487,0.0,1.0,0.0,0.0,0.0,1.0,90.0,64,0.5,0.5,0.25,0.25,Entropia potencial
2102804,0.0006673570205660972,0.5,0.0,0.17526694280822644,0.0,1.0,0.0,0.0,0.0,1.0,90.0,64,0.5,0.5,0.25,0.25,Entropia potencial
2102903,0.00022682125382891556,0.5,0.0,0.17509072850153157,0.0,1.0,0.0,0.0,0.0,1.0,90.0,64,0.5,0.5,0.25,0.25,Entropia potencial
2103000,0.002557336798201114,0.5,0.0,0.17602293471928043,0.0,1.0,0.0,0.0,0.0,1.0,90.0,64,0.5,0.5,0.25,0.25,Entropia potencial
2103109,6.660778500132671e-05,0.5,0.0,0.1750266431140005,0.0,1.0,0.0,0.0,0.0,1.0,90.0,64,0.5,0.5,0.25,0.25,Entropia potencial
2103125,5.060018127326765e-05,0.5,0.0,0.1750202400725093,0.0,1.0,0.0,0.0,0.0,1.0,90.0,64,0.5,0.5,0.25,0.25,Entropia potencial
2103158,0.00011192108037814586,0.5,0.0,0.17504476843215125,0.0,1.0,0.0,0.0,0.0,1.0,90.0,64,0.5,0.5,0.25,0.25,Entropia potencial
2103174,0.00020380041254096061,0.5,0.0,0.17508152016501638,0.0,1.0,0.0,0.0,0.0,1.0,90.0,64,0.5,0.5,0.25,0.25,Entropia potencial
2103208,0.0010798292654062337,0.5,0.0,0.17543193170616248,0.0,1.0,0.0,0.0,0.0,1.0,90.0,64,0.5,0.5,0.25,0.25,Entropia potencial
2103257,0.00022319411815390763,0.5,0.0,0.17508927764726157,0.0,1.0,0.0,0.0,0.0,1.0,90.0,64,0.5,0.5,0.25,0.25,Entropia potencial
2103307,0.0017049155136129041,0.5,0.0,0.17568196620544516,0.0,1.0,0.0,0.0,0.0,1.0,90.0,64,0.5,0.5,0.25,0.25,Entropia potencial
2103406,0.0005396101689682283,0.5,0.0,0.17521584406758728,0.0,1.0,0.0,0.0,0.0,1.0,90.0,64,0.5,0.5,0.25,0.25,Entropia potencial
2103505,0.0007043567645152676,0.5,0.0,0.1752817427058061,0.0,1.0,0.0,0.0,0.0,1.0,90.0,64,0.5,0.5,0.25,0.25,Entropia potencial
2103554,0.0001511905591842799,0.5,0.0,0.1750604762236737,0.0,1.0,0.0,0.0,0.0,1.0,90.0,64,0.5,0.5,0.25,0.25,Entropia potencial
2103604,0.0006069928564614761,0.5,0.0,0.1752427971425846,0.0,1.0,0.0,0.0,0.0,1.0,90.0,64,0.5,0.5,0.25,0.25,Entropia potencial
2103703,0.0002979737943729002,0.5,0.0,0.17511918951774916,0.0,1.0,0.0,0.0,0.0,1.0,90.0,64,0.5,0.5,0.25,0.25,Entropia potencial
2103752,0.00020887163662519647,0.5,0.0,0.17508354865465006,0.0,1.0,0.0,0.0,0.0,1.0,90.0,64,0.5,0.5,0.25,0.25,Entropia potencial
2103802,0.00029080303911682936,0.5,0.0,0.17511632121564671,0.0,1.0,0.0,0.0,0.0,1.0,90.0,64,0.5,0.5,0.25,0.25,Entropia potencial
2103901,9.393129087607341e-05,0.5,0.0,0.1750375725163504,0.0,1.0,0.0,0.0,0.0,1.0,90.0,64,0.5,0.5,0.25,0.25,Entropia potencial
2104008,0.00017343966947755234,0.5,0.0,0.175069375867791,0.0,1.0,0.0,0.0,0.0,1.0,90.0,64,0.5,0.5,0.25,0.25,Entropia potencial
2104057,0.0011461442154958796,0.5,0.0,0.17545845768619833,0.0,1.0,0.0,0.0,0.0,1.0,90.0,64,0.5,0.5,0.25,0.25,Entropia potencial
2104073,0.00011857911024733855,0.5,0.0,0.17504743164409892,0.0,1.0,0.0,0.0,0.0,1.0,90.0,64,0.5,0.5,0.25,0.25,Entropia potencial
2104081,0.0001271051519899615,0.5,0.0,0.17505084206079596,0.0,1.0,0.0,0.0,0.0,1.0,90.0,64,0.5,0.5,0.25,0.25,Entropia potencial
2104099,0.0002126573471621255,0.5,0.0,0.17508506293886483,0.0,1.0,0.0,0.0,0.0,1.0,90.0,64,0.5,0.5,0.25,0.25,Entropia potencial
2104107,0.0004255430421254174,0.5,0.0,0.17517021721685017,0.0,1.0,0.0,0.0,0.0,1.0,90.0,64,0.5,0.5,0.25,0.25,Entropia potencial
2104206,0.0001961993908262106,0.5,0.0,0.17507847975633048,0.0,1.0,0.0,0.0,0.0,1.0,90.0,64,0.5,0.5,0.25,0.25,Entropia potencial
2104305,0.0010112551521170858,0.5,0.0,0.17540450206084682,0.0,1.0,0.0,0.0,0.0,1.0,90.0,64,0.5,0.5,0.25,0.25,Entropia potencial
2104404,0.00015860446256196306,0.5,0.0,0.17506344178502478,0.0,1.0,0.0,0.0,0.0,1.0,90.0,64,0.5,0.5,0.25,0.25,Entropia potencial
2104503,8.082032129243924e-05,0.5,0.0,0.17503232812851696,0.0,1.0,0.0,0.0,0.0,1.0,90.0,64,0.5,0.5,0.25,0.25,Entropia potencial
2104552,0.00038226373364417247,0.5,0.0,0.17515290549345766,0.0,1.0,0.0,0.0,0.0,1.0,90.0,64,0.5,0.5,0.25,0.25,Entropia potencial
2104602,0.00015891209779408992,0.5,0.0,0.1750635648391176,0.0,1.0,0.0,0.0,0.0,1.0,90.0,64,0.5,0.5,0.25,0.25,Entropia potencial
2104628,8.347697881249026e-05,0.5,0.0,0.175033390791525,0.0,1.0,0.0,0.0,0.0,1.0,90.0,64,0.5,0.5,0.25,0.25,Entropia potencial
2104651,8.701319823333014e-05,0.5,0.0,0.17503480527929333,0.0,1.0,0.0,0.0,0.0,1.0,90.0,64,0.5,0.5,0.25,0.25,Entropia potencial
2104677,0.0002956237149192299,0.5,0.0,0.1751182494859677,0.0,1.0,0.0,0.0,0.0,1.0,90.0,64,0.5,0.5,0.25,0.25,Entropia potencial
2104701,3.85812639053966e-05,0.5,0.0,0.17501543250556215,0.0,1.0,0.0,0.0,0.0,1.0,90.0,64,0.5,0.5,0.25,0.25,Entropia potencial
2104800,0.0013177053014425404,0.5,0.0,0.175527082120577,0.0,1.0,0.0,0.0,0.0,1.0,90.0,64,0.5,0.5,0.25,0.25,Entropia potencial
2104909,8.450348675199266e-05,0.5,0.0,0.1750338013947008,0.0,1.0,0.0,0.0,0.0,1.0,90.0,64,0.5,0.5,0.25,0.25,Entropia potencial
2105005,0.00019777351062221377,0.5,0.0,0.17507910940424887,0.0,1.0,0.0,0.0,0.0,1.0,90.0,64,0.5,0.5,0.25,0.25,Entropia potencial
2105104,0.00017657416591485884,0.5,0.0,0.17507062966636594,0.0,1.0,0.0,0.0,0.0,1.0,90.0,64,0.5,0.5,0.25,0.25,Entropia potencial
2105153,0.0004457687371805769,0.5,0.0,0.17517830749487223,0.0,1.0,0.0,0.0,0.0,1.0,90.0,64,0.5,0.5,0.25,0.25,Entropia potencial
2105203,0.00010376398948092595,0.5,0.0,0.17504150559579235,0.0,1.0,0.0,0.0,0.0,1.0,90.0,64,0.5,0.5,0.25,0.25,Entropia potencial
2105302,0.009252408697972838,0.5,0.0,0.17870096347918912,0.0,1.0,0.0,0.0,0.0,1.0,90.0,64,0.5,0.5,0.25,0.25,Entropia potencial
2105351,0.00010624304315562537,0.5,0.0,0.17504249721726223,0.0,1.0,0.0,0.0,0.0,1.0,90.0,64,0.5,0.5,0.25,0.25,Entropia potencial
2105401,0.0008625447037732513,0.5,0.0,0.1753450178815093,0.0,1.0,0.0,0.0,0.0,1.0,90.0,64,0.5,0.5,0.25,0.25,Entropia potencial
2105427,0.0006519974594404222,0.5,0.0,0.17526079898377617,0.0,1.0,0.0,0.0,0.0,1.0,90.0,64,0.5,0.5,0.25,0.25,Entropia potencial
2105450,6.0893804143437454e-05,0.5,0.0,0.17502435752165738,0.0,1.0,0.0,0.0,0.0,1.0,90.0,64,0.5,0.5,0.25,0.25,Entropia potencial
2105476,0.00012493267638164282,0.5,0.0,0.17504997307055264,0.0,1.0,0.0,0.0,0.0,1.0,90.0,64,0.5,0.5,0.25,0.25,Entropia potencial
2105500,0.0003109790473819203,0.5,0.0,0.17512439161895277,0.0,1.0,0.0,0.0,0.0,1.0,90.0,64,0.5,0.5,0.25,0.25,Entropia potencial
2105609,0.00012661039842076774,0.5,0.0,0.1750506441593683,0.0,1.0,0.0,0.0,0.0,1.0,90.0,64,0.5,0.5,0.25,0.25,Entropia potencial
2105658,4.948381424534331e-05,0.5,0.0,0.17501979352569813,0.0,1.0,0.0,0.0,0.0,1.0,90.0,64,0.5,0.5,0.25,0.25,Entropia potencial
2105708,0.0005628815585380187,0.5,0.0,0.1752251526234152,0.0,1.0,0.0,0.0,0.0,1.0,90.0,64,0.5,0.5,0.25,0.25,Entropia potencial
2105807,8.207411986736185e-05,0.5,0.0,0.17503282964794695,0.0,1.0,0.0,0.0,0.0,1.0,90.0,64,0.5,0.5,0.25,0.25,Entropia potencial
2105906,0.00013454019868256744,0.5,0.0,0.175053816079473,0.0,1.0,0.0,0.0,0.0,1.0,90.0,64,0.5,0.5,0.25,0.25,Entropia potencial
2105922,0.00015993437707060776,0.5,0.0,0.17506397375082824,0.0,1.0,0.0,0.0,0.0,1.0,90.0,64,0.5,0.5,0.25,0.25,Entropia potencial
2105948,7.432509494815217e-05,0.5,0.0,0.17502973003797925,0.0,1.0,0.0,0.0,0.0,1.0,90.0,64,0.5,0.5,0.25,0.25,Entropia potencial
2105963,0.00010122784885593496,0.5,0.0,0.17504049113954237,0.0,1.0,0.0,0.0,0.0,1.0,90.0,64,0.5,0.5,0.25,0.25,Entropia potencial
2105989,9.99148489992285e-05,0.5,0.0,0.17503996593959967,0.0,1.0,0.0,0.0,0.0,1.0,90.0,64,0.5,0.5,0.25,0.25,Entropia potencial
2106003,0.0002689218225032138,0.5,0.0,0.17510756872900127,0.0,1.0,0.0,0.0,0.0,1.0,90.0,64,0.5,0.5,0.25,0.25,Entropia potencial
2106102,0.0005352979898897214,0.5,0.0,0.17521411919595586,0.0,1.0,0.0,0.0,0.0,1.0,90.0,64,0.5,0.5,0.25,0.25,Entropia potencial
2106201,4.7987924714554535e-05,0.5,0.0,0.17501919516988582,0.0,1.0,0.0,0.0,0.0,1.0,90.0,64,0.5,0.5,0.25,0.25,Entropia potencial
2106300,0.00015731894901465623,0.5,0.0,0.17506292757960584,0.0,1.0,0.0,0.0,0.0,1.0,90.0,64,0.5,0.5,0.25,0.25,Entropia potencial
2106326,0.00024220935842973632,0.5,0.0,0.17509688374337187,0.0,1.0,0.0,0.0,0.0,1.0,90.0,64,0.5,0.5,0.25,0.25,Entropia potencial
2106359,7.388108533477318e-05,0.5,0.0,0.1750295524341339,0.0,1.0,0.0,0.0,0.0,1.0,90.0,64,0.5,0.5,0.25,0.25,Entropia potencial
2106375,0.00012919622583582735,0.5,0.0,0.17505167849033432,0.0,1.0,0.0,0.0,0.0,1.0,90.0,64,0.5,0.5,0.25,0.25,Entropia potencial
2106409,0.00019338521560998467,0.5,0.0,0.17507735408624397,0.0,1.0,0.0,0.0,0.0,1.0,90.0,64,0.5,0.5,0.25,0.25,Entropia potencial
2106508,0.00020151376303205877,0.5,0.0,0.17508060550521282,0.0,1.0,0.0,0.0,0.0,1.0,90.0,64,0.5,0.5,0.25,0.25,Entropia potencial
2106607,0.00031310077903442423,0.5,0.0,0.17512524031161375,0.0,1.0,0.0,0.0,0.0,1.0,90.0,64,0.5,0.5,0.25,0.25,Entropia potencial
2106631,0.0001023103865799828,0.5,0.0,0.175040924154632,0.0,1.0,0.0,0.0,0.0,1.0,90.0,64,0.5,0.5,0.25,0.25,Entropia potencial
2106672,6.451882548695313e-05,0.5,0.0,0.17502580753019478,0.0,1.0,0.0,0.0,0.0,1.0,90.0,64,0.5,0.5,0.25,0.25,Entropia potencial
2106706,0.0003815120887986666,0.5,0.0,0.17515260483551945,0.0,1.0,0.0,0.0,0.0,1.0,90.0,64,0.5,0.5,0.25,0.25,Entropia potencial
2106755,0.0005471456464067177,0.5,0.0,0.17521885825856268,0.0,1.0,0.0,0.0,0.0,1.0,90.0,64,0.5,0.5,0.25,0.25,Entropia potencial
2106805,0.00010662045132699751,0.5,0.0,0.17504264818053078,0.0,1.0,0.0,0.0,0.0,1.0,90.0,64,0.5,0.5,0.25,0.25,Entropia potencial
2106904,0.0002849970848390259,0.5,0.0,0.1751139988339356,0.0,1.0,0.0,0.0,0.0,1.0,90.0,64,0.5,0.5,0.25,0.25,Entropia potencial
2107001,8.836531322264381e-05,0.5,0.0,0.17503534612528904,0.0,1.0,0.0,0.0,0.0,1.0,90.0,64,0.5,0.5,0.25,0.25,Entropia potencial
2107100,0.0001556623702904541,0.5,0.0,0.17506226494811616,0.0,1.0,0.0,0.0,0.0,1.0,90.0,64,0.5,0.5,0.25,0.25,Entropia potencial
2107209,8.698676908967664e-05,0.5,0.0,0.17503479470763586,0.0,1.0,0.0,0.0,0.0,1.0,90.0,64,0.5,0.5,0.25,0.25,Entropia potencial
2107258,8.447177177960844e-05,0.5,0.0,0.17503378870871183,0.0,1.0,0.0,0.0,0.0,1.0,90.0,64,0.5,0.5,0.25,0.25,Entropia potencial
2107308,3.2888426362430144e-05,0.5,0.0,0.17501315537054496,0.0,1.0,0.0,0.0,0.0,1.0,90.0,64,0.5,0.5,0.25,0.25,Entropia potencial
2107357,0.0001653935809836772,0.5,0.0,0.17506615743239345,0.0,1.0,0.0,0.0,0.0,1.0,90.0,64,0.5,0.5,0.25,0.25,Entropia potencial
2107407,0.00019619516216322605,0.5,0.0,0.1750784780648653,0.0,1.0,0.0,0.0,0.0,1.0,90.0,64,0.5,0.5,0.25,0.25,Entropia potencial
2107456,0.00011379966390903749,0.5,0.0,0.1750455198655636,0.0,1.0,0.0,0.0,0.0,1.0,90.0,64,0.5,0.5,0.25,0.25,Entropia potencial
2107506,0.001606388723238358,0.5,0.0,0.17564255548929533,0.0,1.0,0.0,0.0,0.0,1.0,90.0,64,0.5,0.5,0.25,0.25,Entropia potencial
2107605,0.0001536643270302486,0.5,0.0,0.17506146573081208,0.0,1.0,0.0,0.0,0.0,1.0,90.0,64,0.5,0.5,0.25,0.25,Entropia potencial
2107704,0.00018918826759780697,0.5,0.0,0.1750756753070391,0.0,1.0,0.0,0.0,0.0,1.0,90.0,64,0.5,0.5,0.25,0.25,Entropia potencial
2107803,0.00039662955896847536,0.5,0.0,0.1751586518235874,0.0,1.0,0.0,0.0,0.0,1.0,90.0,64,0.5,0.5,0.25,0.25,Entropia potencial
2107902,0.0001898500533548909,0.5,0.0,0.17507594002134194,0.0,1.0,0.0,0.0,0.0,1.0,90.0,64,0.5,0.5,0.25,0.25,Entropia potencial
2108009,0.00033875079153303055,0.5,0.0,0.1751355003166132,0.0,1.0,0.0,0.0,0.0,1.0,90.0,64,0.5,0.5,0.25,0.25,Entropia potencial
2108058,0.00013349043309664996,0.5,0.0,0.17505339617323865,0.0,1.0,0.0,0.0,0.0,1.0,90.0,64,0.5,0.5,0.25,0.25,Entropia potencial
2108108,0.00022423225491661754,0.5,0.0,0.17508969290196663,0.0,1.0,0.0,0.0,0.0,1.0,90.0,64,0.5,0.5,0.25,0.25,Entropia potencial
2108207,0.0009008056464575673,0.5,0.0,0.17536032225858303,0.0,1.0,0.0,0.0,0.0,1.0,90.0,64,0.5,0.5,0.25,0.25,Entropia potencial
2108256,0.0001965757418318366,0.5,0.0,0.17507863029673273,0.0,1.0,0.0,0.0,0.0,1.0,90.0,64,0.5,0.5,0.25,0.25,Entropia potencial
2108306,0.0002801626658819255,0.5,0.0,0.17511206506635277,0.0,1.0,0.0,0.0,0.0,1.0,90.0,64,0.5,0.5,0.25,0.25,Entropia potencial
2108405,8.711997197369033e-05,0.5,0.0,0.17503484798878946,0.0,1.0,0.0,0.0,0.0,1.0,90.0,64,0.5,0.5,0.25,0.25,Entropia potencial
2108454,0.00024529311091122806,0.5,0.0,0.17509811724436447,0.0,1.0,0.0,0.0,0.0,1.0,90.0,64,0.5,0.5,0.25,0.25,Entropia potencial
2108504,0.0003423578410588619,0.5,0.0,0.17513694313642353,0.0,1.0,0.0,0.0,0.0,1.0,90.0,64,0.5,0.5,0.25,0.25,Entropia potencial
2108603,0.0012309267940048534,0.5,0.0,0.17549237071760193,0.0,1.0,0.0,0.0,0.0,1.0,90.0,64,0.5,0.5,0.25,0.25,Entropia potencial
2108702,0.0002338249768970962,0.5,0.0,0.17509352999075883,0.0,1.0,0.0,0.0,0.0,1.0,90.0,64,0.5,0.5,0.25,0.25,Entropia potencial
2108801,0.00014334216068493302,0.5,0.0,0.17505733686427397,0.0,1.0,0.0,0.0,0.0,1.0,90.0,64,0.5,0.5,0.25,0.25,Entropia potencial
2108900,0.00016913594772501446,0.5,0.0,0.17506765437909,0.0,1.0,0.0,0.0,0.0,1.0,90.0,64,0.5,0.5,0.25,0.25,Entropia potencial
2109007,0.0011700858481487229,0.5,0.0,0.17546803433925948,0.0,1.0,0.0,0.0,0.0,1.0,90.0,64,0.5,0.5,0.25,0.25,Entropia potencial
2109056,3.8037880711880407e-05,0.5,0.0,0.17501521515228474,0.0,1.0,0.0,0.0,0.0,1.0,90.0,64,0.5,0.5,0.25,0.25,Entropia potencial
2109106,0.0009368401980805115,0.5,0.0,0.1753747360792322,0.0,1.0,0.0,0.0,0.0,1.0,90.0,64,0.5,0.5,0.25,0.25,Entropia potencial
2109205,7.99492167176195e-05,0.5,0.0,0.17503197968668704,0.0,1.0,0.0,0.0,0.0,1.0,90.0,64,0.5,0.5,0.25,0.25,Entropia potencial
2109239,5.1958639257058156e-05,0.5,0.0,0.17502078345570282,0.0,1.0,0.0,0.0,0.0,1.0,90.0,64,0.5,0.5,0.25,0.25,Entropia potencial
2109270,0.00016770771680197868,0.5,0.0,0.17506708308672078,0.0,1.0,0.0,0.0,0.0,1.0,90.0,64,0.5,0.5,0.25,0.25,Entropia potencial
2109304,7.646374125259436e-05,0.5,0.0,0.17503058549650102,0.0,1.0,0.0,0.0,0.0,1.0,90.0,64,0.5,0.5,0.25,0.25,Entropia potencial
2109403,9.009377921758349e-05,0.5,0.0,0.17503603751168703,0.0,1.0,0.0,0.0,0.0,1.0,90.0,64,0.5,0.5,0.25,0.25,Entropia potencial
2109452,0.00032375278109253566,0.5,0.0,0.175129501112437,0.0,1.0,0.0,0.0,0.0,1.0,90.0,64,0.5,0.5,0.25,0.25,Entropia potencial
2109502,0.0008824120196404692,0.5,0.0,0.17535296480785617,0.0,1.0,0.0,0.0,0.0,1.0,90.0,64,0.5,0.5,0.25,0.25,Entropia potencial
2109551,0.00011929798295471408,0.5,0.0,0.17504771919318188,0.0,1.0,0.0,0.0,0.0,1.0,90.0,64,0.5,0.5,0.25,0.25,Entropia potencial
2109601,0.0004864030169649783,0.5,0.0,0.17519456120678598,0.0,1.0,0.0,0.0,0.0,1.0,90.0,64,0.5,0.5,0.25,0.25,Entropia potencial
2109700,0.0006443647227532879,0.5,0.0,0.1752577458891013,0.0,1.0,0.0,0.0,0.0,1.0,90.0,64,0.5,0.5,0.25,0.25,Entropia potencial
2109759,4.600151027755659e-05,0.5,0.0,0.175018400604111,0.0,1.0,0.0,0.0,0.0,1.0,90.0,64,0.5,0.5,0.25,0.25,Entropia potencial
2109809,0.0003945522282773093,0.5,0.0,0.1751578208913109,0.0,1.0,0.0,0.0,0.0,1.0,90.0,64,0.5,0.5,0.25,0.25,Entropia potencial
2109908,0.0017923473494817059,0.5,0.0,0.17571693893979268,0.0,1.0,0.0,0.0,0.0,1.0,90.0,64,0.5,0.5,0.25,0.25,Entropia potencial
2110005,0.0009173925770145114,0.5,0.0,0.1753669570308058,0.0,1.0,0.0,0.0,0.0,1.0,90.0,64,0.5,0.5,0.25,0.25,Entropia potencial
2110039,0.00033637005427272223,0.5,0.0,0.17513454802170908,0.0,1.0,0.0,0.0,0.0,1.0,90.0,64,0.5,0.5,0.25,0.25,Entropia potencial
2110104,0.00030692798824271,0.5,0.0,0.17512277119529707,0.0,1.0,0.0,0.0,0.0,1.0,90.0,64,0.5,0.5,0.25,0.25,Entropia potencial
2110203,0.00033882690746675265,0.5,0.0,0.17513553076298669,0.0,1.0,0.0,0.0,0.0,1.0,90.0,64,0.5,0.5,0.25,0.25,Entropia potencial
2110237,8.913492988583408e-05,0.5,0.0,0.17503565397195434,0.0,1.0,0.0,0.0,0.0,1.0,90.0,64,0.5,0.5,0.25,0.25,Entropia potencial
2110278,9.875408100996626e-05,0.5,0.0,0.17503950163240398,0.0,1.0,0.0,0.0,0.0,1.0,90.0,64,0.5,0.5,0.25,0.25,Entropia potencial
2110302,0.003273467217631148,0.5,0.0,0.17630938688705244,0.0,1.0,0.0,0.0,0.0,1.0,90.0,64,0.5,0.5,0.25,0.25,Entropia potencial
2110401,0.00014513194229314884,0.5,0.0,0.17505805277691724,0.0,1.0,0.0,0.0,0.0,1.0,90.0,64,0.5,0.5,0.25,0.25,Entropia potencial
2110500,0.000372010283072356,0.5,0.0,0.17514880411322892,0.0,1.0,0.0,0.0,0.0,1.0,90.0,64,0.5,0.5,0.25,0.25,Entropia potencial
2110609,0.0003269781937840102,0.5,0.0,0.1751307912775136,0.0,1.0,0.0,0.0,0.0,1.0,90.0,64,0.5,0.5,0.25,0.25,Entropia potencial
2110658,0.00047726593342108624,0.5,0.0,0.17519090637336843,0.0,1.0,0.0,0.0,0.0,1.0,90.0,64,0.5,0.5,0.25,0.25,Entropia potencial
2110708,0.0004482446193580379,0.5,0.0,0.1751792978477432,0.0,1.0,0.0,0.0,0.0,1.0,90.0,64,0.5,0.5,0.25,0.25,Entropia potencial
2110807,8.785998799598866e-05,0.5,0.0,0.17503514399519837,0.0,1.0,0.0,0.0,0.0,1.0,90.0,64,0.5,0.5,0.25,0.25,Entropia potencial
2110856,0.00010831931668104527,0.5,0.0,0.17504332772667242,0.0,1.0,0.0,0.0,0.0,1.0,90.0,64,0.5,0.5,0.25,0.25,Entropia potencial
2110906,9.229585546679409e-05,0.5,0.0,0.1750369183421867,0.0,1.0,0.0,0.0,0.0,1.0,90.0,64,0.5,0.5,0.25,0.25,Entropia potencial
2111003,0.00013197657174817678,0.5,0.0,0.17505279062869927,0.0,1.0,0.0,0.0,0.0,1.0,90.0,64,0.5,0.5,0.25,0.25,Entropia potencial
2111029,0.00012381419502222618,0.5,0.0,0.17504952567800888,0.0,1.0,0.0,0.0,0.0,1.0,90.0,64,0.5,0.5,0.25,0.25,Entropia potencial
2111052,0.00015953159692132826,0.5,0.0,0.17506381263876852,0.0,1.0,0.0,0.0,0.0,1.0,90.0,64,0.5,0.5,0.25,0.25,Entropia potencial
2111078,0.00020820245070788954,0.5,0.0,0.17508328098028314,0.0,1.0,0.0,0.0,0.0,1.0,90.0,64,0.5,0.5,0.25,0.25,Entropia potencial
2111102,0.0003967743906756966,0.5,0.0,0.17515870975627026,0.0,1.0,0.0,0.0,0.0,1.0,90.0,64,0.5,0.5,0.25,0.25,Entropia potencial
2111201,0.003014682557467675,0.5,0.0,0.17620587302298707,0.0,1.0,0.0,0.0,0.0,1.0,90.0,64,0.5,0.5,0.25,0.25,Entropia potencial
2111250,5.100719008553173e-05,0.5,0.0,0.1750204028760342,0.0,1.0,0.0,0.0,0.0,1.0,90.0,64,0.5,0.5,0.25,0.25,Entropia potencial
2111300,0.04181852108189095,0.5,0.0,0.19172740843275637,0.0,1.0,0.0,0.0,0.0,1.0,90.0,64,0.5,0.5,0.25,0.25,Entropia potencial
2111409,0.00017555400096983328,0.5,0.0,0.17507022160038793,0.0,1.0,0.0,0.0,0.0,1.0,90.0,64,0.5,0.5,0.25,0.25,Entropia potencial
2111508,0.0004692853892034717,0.5,0.0,0.17518771415568138,0.0,1.0,0.0,0.0,0.0,1.0,90.0,64,0.5,0.5,0.25,0.25,Entropia potencial
2111532,0.00012893299156503836,0.5,0.0,0.175051573196626,0.0,1.0,0.0,0.0,0.0,1.0,90.0,64,0.5,0.5,0.25,0.25,Entropia potencial
2111573,8.46768619343597e-05,0.5,0.0,0.17503387074477372,0.0,1.0,0.0,0.0,0.0,1.0,90.0,64,0.5,0.5,0.25,0.25,Entropia potencial
2111607,0.0008907171137421488,0.5,0.0,0.17535628684549684,0.0,1.0,0.0,0.0,0.0,1.0,90.0,64,0.5,0.5,0.25,0.25,Entropia potencial
2111631,3.406188034064608e-05,0.5,0.0,0.17501362475213625,0.0,1.0,0.0,0.0,0.0,1.0,90.0,64,0.5,0.5,0.25,0.25,Entropia potencial
2111672,3.060917701375129e-05,0.5,0.0,0.17501224367080548,0.0,1.0,0.0,0.0,0.0,1.0,90.0,64,0.5,0.5,0.25,0.25,Entropia potencial
2111706,0.00015106369929474304,0.5,0.0,0.1750604254797179,0.0,1.0,0.0,0.0,0.0,1.0,90.0,64,0.5,0.5,0.25,0.25,Entropia potencial
2111722,8.376558506118661e-05,0.5,0.0,0.17503350623402447,0.0,1.0,0.0,0.0,0.0,1.0,90.0,64,0.5,0.5,0.25,0.25,Entropia potencial
2111748,0.00016740642456432864,0.5,0.0,0.1750669625698257,0.0,1.0,0.0,0.0,0.0,1.0,90.0,64,0.5,0.5,0.25,0.25,Entropia potencial
2111763,0.00018619437420473714,0.5,0.0,0.17507447774968188,0.0,1.0,0.0,0.0,0.0,1.0,90.0,64,0.5,0.5,0.25,0.25,Entropia potencial
2111789,8.547607923844189e-05,0.5,0.0,0.17503419043169535,0.0,1.0,0.0,0.0,0.0,1.0,90.0,64,0.5,0.5,0.25,0.25,Entropia potencial
2111805,0.00024142917010908462,0.5,0.0,0.17509657166804363,0.0,1.0,0.0,0.0,0.0,1.0,90.0,64,0.5,0.5,0.25,0.25,Entropia potencial
2111904,0.00014091807962903294,0.5,0.0,0.1750563672318516,0.0,1.0,0.0,0.0,0.0,1.0,90.0,64,0.5,0.5,0.25,0.25,Entropia potencial
2111953,4.048733374568787e-05,0.5,0.0,0.17501619493349826,0.0,1.0,0.0,0.0,0.0,1.0,90.0,64,0.5,0.5,0.25,0.25,Entropia potencial
2112001,0.003490249625534714,0.5,0.0,0.17639609985021387,0.0,1.0,0.0,0.0,0.0,1.0,90.0,64,0.5,0.5,0.25,0.25,Entropia potencial
2112100,0.000204706403585403,0.5,0.0,0.17508188256143414,0.0,1.0,0.0,0.0,0.0,1.0,90.0,64,0.5,0.5,0.25,0.25,Entropia potencial
2112209,0.0027474236566831403,0.5,0.0,0.17609896946267325,0.0,1.0,0.0,0.0,0.0,1.0,90.0,64,0.5,0.5,0.25,0.25,Entropia potencial
2112233,0.0004993628118469144,0.5,0.0,0.17519974512473876,0.0,1.0,0.0,0.0,0.0,1.0,90.0,64,0.5,0.5,0.25,0.25,Entropia potencial
2112274,4.5815449106235864e-05,0.5,0.0,0.17501832617964247,0.0,1.0,0.0,0.0,0.0,1.0,90.0,64,0.5,0.5,0.25,0.25,Entropia potencial
2112308,0.0003793755568257167,0.5,0.0,0.17515175022273027,0.0,1.0,0.0,0.0,0.0,1.0,90.0,64,0.5,0.5,0.25,0.25,Entropia potencial
2112407,0.0003281188756240958,0.5,0.0,0.1751312475502496,0.0,1.0,0.0,0.0,0.0,1.0,90.0,64,0.5,0.5,0.25,0.25,Entropia potencial
2112456,0.0002554197015935077,0.5,0.0,0.1751021678806374,0.0,1.0,0.0,0.0,0.0,1.0,90.0,64,0.5,0.5,0.25,0.25,Entropia potencial
2112506,0.0006247426693391747,0.5,0.0,0.17524989706773567,0.0,1.0,0.0,0.0,0.0,1.0,90.0,64,0.5,0.5,0.25,0.25,Entropia potencial
2112605,0.0002988427846162277,0.5,0.0,0.17511953711384648,0.0,1.0,0.0,0.0,0.0,1.0,90.0,64,0.5,0.5,0.25,0.25,Entropia potencial
2112704,0.0004515440336517423,0.5,0.0,0.17518061761346068,0.0,1.0,0.0,0.0,0.0,1.0,90.0,64,0.5,0.5,0.25,0.25,Entropia potencial
2112803,0.0005811134389959573,0.5,0.0,0.17523244537559837,0.0,1.0,0.0,0.0,0.0,1.0,90.0,64,0.5,0.5,0.25,0.25,Entropia potencial
2112852,0.00016752165563065796,0.5,0.0,0.17506700866225225,0.0,1.0,0.0,0.0,0.0,1.0,90.0,64,0.5,0.5,0.25,0.25,Entropia potencial
2112902,0.0003655224568882919,0.5,0.0,0.17514620898275532,0.0,1.0,0.0,0.0,0.0,1.0,90.0,64,0.5,0.5,0.25,0.25,Entropia potencial
2113009,0.0003672953238445695,0.5,0.0,0.1751469181295378,0.0,1.0,0.0,0.0,0.0,1.0,90.0,64,0.5,0.5,0.25,0.25,Entropia potencial
2114007,0.0006555209928723084,0.5,0.0,0.1752622083971489,0.0,1.0,0.0,0.0,0.0,1.0,90.0,64,0.5,0.5,0.25,0.25,Entropia potencial
2200053,5.146811435084898e-05,0.5,0.0,0.17502058724574032,0.0,1.0,0.0,0.0,0.0,1.0,90.0,64,0.5,0.5,0.25,0.25,Entropia potencial
2200103,3.26495069038024e-05,0.5,0.0,0.17501305980276152,0.0,1.0,0.0,0.0,0.0,1.0,90.0,64,0.5,0.5,0.25,0.25,Entropia potencial
2200202,0.00026033235081582246,0.5,0.0,0.1751041329403263,0.0,1.0,0.0,0.0,0.0,1.0,90.0,64,0.5,0.5,0.25,0.25,Entropia potencial
2200251,5.791999689954429e-05,0.5,0.0,0.1750231679987598,0.0,1.0,0.0,0.0,0.0,1.0,90.0,64,0.5,0.5,0.25,0.25,Entropia potencial
2200277,3.563282863941082e-05,0.5,0.0,0.17501425313145574,0.0,1.0,0.0,0.0,0.0,1.0,90.0,64,0.5,0.5,0.25,0.25,Entropia potencial
2200301,0.00011372671947255377,0.5,0.0,0.17504549068778902,0.0,1.0,0.0,0.0,0.0,1.0,90.0,64,0.5,0.5,0.25,0.25,Entropia potencial
2200400,0.0006763809873751522,0.5,0.0,0.17527055239495004,0.0,1.0,0.0,0.0,0.0,1.0,90.0,64,0.5,0.5,0.25,0.25,Entropia potencial
2200459,7.891953728087868e-05,0.5,0.0,0.17503156781491233,0.0,1.0,0.0,0.0,0.0,1.0,90.0,64,0.5,0.5,0.25,0.25,Entropia potencial
2200509,0.00021048275722231454,0.5,0.0,0.17508419310288892,0.0,1.0,0.0,0.0,0.0,1.0,90.0,64,0.5,0.5,0.25,0.25,Entropia potencial
2200608,5.729521194357528e-05,0.5,0.0,0.1750229180847774,0.0,1.0,0.0,0.0,0.0,1.0,90.0,64,0.5,0.5,0.25,0.25,Entropia potencial
2200707,9.582678905890327e-05,0.5,0.0,0.17503833071562355,0.0,1.0,0.0,0.0,0.0,1.0,90.0,64,0.5,0.5,0.25,0.25,Entropia potencial
2200806,0.00020865068898425312,0.5,0.0,0.17508346027559368,0.0,1.0,0.0,0.0,0.0,1.0,90.0,64,0.5,0.5,0.25,0.25,Entropia potencial
2200905,4.0062353115739404e-05,0.5,0.0,0.1750160249412463,0.0,1.0,0.0,0.0,0.0,1.0,90.0,64,0.5,0.5,0.25,0.25,Entropia potencial
2200954,7.345187604184014e-06,0.5,0.0,0.17500293807504166,0.0,1.0,0.0,0.0,0.0,1.0,90.0,64,0.5,0.5,0.25,0.25,Entropia potencial
2201002,3.007107964896579e-05,0.5,0.0,0.17501202843185956,0.0,1.0,0.0,0.0,0.0,1.0,90.0,64,0.5,0.5,0.25,0.25,Entropia potencial
2201051,5.061603875945976e-05,0.5,0.0,0.17502024641550376,0.0,1.0,0.0,0.0,0.0,1.0,90.0,64,0.5,0.5,0.25,0.25,Entropia potencial
2201101,8.82553679850452e-05,0.5,0.0,0.175035302147194,0.0,1.0,0.0,0.0,0.0,1.0,90.0,64,0.5,0.5,0.25,0.25,Entropia potencial
2201150,0.0024433299298058327,0.5,0.0,0.17597733197192234,0.0,1.0,0.0,0.0,0.0,1.0,90.0,64,0.5,0.5,0.25,0.25,Entropia potencial
2201176,2.294366818848671e-05,0.5,0.0,0.17500917746727537,0.0,1.0,0.0,0.0,0.0,1.0,90.0,64,0.5,0.5,0.25,0.25,Entropia potencial
2201200,0.0005857300818093527,0.5,0.0,0.17523429203272373,0.0,1.0,0.0,0.0,0.0,1.0,90.0,64,0.5,0.5,0.25,0.25,Entropia potencial
2201309,0.00010963443086924401,0.5,0.0,0.17504385377234769,0.0,1.0,0.0,0.0,0.0,1.0,90.0,64,0.5,0.5,0.25,0.25,Entropia potencial
2201408,8.6440214398922e-05,0.5,0.0,0.17503457608575956,0.0,1.0,0.0,0.0,0.0,1.0,90.0,64,0.5,0.5,0.25,0.25,Entropia potencial
2201507,0.0002654997769829571,0.5,0.0,0.17510619991079318,0.0,1.0,0.0,0.0,0.0,1.0,90.0,64,0.5,0.5,0.25,0.25,Entropia potencial
2201556,3.2686507704917324e-05,0.5,0.0,0.17501307460308196,0.0,1.0,0.0,0.0,0.0,1.0,90.0,64,0.5,0.5,0.25,0.25,Entropia potencial
2201572,2.426195387392388e-05,0.5,0.0,0.17500970478154956,0.0,1.0,0.0,0.0,0.0,1.0,90.0,64,0.5,0.5,0.25,0.25,Entropia potencial
2201606,8.098946781182172e-05,0.5,0.0,0.1750323957871247,0.0,1.0,0.0,0.0,0.0,1.0,90.0,64,0.5,0.5,0.25,0.25,Entropia potencial
2201705,6.041807955767424e-05,0.5,0.0,0.17502416723182307,0.0,1.0,0.0,0.0,0.0,1.0,90.0,64,0.5,0.5,0.25,0.25,Entropia potencial
2201739,0.00022312751671190074,0.5,0.0,0.17508925100668474,0.0,1.0,0.0,0.0,0.0,1.0,90.0,64,0.5,0.5,0.25,0.25,Entropia potencial
2201770,5.333929772151762e-05,0.5,0.0,0.1750213357190886,0.0,1.0,0.0,0.0,0.0,1.0,90.0,64,0.5,0.5,0.25,0.25,Entropia potencial
2201804,3.264844973805626e-05,0.5,0.0,0.17501305937989522,0.0,1.0,0.0,0.0,0.0,1.0,90.0,64,0.5,0.5,0.25,0.25,Entropia potencial
2201903,0.002020084108846779,0.5,0.0,0.1758080336435387,0.0,1.0,0.0,0.0,0.0,1.0,90.0,64,0.5,0.5,0.25,0.25,Entropia potencial
2201919,5.117210794192965e-05,0.5,0.0,0.17502046884317676,0.0,1.0,0.0,0.0,0.0,1.0,90.0,64,0.5,0.5,0.25,0.25,Entropia potencial
2201929,4.243991887880934e-05,0.5,0.0,0.1750169759675515,0.0,1.0,0.0,0.0,0.0,1.0,90.0,64,0.5,0.5,0.25,0.25,Entropia potencial
2201945,3.825354252409306e-05,0.5,0.0,0.17501530141700963,0.0,1.0,0.0,0.0,0.0,1.0,90.0,64,0.5,0.5,0.25,0.25,Entropia potencial
2201960,5.8561696507451565e-05,0.5,0.0,0.17502342467860296,0.0,1.0,0.0,0.0,0.0,1.0,90.0,64,0.5,0.5,0.25,0.25,Entropia potencial
2201988,2.6327655741882368e-05,0.5,0.0,0.17501053106229675,0.0,1.0,0.0,0.0,0.0,1.0,90.0,64,0.5,0.5,0.25,0.25,Entropia potencial
2202000,0.0002279418495198245,0.5,0.0,0.17509117673980792,0.0,1.0,0.0,0.0,0.0,1.0,90.0,64,0.5,0.5,0.25,0.25,Entropia potencial
2202026,6.463617088477472e-05,0.5,0.0,0.1750258544683539,0.0,1.0,0.0,0.0,0.0,1.0,90.0,64,0.5,0.5,0.25,0.25,Entropia potencial
2202059,7.181961212979925e-05,0.5,0.0,0.1750287278448519,0.0,1.0,0.0,0.0,0.0,1.0,90.0,64,0.5,0.5,0.25,0.25,Entropia potencial
2202075,1.4931408998488058e-05,0.5,0.0,0.17500597256359937,0.0,1.0,0.0,0.0,0.0,1.0,90.0,64,0.5,0.5,0.25,0.25,Entropia potencial
2202083,0.00011843956436884801,0.5,0.0,0.17504737582574753,0.0,1.0,0.0,0.0,0.0,1.0,90.0,64,0.5,0.5,0.25,0.25,Entropia potencial
2202091,0.0002392080648764435,0.5,0.0,0.17509568322595057,0.0,1.0,0.0,0.0,0.0,1.0,90.0,64,0.5,0.5,0.25,0.25,Entropia potencial
2202109,4.496443068059279e-05,0.5,0.0,0.17501798577227223,0.0,1.0,0.0,0.0,0.0,1.0,90.0,64,0.5,0.5,0.25,0.25,Entropia potencial
2202117,3.752304099350999e-05,0.5,0.0,0.1750150092163974,0.0,1.0,0.0,0.0,0.0,1.0,90.0,64,0.5,0.5,0.25,0.25,Entropia potencial
2202133,4.994156701342214e-05,0.5,0.0,0.17501997662680535,0.0,1.0,0.0,0.0,0.0,1.0,90.0,64,0.5,0.5,0.25,0.25,Entropia potencial
2202174,4.473396854793416e-05,0.5,0.0,0.17501789358741915,0.0,1.0,0.0,0.0,0.0,1.0,90.0,64,0.5,0.5,0.25,0.25,Entropia potencial
2202208,0.0007910771278369168,0.5,0.0,0.17531643085113477,0.0,1.0,0.0,0.0,0.0,1.0,90.0,64,0.5,0.5,0.25,0.25,Entropia potencial
2202251,2.392788949814349e-05,0.5,0.0,0.17500957115579924,0.0,1.0,0.0,0.0,0.0,1.0,90.0,64,0.5,0.5,0.25,0.25,Entropia potencial
2202307,0.0002827897227610846,0.5,0.0,0.17511311588910441,0.0,1.0,0.0,0.0,0.0,1.0,90.0,64,0.5,0.5,0.25,0.25,Entropia potencial
2202406,0.00010602632417766657,0.5,0.0,0.17504241052967107,0.0,1.0,0.0,0.0,0.0,1.0,90.0,64,0.5,0.5,0.25,0.25,Entropia potencial
2202455,3.0251854991555808e-05,0.5,0.0,0.1750121007419966,0.0,1.0,0.0,0.0,0.0,1.0,90.0,64,0.5,0.5,0.25,0.25,Entropia potencial
2202505,9.327479094772018e-05,0.5,0.0,0.17503730991637909,0.0,1.0,0.0,0.0,0.0,1.0,90.0,64,0.5,0.5,0.25,0.25,Entropia potencial
2202539,4.060150764627105e-05,0.5,0.0,0.1750162406030585,0.0,1.0,0.0,0.0,0.0,1.0,90.0,64,0.5,0.5,0.25,0.25,Entropia potencial
2202554,3.925573565143422e-05,0.5,0.0,0.17501570229426056,0.0,1.0,0.0,0.0,0.0,1.0,90.0,64,0.5,0.5,0.25,0.25,Entropia potencial
2202604,0.00020300542389986296,0.5,0.0,0.17508120216955994,0.0,1.0,0.0,0.0,0.0,1.0,90.0,64,0.5,0.5,0.25,0.25,Entropia potencial
2202653,4.164175874047327e-05,0.5,0.0,0.17501665670349617,0.0,1.0,0.0,0.0,0.0,1.0,90.0,64,0.5,0.5,0.25,0.25,Entropia potencial
2202703,0.0003018694501474278,0.5,0.0,0.17512074778005896,0.0,1.0,0.0,0.0,0.0,1.0,90.0,64,0.5,0.5,0.25,0.25,Entropia potencial
2202711,3.174774452234458e-05,0.5,0.0,0.17501269909780892,0.0,1.0,0.0,0.0,0.0,1.0,90.0,64,0.5,0.5,0.25,0.25,Entropia potencial
2202729,4.8610595339031285e-05,0.5,0.0,0.1750194442381356,0.0,1.0,0.0,0.0,0.0,1.0,90.0,64,0.5,0.5,0.25,0.25,Entropia potencial
2202737,2.4465986862928995e-05,0.5,0.0,0.17500978639474515,0.0,1.0,0.0,0.0,0.0,1.0,90.0,64,0.5,0.5,0.25,0.25,Entropia potencial
2202752,6.188648277906336e-05,0.5,0.0,0.17502475459311162,0.0,1.0,0.0,0.0,0.0,1.0,90.0,64,0.5,0.5,0.25,0.25,Entropia potencial
2202778,5.5211538257932404e-05,0.5,0.0,0.17502208461530316,0.0,1.0,0.0,0.0,0.0,1.0,90.0,64,0.5,0.5,0.25,0.25,Entropia potencial
2202802,4.428150160858604e-05,0.5,0.0,0.17501771260064342,0.0,1.0,0.0,0.0,0.0,1.0,90.0,64,0.5,0.5,0.25,0.25,Entropia potencial
2202851,2.9357492770320967e-05,0.5,0.0,0.17501174299710812,0.0,1.0,0.0,0.0,0.0,1.0,90.0,64,0.5,0.5,0.25,0.25,Entropia potencial
2202901,0.000803842404221563,0.5,0.0,0.17532153696168862,0.0,1.0,0.0,0.0,0.0,1.0,90.0,64,0.5,0.5,0.25,0.25,Entropia potencial
2203008,5.7486558943626705e-05,0.5,0.0,0.17502299462357743,0.0,1.0,0.0,0.0,0.0,1.0,90.0,64,0.5,0.5,0.25,0.25,Entropia potencial
2203107,0.00011680835762255327,0.5,0.0,0.17504672334304902,0.0,1.0,0.0,0.0,0.0,1.0,90.0,64,0.5,0.5,0.25,0.25,Entropia potencial
2203206,0.0001539043036546225,0.5,0.0,0.17506156172146184,0.0,1.0,0.0,0.0,0.0,1.0,90.0,64,0.5,0.5,0.25,0.25,Entropia potencial
2203230,0.0006291965086276645,0.5,0.0,0.17525167860345106,0.0,1.0,0.0,0.0,0.0,1.0,90.0,64,0.5,0.5,0.25,0.25,Entropia potencial
2203255,2.5553810415707538e-05,0.5,0.0,0.17501022152416626,0.0,1.0,0.0,0.0,0.0,1.0,90.0,64,0.5,0.5,0.25,0.25,Entropia potencial
2203271,0.0003697923493369533,0.5,0.0,0.17514791693973478,0.0,1.0,0.0,0.0,0.0,1.0,90.0,64,0.5,0.5,0.25,0.25,Entropia potencial
2203305,0.0002872551908727819,0.5,0.0,0.1751149020763491,0.0,1.0,0.0,0.0,0.0,1.0,90.0,64,0.5,0.5,0.25,0.25,Entropia potencial
2203354,5.699709120316366e-05,0.5,0.0,0.17502279883648125,0.0,1.0,0.0,0.0,0.0,1.0,90.0,64,0.5,0.5,0.25,0.25,Entropia potencial
2203404,7.122231348322988e-05,0.5,0.0,0.17502848892539327,0.0,1.0,0.0,0.0,0.0,1.0,90.0,64,0.5,0.5,0.25,0.25,Entropia potencial
2203420,2.983744601906874e-05,0.5,0.0,0.1750119349784076,0.0,1.0,0.0,0.0,0.0,1.0,90.0,64,0.5,0.5,0.25,0.25,Entropia potencial
2203453,0.00014325970175673407,0.5,0.0,0.17505730388070267,0.0,1.0,0.0,0.0,0.0,1.0,90.0,64,0.5,0.5,0.25,0.25,Entropia potencial
2203503,0.0001613848084743125,0.5,0.0,0.1750645539233897,0.0,1.0,0.0,0.0,0.0,1.0,90.0,64,0.5,0.5,0.25,0.25,Entropia potencial
2203602,3.822817054618568e-05,0.5,0.0,0.17501529126821846,0.0,1.0,0.0,0.0,0.0,1.0,90.0,64,0.5,0.5,0.25,0.25,Entropia potencial
2203701,0.0005472481914840933,0.5,0.0,0.17521889927659362,0.0,1.0,0.0,0.0,0.0,1.0,90.0,64,0.5,0.5,0.25,0.25,Entropia potencial
2203750,3.4035451196992564e-05,0.5,0.0,0.17501361418047878,0.0,1.0,0.0,0.0,0.0,1.0,90.0,64,0.5,0.5,0.25,0.25,Entropia potencial
2203800,3.0471745466753028e-05,0.5,0.0,0.1750121886981867,0.0,1.0,0.0,0.0,0.0,1.0,90.0,64,0.5,0.5,0.25,0.25,Entropia potencial
2203859,7.352587764406997e-06,0.5,0.0,0.17500294103510575,0.0,1.0,0.0,0.0,0.0,1.0,90.0,64,0.5,0.5,0.25,0.25,Entropia potencial
2203909,0.0015744358885612622,0.5,0.0,0.17562977435542448,0.0,1.0,0.0,0.0,0.0,1.0,90.0,64,0.5,0.5,0.25,0.25,Entropia potencial
2204006,2.9584783405741167e-05,0.5,0.0,0.17501183391336228,0.0,1.0,0.0,0.0,0.0,1.0,90.0,64,0.5,0.5,0.25,0.25,Entropia potencial
2204105,3.9614114839375846e-05,0.5,0.0,0.17501584564593575,0.0,1.0,0.0,0.0,0.0,1.0,90.0,64,0.5,0.5,0.25,0.25,Entropia potencial
2204154,1.286887862776799e-05,0.5,0.0,0.1750051475514511,0.0,1.0,0.0,0.0,0.0,1.0,90.0,64,0.5,0.5,0.25,0.25,Entropia potencial
2204204,7.652294253437822e-05,0.5,0.0,0.17503060917701374,0.0,1.0,0.0,0.0,0.0,1.0,90.0,64,0.5,0.5,0.25,0.25,Entropia potencial
2204303,0.00011490440211375428,0.5,0.0,0.1750459617608455,0.0,1.0,0.0,0.0,0.0,1.0,90.0,64,0.5,0.5,0.25,0.25,Entropia potencial
2204352,4.5424297780163894e-05,0.5,0.0,0.17501816971911205,0.0,1.0,0.0,0.0,0.0,1.0,90.0,64,0.5,0.5,0.25,0.25,Entropia potencial
2204402,0.0005250889402792429,0.5,0.0,0.17521003557611167,0.0,1.0,0.0,0.0,0.0,1.0,90.0,64,0.5,0.5,0.25,0.25,Entropia potencial
2204501,0.0005710259634462848,0.5,0.0,0.1752284103853785,0.0,1.0,0.0,0.0,0.0,1.0,90.0,64,0.5,0.5,0.25,0.25,Entropia potencial
2204550,3.1930634196426875e-05,0.5,0.0,0.17501277225367856,0.0,1.0,0.0,0.0,0.0,1.0,90.0,64,0.5,0.5,0.25,0.25,Entropia potencial
2204600,1.5957916937990454e-05,0.5,0.0,0.1750063831667752,0.0,1.0,0.0,0.0,0.0,1.0,90.0,64,0.5,0.5,0.25,0.25,Entropia potencial
2204659,0.00010452197732090869,0.5,0.0,0.17504180879092834,0.0,1.0,0.0,0.0,0.0,1.0,90.0,64,0.5,0.5,0.25,0.25,Entropia potencial
2204709,0.00015621632514143172,0.5,0.0,0.17506248653005657,0.0,1.0,0.0,0.0,0.0,1.0,90.0,64,0.5,0.5,0.25,0.25,Entropia potencial
2204808,7.044529665981663e-05,0.5,0.0,0.17502817811866392,0.0,1.0,0.0,0.0,0.0,1.0,90.0,64,0.5,0.5,0.25,0.25,Entropia potencial
2204907,6.400187143709044e-05,0.5,0.0,0.17502560074857482,0.0,1.0,0.0,0.0,0.0,1.0,90.0,64,0.5,0.5,0.25,0.25,Entropia potencial
2205003,9.516288897032706e-05,0.5,0.0,0.17503806515558812,0.0,1.0,0.0,0.0,0.0,1.0,90.0,64,0.5,0.5,0.25,0.25,Entropia potencial
2205102,0.00013827622242942788,0.5,0.0,0.17505531048897177,0.0,1.0,0.0,0.0,0.0,1.0,90.0,64,0.5,0.5,0.25,0.25,Entropia potencial
2205151,6.015273095539298e-05,0.5,0.0,0.17502406109238214,0.0,1.0,0.0,0.0,0.0,1.0,90.0,64,0.5,0.5,0.25,0.25,Entropia potencial
2205201,0.00018856453980758408,0.5,0.0,0.17507542581592303,0.0,1.0,0.0,0.0,0.0,1.0,90.0,64,0.5,0.5,0.25,0.25,Entropia potencial
2205250,2.437084194577635e-05,0.5,0.0,0.1750097483367783,0.0,1.0,0.0,0.0,0.0,1.0,90.0,64,0.5,0.5,0.25,0.25,Entropia potencial
2205276,4.704281853750496e-05,0.5,0.0,0.175018817127415,0.0,1.0,0.0,0.0,0.0,1.0,90.0,64,0.5,0.5,0.25,0.25,Entropia potencial
2205300,4.323702185139925e-05,0.5,0.0,0.17501729480874054,0.0,1.0,0.0,0.0,0.0,1.0,90.0,64,0.5,0.5,0.25,0.25,Entropia potencial
2205359,5.342598531270114e-05,0.5,0.0,0.17502137039412508,0.0,1.0,0.0,0.0,0.0,1.0,90.0,64,0.5,0.5,0.25,0.25,Entropia potencial
2205409,0.00011020952903514444,0.5,0.0,0.17504408381161404,0.0,1.0,0.0,0.0,0.0,1.0,90.0,64,0.5,0.5,0.25,0.25,Entropia potencial
2205458,3.3978364246700976e-05,0.5,0.0,0.17501359134569866,0.0,1.0,0.0,0.0,0.0,1.0,90.0,64,0.5,0.5,0.25,0.25,Entropia potencial
2205508,0.0004620649471573323,0.5,0.0,0.17518482597886292,0.0,1.0,0.0,0.0,0.0,1.0,90.0,64,0.5,0.5,0.25,0.25,Entropia potencial
2205516,4.123157843097076e-05,0.5,0.0,0.17501649263137237,0.0,1.0,0.0,0.0,0.0,1.0,90.0,64,0.5,0.5,0.25,0.25,Entropia potencial
2205524,9.650443230217932e-05,0.5,0.0,0.17503860177292085,0.0,1.0,0.0,0.0,0.0,1.0,90.0,64,0.5,0.5,0.25,0.25,Entropia potencial
2205532,3.23619578208522e-05,0.5,0.0,0.17501294478312834,0.0,1.0,0.0,0.0,0.0,1.0,90.0,64,0.5,0.5,0.25,0.25,Entropia potencial
2205540,3.0534118245775316e-05,0.5,0.0,0.1750122136472983,0.0,1.0,0.0,0.0,0.0,1.0,90.0,64,0.5,0.5,0.25,0.25,Entropia potencial
2205557,6.509498081859969e-05,0.5,0.0,0.17502603799232744,0.0,1.0,0.0,0.0,0.0,1.0,90.0,64,0.5,0.5,0.25,0.25,Entropia potencial
2205565,0.00037822430332816974,0.5,0.0,0.17515128972133126,0.0,1.0,0.0,0.0,0.0,1.0,90.0,64,0.5,0.5,0.25,0.25,Entropia potencial
2205573,4.164915890069625e-05,0.5,0.0,0.17501665966356028,0.0,1.0,0.0,0.0,0.0,1.0,90.0,64,0.5,0.5,0.25,0.25,Entropia potencial
2205581,8.197263195573237e-05,0.5,0.0,0.17503278905278227,0.0,1.0,0.0,0.0,0.0,1.0,90.0,64,0.5,0.5,0.25,0.25,Entropia potencial
2205599,2.7713600035072533e-05,0.5,0.0,0.175011085440014,0.0,1.0,0.0,0.0,0.0,1.0,90.0,64,0.5,0.5,0.25,0.25,Entropia potencial
2205607,0.00010624832898435606,0.5,0.0,0.17504249933159374,0.0,1.0,0.0,0.0,0.0,1.0,90.0,64,0.5,0.5,0.25,0.25,Entropia potencial
2205706,0.00042112091780931177,0.5,0.0,0.17516844836712372,0.0,1.0,0.0,0.0,0.0,1.0,90.0,64,0.5,0.5,0.25,0.25,Entropia potencial
2205805,0.0002656171223807787,0.5,0.0,0.1751062468489523,0.0,1.0,0.0,0.0,0.0,1.0,90.0,64,0.5,0.5,0.25,0.25,Entropia potencial
2205854,6.040222207148213e-05,0.5,0.0,0.17502416088882858,0.0,1.0,0.0,0.0,0.0,1.0,90.0,64,0.5,0.5,0.25,0.25,Entropia potencial
2205904,4.1386981795653416e-05,0.5,0.0,0.17501655479271824,0.0,1.0,0.0,0.0,0.0,1.0,90.0,64,0.5,0.5,0.25,0.25,Entropia potencial
2205953,0.00022941130990695974,0.5,0.0,0.17509176452396277,0.0,1.0,0.0,0.0,0.0,1.0,90.0,64,0.5,0.5,0.25,0.25,Entropia potencial
2206001,4.109203255248022e-05,0.5,0.0,0.17501643681302098,0.0,1.0,0.0,0.0,0.0,1.0,90.0,64,0.5,0.5,0.25,0.25,Entropia potencial
2206050,3.4866383473458975e-05,0.5,0.0,0.17501394655338937,0.0,1.0,0.0,0.0,0.0,1.0,90.0,64,0.5,0.5,0.25,0.25,Entropia potencial
2206100,9.061284759893846e-05,0.5,0.0,0.17503624513903956,0.0,1.0,0.0,0.0,0.0,1.0,90.0,64,0.5,0.5,0.25,0.25,Entropia potencial
2206209,0.00034031856833455687,0.5,0.0,0.1751361274273338,0.0,1.0,0.0,0.0,0.0,1.0,90.0,64,0.5,0.5,0.25,0.25,Entropia potencial
2206308,1.2726161252039028e-05,0.5,0.0,0.1750050904645008,0.0,1.0,0.0,0.0,0.0,1.0,90.0,64,0.5,0.5,0.25,0.25,Entropia potencial
2206357,4.351188494539577e-05,0.5,0.0,0.17501740475397815,0.0,1.0,0.0,0.0,0.0,1.0,90.0,64,0.5,0.5,0.25,0.25,Entropia potencial
2206407,0.00013281701851635848,0.5,0.0,0.17505312680740653,0.0,1.0,0.0,0.0,0.0,1.0,90.0,64,0.5,0.5,0.25,0.25,Entropia potencial
2206506,6.572188010606099e-05,0.5,0.0,0.1750262887520424,0.0,1.0,0.0,0.0,0.0,1.0,90.0,64,0.5,0.5,0.25,0.25,Entropia potencial
2206605,0.0003462112102035439,0.5,0.0,0.1751384844840814,0.0,1.0,0.0,0.0,0.0,1.0,90.0,64,0.5,0.5,0.25,0.25,Entropia potencial
2206654,2.4136151150133165e-05,0.5,0.0,0.17500965446046005,0.0,1.0,0.0,0.0,0.0,1.0,90.0,64,0.5,0.5,0.25,0.25,Entropia potencial
2206670,4.951024338899683e-05,0.5,0.0,0.1750198040973556,0.0,1.0,0.0,0.0,0.0,1.0,90.0,64,0.5,0.5,0.25,0.25,Entropia potencial
2206696,7.025394965976521e-05,0.5,0.0,0.1750281015798639,0.0,1.0,0.0,0.0,0.0,1.0,90.0,64,0.5,0.5,0.25,0.25,Entropia potencial
2206704,5.28582873070237e-05,0.5,0.0,0.1750211433149228,0.0,1.0,0.0,0.0,0.0,1.0,90.0,64,0.5,0.5,0.25,0.25,Entropia potencial
2206720,9.728567778857714e-05,0.5,0.0,0.17503891427111543,0.0,1.0,0.0,0.0,0.0,1.0,90.0,64,0.5,0.5,0.25,0.25,Entropia potencial
2206753,4.458173668048994e-05,0.5,0.0,0.1750178326946722,0.0,1.0,0.0,0.0,0.0,1.0,90.0,64,0.5,0.5,0.25,0.25,Entropia potencial
2206803,8.158042346391425e-05,0.5,0.0,0.17503263216938555,0.0,1.0,0.0,0.0,0.0,1.0,90.0,64,0.5,0.5,0.25,0.25,Entropia potencial
2206902,4.244203321030161e-05,0.5,0.0,0.1750169768132841,0.0,1.0,0.0,0.0,0.0,1.0,90.0,64,0.5,0.5,0.25,0.25,Entropia potencial
2206951,1.2942880229997827e-05,0.5,0.0,0.175005177152092,0.0,1.0,0.0,0.0,0.0,1.0,90.0,64,0.5,0.5,0.25,0.25,Entropia potencial
2207009,0.0006844630195043961,0.5,0.0,0.17527378520780174,0.0,1.0,0.0,0.0,0.0,1.0,90.0,64,0.5,0.5,0.25,0.25,Entropia potencial
2207108,1.0935322478077064e-05,0.5,0.0,0.17500437412899122,0.0,1.0,0.0,0.0,0.0,1.0,90.0,64,0.5,0.5,0.25,0.25,Entropia potencial
2207207,5.888096056278599e-05,0.5,0.0,0.1750235523842251,0.0,1.0,0.0,0.0,0.0,1.0,90.0,64,0.5,0.5,0.25,0.25,Entropia potencial
2207306,2.619973868659937e-05,0.5,0.0,0.17501047989547464,0.0,1.0,0.0,0.0,0.0,1.0,90.0,64,0.5,0.5,0.25,0.25,Entropia potencial
2207355,2.4589675255227427e-05,0.5,0.0,0.17500983587010208,0.0,1.0,0.0,0.0,0.0,1.0,90.0,64,0.5,0.5,0.25,0.25,Entropia potencial
2207405,0.00013401267297524335,0.5,0.0,0.1750536050691901,0.0,1.0,0.0,0.0,0.0,1.0,90.0,64,0.5,0.5,0.25,0.25,Entropia potencial
2207504,0.0001352833862021042,0.5,0.0,0.17505411335448082,0.0,1.0,0.0,0.0,0.0,1.0,90.0,64,0.5,0.5,0.25,0.25,Entropia potencial
2207553,3.1037329140938186e-05,0.5,0.0,0.17501241493165637,0.0,1.0,0.0,0.0,0.0,1.0,90.0,64,0.5,0.5,0.25,0.25,Entropia potencial
2207603,0.00010167080130356782,0.5,0.0,0.17504066832052143,0.0,1.0,0.0,0.0,0.0,1.0,90.0,64,0.5,0.5,0.25,0.25,Entropia potencial
2207702,0.00343852250557606,0.5,0.0,0.17637540900223042,0.0,1.0,0.0,0.0,0.0,1.0,90.0,64,0.5,0.5,0.25,0.25,Entropia potencial
2207751,3.2550133323665196e-05,0.5,0.0,0.17501302005332944,0.0,1.0,0.0,0.0,0.0,1.0,90.0,64,0.5,0.5,0.25,0.25,Entropia potencial
2207777,4.0831969778929675e-05,0.5,0.0,0.17501633278791157,0.0,1.0,0.0,0.0,0.0,1.0,90.0,64,0.5,0.5,0.25,0.25,Entropia potencial
2207793,1.7108113269791295e-05,0.5,0.0,0.1750068432453079,0.0,1.0,0.0,0.0,0.0,1.0,90.0,64,0.5,0.5,0.25,0.25,Entropia potencial
2207801,0.0002887045651107405,0.5,0.0,0.17511548182604428,0.0,1.0,0.0,0.0,0.0,1.0,90.0,64,0.5,0.5,0.25,0.25,Entropia potencial
2207850,2.1500636945004963e-05,0.5,0.0,0.175008600254778,0.0,1.0,0.0,0.0,0.0,1.0,90.0,64,0.5,0.5,0.25,0.25,Entropia potencial
2207900,0.00042711821908716663,0.5,0.0,0.17517084728763485,0.0,1.0,0.0,0.0,0.0,1.0,90.0,64,0.5,0.5,0.25,0.25,Entropia potencial
2207934,1.3513749732913679e-05,0.5,0.0,0.17500540549989316,0.0,1.0,0.0,0.0,0.0,1.0,90.0,64,0.5,0.5,0.25,0.25,Entropia potencial
2207959,2.664691979721679e-05,0.5,0.0,0.17501065876791888,0.0,1.0,0.0,0.0,0.0,1.0,90.0,64,0.5,0.5,0.25,0.25,Entropia potencial
2208007,0.002270278240157114,0.5,0.0,0.17590811129606285,0.0,1.0,0.0,0.0,0.0,1.0,90.0,64,0.5,0.5,0.25,0.25,Entropia potencial
2208106,9.600545007000102e-05,0.5,0.0,0.175038402180028,0.0,1.0,0.0,0.0,0.0,1.0,90.0,64,0.5,0.5,0.25,0.25,Entropia potencial
2208205,0.00021022058011727171,0.5,0.0,0.1750840882320469,0.0,1.0,0.0,0.0,0.0,1.0,90.0,64,0.5,0.5,0.25,0.25,Entropia potencial
2208304,0.0004095269810713892,0.5,0.0,0.17516381079242854,0.0,1.0,0.0,0.0,0.0,1.0,90.0,64,0.5,0.5,0.25,0.25,Entropia potencial
2208403,0.0010707133251772645,0.5,0.0,0.1754282853300709,0.0,1.0,0.0,0.0,0.0,1.0,90.0,64,0.5,0.5,0.25,0.25,Entropia potencial
2208502,0.00012494324803910423,0.5,0.0,0.17504997729921562,0.0,1.0,0.0,0.0,0.0,1.0,90.0,64,0.5,0.5,0.25,0.25,Entropia potencial
2208551,3.0157767240149308e-05,0.5,0.0,0.17501206310689604,0.0,1.0,0.0,0.0,0.0,1.0,90.0,64,0.5,0.5,0.25,0.25,Entropia potencial
2208601,1.402330362255339e-05,0.5,0.0,0.175005609321449,0.0,1.0,0.0,0.0,0.0,1.0,90.0,64,0.5,0.5,0.25,0.25,Entropia potencial
2208650,0.00024891496075750533,0.5,0.0,0.17509956598430299,0.0,1.0,0.0,0.0,0.0,1.0,90.0,64,0.5,0.5,0.25,0.25,Entropia potencial
2208700,9.678669555639883e-05,0.5,0.0,0.17503871467822255,0.0,1.0,0.0,0.0,0.0,1.0,90.0,64,0.5,0.5,0.25,0.25,Entropia potencial
2208809,0.0002952420780848732,0.5,0.0,0.17511809683123394,0.0,1.0,0.0,0.0,0.0,1.0,90.0,64,0.5,0.5,0.25,0.25,Entropia potencial
2208858,2.8996999250887067e-05,0.5,0.0,0.17501159879970035,0.0,1.0,0.0,0.0,0.0,1.0,90.0,64,0.5,0.5,0.25,0.25,Entropia potencial
2208874,0.00022510018799419887,0.5,0.0,0.17509004007519766,0.0,1.0,0.0,0.0,0.0,1.0,90.0,64,0.5,0.5,0.25,0.25,Entropia potencial
2208908,0.0009154801641797432,0.5,0.0,0.1753661920656719,0.0,1.0,0.0,0.0,0.0,1.0,90.0,64,0.5,0.5,0.25,0.25,Entropia potencial
2209005,4.1811962425601884e-05,0.5,0.0,0.17501672478497024,0.0,1.0,0.0,0.0,0.0,1.0,90.0,64,0.5,0.5,0.25,0.25,Entropia potencial
2209104,4.777226290234188e-05,0.5,0.0,0.17501910890516093,0.0,1.0,0.0,0.0,0.0,1.0,90.0,64,0.5,0.5,0.25,0.25,Entropia potencial
2209153,2.73446491896695e-05,0.5,0.0,0.17501093785967586,0.0,1.0,0.0,0.0,0.0,1.0,90.0,64,0.5,0.5,0.25,0.25,Entropia potencial
2209203,0.0008763682030697842,0.5,0.0,0.1753505472812279,0.0,1.0,0.0,0.0,0.0,1.0,90.0,64,0.5,0.5,0.25,0.25,Entropia potencial
2209302,5.564074755086544e-05,0.5,0.0,0.17502225629902032,0.0,1.0,0.0,0.0,0.0,1.0,90.0,64,0.5,0.5,0.25,0.25,Entropia potencial
2209351,2.4676362846410946e-05,0.5,0.0,0.17500987054513856,0.0,1.0,0.0,0.0,0.0,1.0,90.0,64,0.5,0.5,0.25,0.25,Entropia potencial
2209377,3.50968456061176e-05,0.5,0.0,0.17501403873824242,0.0,1.0,0.0,0.0,0.0,1.0,90.0,64,0.5,0.5,0.25,0.25,Entropia potencial
2209401,6.877603194666082e-05,0.5,0.0,0.17502751041277864,0.0,1.0,0.0,0.0,0.0,1.0,90.0,64,0.5,0.5,0.25,0.25,Entropia potencial
2209450,0.0,0.5,0.0,0.175,0.0,1.0,0.0,0.0,0.0,1.0,90.0,64,0.5,0.5,0.25,0.25,Entropia potencial
2209500,2.476516476908675e-05,0.5,0.0,0.17500990606590763,0.0,1.0,0.0,0.0,0.0,1.0,90.0,64,0.5,0.5,0.25,0.25,Entropia potencial
2209559,2.3238617431659904e-05,0.5,0.0,0.17500929544697266,0.0,1.0,0.0,0.0,0.0,1.0,90.0,64,0.5,0.5,0.25,0.25,Entropia potencial
2209609,1.3054939799088713e-05,0.5,0.0,0.1750052219759196,0.0,1.0,0.0,0.0,0.0,1.0,90.0,64,0.5,0.5,0.25,0.25,Entropia potencial
2209658,4.158150029294327e-05,0.5,0.0,0.17501663260011716,0.0,1.0,0.0,0.0,0.0,1.0,90.0,64,0.5,0.5,0.25,0.25,Entropia potencial
2209708,3.9740974728912705e-05,0.5,0.0,0.17501589638989157,0.0,1.0,0.0,0.0,0.0,1.0,90.0,64,0.5,0.5,0.25,0.25,Entropia potencial
2209757,4.12114922817941e-05,0.5,0.0,0.1750164845969127,0.0,1.0,0.0,0.0,0.0,1.0,90.0,64,0.5,0.5,0.25,0.25,Entropia potencial
2209807,5.700554852913279e-05,0.5,0.0,0.17502280221941163,0.0,1.0,0.0,0.0,0.0,1.0,90.0,64,0.5,0.5,0.25,0.25,Entropia potencial
2209856,2.8965284278502852e-05,0.5,0.0,0.1750115861137114,0.0,1.0,0.0,0.0,0.0,1.0,90.0,64,0.5,0.5,0.25,0.25,Entropia potencial
2209872,4.547398457023249e-05,0.5,0.0,0.1750181895938281,0.0,1.0,0.0,0.0,0.0,1.0,90.0,64,0.5,0.5,0.25,0.25,Entropia potencial
2209906,4.820570085825948e-05,0.5,0.0,0.1750192822803433,0.0,1.0,0.0,0.0,0.0,1.0,90.0,64,0.5,0.5,0.25,0.25,Entropia potencial
2209955,1.971296966828142e-05,0.5,0.0,0.1750078851878673,0.0,1.0,0.0,0.0,0.0,1.0,90.0,64,0.5,0.5,0.25,0.25,Entropia potencial
2209971,6.443530939300804e-05,0.5,0.0,0.1750257741237572,0.0,1.0,0.0,0.0,0.0,1.0,90.0,64,0.5,0.5,0.25,0.25,Entropia potencial
2210003,0.0003898066112428848,0.5,0.0,0.17515592264449714,0.0,1.0,0.0,0.0,0.0,1.0,90.0,64,0.5,0.5,0.25,0.25,Entropia potencial
2210052,4.8397047858310906e-05,0.5,0.0,0.17501935881914332,0.0,1.0,0.0,0.0,0.0,1.0,90.0,64,0.5,0.5,0.25,0.25,Entropia potencial
2210102,2.487511000668536e-05,0.5,0.0,0.17500995004400266,0.0,1.0,0.0,0.0,0.0,1.0,90.0,64,0.5,0.5,0.25,0.25,Entropia potencial
2210201,5.230010379306153e-05,0.5,0.0,0.1750209200415172,0.0,1.0,0.0,0.0,0.0,1.0,90.0,64,0.5,0.5,0.25,0.25,Entropia potencial
2210300,4.358165788464104e-05,0.5,0.0,0.17501743266315384,0.0,1.0,0.0,0.0,0.0,1.0,90.0,64,0.5,0.5,0.25,0.25,Entropia potencial
2210359,3.0482317124214428e-05,0.5,0.0,0.17501219292684966,0.0,1.0,0.0,0.0,0.0,1.0,90.0,64,0.5,0.5,0.25,0.25,Entropia potencial
2210375,3.653564818661477e-06,0.5,0.0,0.17500146142592746,0.0,1.0,0.0,0.0,0.0,1.0,90.0,64,0.5,0.5,0.25,0.25,Entropia potencial
2210383,1.0787319273617398e-05,0.5,0.0,0.17500431492770943,0.0,1.0,0.0,0.0,0.0,1.0,90.0,64,0.5,0.5,0.25,0.25,Entropia potencial
2210391,1.2563357727133395e-05,0.5,0.0,0.17500502534309084,0.0,1.0,0.0,0.0,0.0,1.0,90.0,64,0.5,0.5,0.25,0.25,Entropia potencial
2210409,0.00016164804274510148,0.5,0.0,0.17506465921709802,0.0,1.0,0.0,0.0,0.0,1.0,90.0,64,0.5,0.5,0.25,0.25,Entropia potencial
2210508,0.00012924696979164208,0.5,0.0,0.17505169878791665,0.0,1.0,0.0,0.0,0.0,1.0,90.0,64,0.5,0.5,0.25,0.25,Entropia potencial
2210607,0.0006687715083344331,0.5,0.0,0.17526750860333376,0.0,1.0,0.0,0.0,0.0,1.0,90.0,64,0.5,0.5,0.25,0.25,Entropia potencial
2210623,3.3840932699702724e-05,0.5,0.0,0.17501353637307987,0.0,1.0,0.0,0.0,0.0,1.0,90.0,64,0.5,0.5,0.25,0.25,Entropia potencial
2210631,0.0007037224650675833,0.5,0.0,0.17528148898602702,0.0,1.0,0.0,0.0,0.0,1.0,90.0,64,0.5,0.5,0.25,0.25,Entropia potencial
2210656,6.511295263628408e-05,0.5,0.0,0.1750260451810545,0.0,1.0,0.0,0.0,0.0,1.0,90.0,64,0.5,0.5,0.25,0.25,Entropia potencial
2210706,0.000413732386409536,0.5,0.0,0.1751654929545638,0.0,1.0,0.0,0.0,0.0,1.0,90.0,64,0.5,0.5,0.25,0.25,Entropia potencial
2210805,0.00019754516282104742,0.5,0.0,0.1750790180651284,0.0,1.0,0.0,0.0,0.0,1.0,90.0,64,0.5,0.5,0.25,0.25,Entropia potencial
2210904,2.3912032011951386e-05,0.5,0.0,0.17500956481280477,0.0,1.0,0.0,0.0,0.0,1.0,90.0,64,0.5,0.5,0.25,0.25,Entropia potencial
2210938,5.3443957130385524e-05,0.5,0.0,0.17502137758285213,0.0,1.0,0.0,0.0,0.0,1.0,90.0,64,0.5,0.5,0.25,0.25,Entropia potencial
2210953,1.3426004975984021e-05,0.5,0.0,0.17500537040199038,0.0,1.0,0.0,0.0,0.0,1.0,90.0,64,0.5,0.5,0.25,0.25,Entropia potencial
2210979,1.6820564186841087e-05,0.5,0.0,0.17500672822567473,0.0,1.0,0.0,0.0,0.0,1.0,90.0,64,0.5,0.5,0.25,0.25,Entropia potencial
2211001,0.027404558772503286,0.5,0.0,0.1859618235090013,0.0,1.0,0.0,0.0,0.0,1.0,90.0,64,0.5,0.5,0.25,0.25,Entropia potencial
2211100,0.0005238287987098433,0.5,0.0,0.17520953151948393,0.0,1.0,0.0,0.0,0.0,1.0,90.0,64,0.5,0.5,0.25,0.25,Entropia potencial
2211209,0.0041047399014678175,0.5,0.0,0.1766418959605871,0.0,1.0,0.0,0.0,0.0,1.0,90.0,64,0.5,0.5,0.25,0.25,Entropia potencial
2211308,0.0003237221232858976,0.5,0.0,0.17512948884931434,0.0,1.0,0.0,0.0,0.0,1.0,90.0,64,0.5,0.5,0.25,0.25,Entropia potencial
2211357,3.340855190953126e-05,0.5,0.0,0.1750133634207638,0.0,1.0,0.0,0.0,0.0,1.0,90.0,64,0.5,0.5,0.25,0.25,Entropia potencial
2211407,2.6559175040287133e-05,0.5,0.0,0.1750106236700161,0.0,1.0,0.0,0.0,0.0,1.0,90.0,64,0.5,0.5,0.25,0.25,Entropia potencial
2211506,1.6931566590185835e-05,0.5,0.0,0.17500677262663605,0.0,1.0,0.0,0.0,0.0,1.0,90.0,64,0.5,0.5,0.25,0.25,Entropia potencial
2211605,1.722968733059745e-05,0.5,0.0,0.17500689187493224,0.0,1.0,0.0,0.0,0.0,1.0,90.0,64,0.5,0.5,0.25,0.25,Entropia potencial
2211704,2.4691163166856912e-05,0.5,0.0,0.17500987646526672,0.0,1.0,0.0,0.0,0.0,1.0,90.0,64,0.5,0.5,0.25,0.25,Entropia potencial
2300101,0.00011182276396375478,0.5,0.0,0.1750447291055855,0.0,1.0,0.0,0.0,0.0,1.0,90.0,64,0.5,0.5,0.25,0.25,Entropia potencial
2300150,0.00017177780492461952,0.5,0.0,0.17506871112196984,0.0,1.0,0.0,0.0,0.0,1.0,90.0,64,0.5,0.5,0.25,0.25,Entropia potencial
2300200,0.0012301751491593474,0.5,0.0,0.17549207005966372,0.0,1.0,0.0,0.0,0.0,1.0,90.0,64,0.5,0.5,0.25,0.25,Entropia potencial
2300309,0.0006165115768397249,0.5,0.0,0.17524660463073588,0.0,1.0,0.0,0.0,0.0,1.0,90.0,64,0.5,0.5,0.25,0.25,Entropia potencial
2300408,0.00013291322059925725,0.5,0.0,0.1750531652882397,0.0,1.0,0.0,0.0,0.0,1.0,90.0,64,0.5,0.5,0.25,0.25,Entropia potencial
2300507,8.959691131689746e-05,0.5,0.0,0.17503583876452675,0.0,1.0,0.0,0.0,0.0,1.0,90.0,64,0.5,0.5,0.25,0.25,Entropia potencial
2300606,6.468057184611263e-05,0.5,0.0,0.17502587222873844,0.0,1.0,0.0,0.0,0.0,1.0,90.0,64,0.5,0.5,0.25,0.25,Entropia potencial
2300705,0.00023191150689658196,0.5,0.0,0.17509276460275863,0.0,1.0,0.0,0.0,0.0,1.0,90.0,64,0.5,0.5,0.25,0.25,Entropia potencial
2300754,0.0007015013598349422,0.5,0.0,0.17528060054393396,0.0,1.0,0.0,0.0,0.0,1.0,90.0,64,0.5,0.5,0.25,0.25,Entropia potencial
2300804,7.211984720170314e-05,0.5,0.0,0.17502884793888068,0.0,1.0,0.0,0.0,0.0,1.0,90.0,64,0.5,0.5,0.25,0.25,Entropia potencial
2300903,0.00011992488224217538,0.5,0.0,0.17504796995289687,0.0,1.0,0.0,0.0,0.0,1.0,90.0,64,0.5,0.5,0.25,0.25,Entropia potencial
2301000,0.0046600204382910865,0.5,0.0,0.17686400817531642,0.0,1.0,0.0,0.0,0.0,1.0,90.0,64,0.5,0.5,0.25,0.25,Entropia potencial
2301109,0.0018713482885250373,0.5,0.0,0.17574853931541,0.0,1.0,0.0,0.0,0.0,1.0,90.0,64,0.5,0.5,0.25,0.25,Entropia potencial
2301208,0.00027955585274364085,0.5,0.0,0.17511182234109746,0.0,1.0,0.0,0.0,0.0,1.0,90.0,64,0.5,0.5,0.25,0.25,Entropia potencial
2301257,0.00010213912572910804,0.5,0.0,0.17504085565029162,0.0,1.0,0.0,0.0,0.0,1.0,90.0,64,0.5,0.5,0.25,0.25,Entropia potencial
2301307,0.0002095048789071346,0.5,0.0,0.17508380195156284,0.0,1.0,0.0,0.0,0.0,1.0,90.0,64,0.5,0.5,0.25,0.25,Entropia potencial
2301406,0.0001461626788956358,0.5,0.0,0.17505846507155826,0.0,1.0,0.0,0.0,0.0,1.0,90.0,64,0.5,0.5,0.25,0.25,Entropia potencial
2301505,6.409913068573537e-05,0.5,0.0,0.17502563965227427,0.0,1.0,0.0,0.0,0.0,1.0,90.0,64,0.5,0.5,0.25,0.25,Entropia potencial
2301604,0.00026643008283956074,0.5,0.0,0.17510657203313582,0.0,1.0,0.0,0.0,0.0,1.0,90.0,64,0.5,0.5,0.25,0.25,Entropia potencial
2301703,0.00024295677461225765,0.5,0.0,0.1750971827098449,0.0,1.0,0.0,0.0,0.0,1.0,90.0,64,0.5,0.5,0.25,0.25,Entropia potencial
2301802,5.1420541892272664e-05,0.5,0.0,0.1750205682167569,0.0,1.0,0.0,0.0,0.0,1.0,90.0,64,0.5,0.5,0.25,0.25,Entropia potencial
2301851,0.00029171220165851016,0.5,0.0,0.1751166848806634,0.0,1.0,0.0,0.0,0.0,1.0,90.0,64,0.5,0.5,0.25,0.25,Entropia potencial
2301901,0.0016689317059457745,0.5,0.0,0.1756675726823783,0.0,1.0,0.0,0.0,0.0,1.0,90.0,64,0.5,0.5,0.25,0.25,Entropia potencial
2301950,0.0002604211527384983,0.5,0.0,0.1751041684610954,0.0,1.0,0.0,0.0,0.0,1.0,90.0,64,0.5,0.5,0.25,0.25,Entropia potencial
2302008,0.0002553108135216552,0.5,0.0,0.17510212432540864,0.0,1.0,0.0,0.0,0.0,1.0,90.0,64,0.5,0.5,0.25,0.25,Entropia potencial
2302057,0.00013715774107001127,0.5,0.0,0.17505486309642798,0.0,1.0,0.0,0.0,0.0,1.0,90.0,64,0.5,0.5,0.25,0.25,Entropia potencial
2302107,0.0005100296142254718,0.5,0.0,0.17520401184569018,0.0,1.0,0.0,0.0,0.0,1.0,90.0,64,0.5,0.5,0.25,0.25,Entropia potencial
2302206,0.0012557797035308697,0.5,0.0,0.17550231188141233,0.0,1.0,0.0,0.0,0.0,1.0,90.0,64,0.5,0.5,0.25,0.25,Entropia potencial
2302305,0.00035146320963036975,0.5,0.0,0.17514058528385212,0.0,1.0,0.0,0.0,0.0,1.0,90.0,64,0.5,0.5,0.25,0.25,Entropia potencial
2302404,0.0005955923810550971,0.5,0.0,0.17523823695242202,0.0,1.0,0.0,0.0,0.0,1.0,90.0,64,0.5,0.5,0.25,0.25,Entropia potencial
2302503,0.0010451880582367026,0.5,0.0,0.17541807522329467,0.0,1.0,0.0,0.0,0.0,1.0,90.0,64,0.5,0.5,0.25,0.25,Entropia potencial
2302602,0.0008826149954637283,0.5,0.0,0.1753530459981855,0.0,1.0,0.0,0.0,0.0,1.0,90.0,64,0.5,0.5,0.25,0.25,Entropia potencial
2302701,0.00031069784129344693,0.5,0.0,0.17512427913651737,0.0,1.0,0.0,0.0,0.0,1.0,90.0,64,0.5,0.5,0.25,0.25,Entropia potencial
2302800,0.0010575812122787076,0.5,0.0,0.17542303248491148,0.0,1.0,0.0,0.0,0.0,1.0,90.0,64,0.5,0.5,0.25,0.25,Entropia potencial
2302909,0.00017878998531876928,0.5,0.0,0.17507151599412749,0.0,1.0,0.0,0.0,0.0,1.0,90.0,64,0.5,0.5,0.25,0.25,Entropia potencial
2303006,0.00017593246630695156,0.5,0.0,0.17507037298652278,0.0,1.0,0.0,0.0,0.0,1.0,90.0,64,0.5,0.5,0.25,0.25,Entropia potencial
2303105,0.00019787817003108168,0.5,0.0,0.17507915126801243,0.0,1.0,0.0,0.0,0.0,1.0,90.0,64,0.5,0.5,0.25,0.25,Entropia potencial
2303204,0.00026498070860160215,0.5,0.0,0.17510599228344062,0.0,1.0,0.0,0.0,0.0,1.0,90.0,64,0.5,0.5,0.25,0.25,Entropia potencial
2303303,0.0001828547876126794,0.5,0.0,0.17507314191504506,0.0,1.0,0.0,0.0,0.0,1.0,90.0,64,0.5,0.5,0.25,0.25,Entropia potencial
2303402,0.00017382130631190905,0.5,0.0,0.17506952852252475,0.0,1.0,0.0,0.0,0.0,1.0,90.0,64,0.5,0.5,0.25,0.25,Entropia potencial
2303501,0.0012281327049378041,0.5,0.0,0.1754912530819751,0.0,1.0,0.0,0.0,0.0,1.0,90.0,64,0.5,0.5,0.25,0.25,Entropia potencial
2303600,0.00011782640823608656,0.5,0.0,0.17504713056329443,0.0,1.0,0.0,0.0,0.0,1.0,90.0,64,0.5,0.5,0.25,0.25,Entropia potencial
2303659,0.00010171203076766731,0.5,0.0,0.17504068481230706,0.0,1.0,0.0,0.0,0.0,1.0,90.0,64,0.5,0.5,0.25,0.25,Entropia potencial
2303709,0.01043478198358895,0.5,0.0,0.17917391279343556,0.0,1.0,0.0,0.0,0.0,1.0,90.0,64,0.5,0.5,0.25,0.25,Entropia potencial
2303808,0.000253239825824966,0.5,0.0,0.17510129593032997,0.0,1.0,0.0,0.0,0.0,1.0,90.0,64,0.5,0.5,0.25,0.25,Entropia potencial
2303907,0.00011019155721746004,0.5,0.0,0.17504407662288698,0.0,1.0,0.0,0.0,0.0,1.0,90.0,64,0.5,0.5,0.25,0.25,Entropia potencial
2303931,0.00018176167823117016,0.5,0.0,0.17507270467129246,0.0,1.0,0.0,0.0,0.0,1.0,90.0,64,0.5,0.5,0.25,0.25,Entropia potencial
2303956,0.00024775630709973536,0.5,0.0,0.1750991025228399,0.0,1.0,0.0,0.0,0.0,1.0,90.0,64,0.5,0.5,0.25,0.25,Entropia potencial
2304004,0.00022747563942577653,0.5,0.0,0.1750909902557703,0.0,1.0,0.0,0.0,0.0,1.0,90.0,64,0.5,0.5,0.25,0.25,Entropia potencial
2304103,0.001128906070839313,0.5,0.0,0.1754515624283357,0.0,1.0,0.0,0.0,0.0,1.0,90.0,64,0.5,0.5,0.25,0.25,Entropia potencial
2304202,0.002280716694734505,0.5,0.0,0.1759122866778938,0.0,1.0,0.0,0.0,0.0,1.0,90.0,64,0.5,0.5,0.25,0.25,Entropia potencial
2304236,0.00022468895051895024,0.5,0.0,0.17508987558020758,0.0,1.0,0.0,0.0,0.0,1.0,90.0,64,0.5,0.5,0.25,0.25,Entropia potencial
2304251,0.00047493594011659254,0.5,0.0,0.17518997437604664,0.0,1.0,0.0,0.0,0.0,1.0,90.0,64,0.5,0.5,0.25,0.25,Entropia potencial
2304269,9.554029714169921e-05,0.5,0.0,0.17503821611885667,0.0,1.0,0.0,0.0,0.0,1.0,90.0,64,0.5,0.5,0.25,0.25,Entropia potencial
2304277,7.633793852880363e-05,0.5,0.0,0.1750305351754115,0.0,1.0,0.0,0.0,0.0,1.0,90.0,64,0.5,0.5,0.25,0.25,Entropia potencial
2304285,0.004795618859885541,0.5,0.0,0.17691824754395422,0.0,1.0,0.0,0.0,0.0,1.0,90.0,64,0.5,0.5,0.25,0.25,Entropia potencial
2304301,0.00021644094336756227,0.5,0.0,0.175086576377347,0.0,1.0,0.0,0.0,0.0,1.0,90.0,64,0.5,0.5,0.25,0.25,Entropia potencial
2304350,0.00030604102618169815,0.5,0.0,0.17512241641047266,0.0,1.0,0.0,0.0,0.0,1.0,90.0,64,0.5,0.5,0.25,0.25,Entropia potencial
2304400,0.08599125196402234,0.5,0.0,0.20939650078560892,0.0,1.0,0.0,0.0,0.0,1.0,90.0,64,0.5,0.5,0.25,0.25,Entropia potencial
2304459,0.0003280681316682811,0.5,0.0,0.1751312272526673,0.0,1.0,0.0,0.0,0.0,1.0,90.0,64,0.5,0.5,0.25,0.25,Entropia potencial
2304509,0.00035503114402359384,0.5,0.0,0.17514201245760944,0.0,1.0,0.0,0.0,0.0,1.0,90.0,64,0.5,0.5,0.25,0.25,Entropia potencial
2304608,7.28471772350478e-05,0.5,0.0,0.175029138870894,0.0,1.0,0.0,0.0,0.0,1.0,90.0,64,0.5,0.5,0.25,0.25,Entropia potencial
2304657,0.0001224092217456055,0.5,0.0,0.17504896368869824,0.0,1.0,0.0,0.0,0.0,1.0,90.0,64,0.5,0.5,0.25,0.25,Entropia potencial
2304707,0.0005221183045325881,0.5,0.0,0.17520884732181302,0.0,1.0,0.0,0.0,0.0,1.0,90.0,64,0.5,0.5,0.25,0.25,Entropia potencial
2304806,3.6367558832978454e-05,0.5,0.0,0.17501454702353317,0.0,1.0,0.0,0.0,0.0,1.0,90.0,64,0.5,0.5,0.25,0.25,Entropia potencial
2304905,0.00010853814999049635,0.5,0.0,0.1750434152599962,0.0,1.0,0.0,0.0,0.0,1.0,90.0,64,0.5,0.5,0.25,0.25,Entropia potencial
2304954,0.00026571861029240816,0.5,0.0,0.17510628744411696,0.0,1.0,0.0,0.0,0.0,1.0,90.0,64,0.5,0.5,0.25,0.25,Entropia potencial
2305001,0.0007474256970130305,0.5,0.0,0.1752989702788052,0.0,1.0,0.0,0.0,0.0,1.0,90.0,64,0.5,0.5,0.25,0.25,Entropia potencial
2305100,7.724181524175374e-05,0.5,0.0,0.1750308967260967,0.0,1.0,0.0,0.0,0.0,1.0,90.0,64,0.5,0.5,0.25,0.25,Entropia potencial
2305209,0.00019356810528406695,0.5,0.0,0.17507742724211361,0.0,1.0,0.0,0.0,0.0,1.0,90.0,64,0.5,0.5,0.25,0.25,Entropia potencial
2305233,0.0026222626325003314,0.5,0.0,0.1760489050530001,0.0,1.0,0.0,0.0,0.0,1.0,90.0,64,0.5,0.5,0.25,0.25,Entropia potencial
2305266,0.00013032210735546695,0.5,0.0,0.1750521288429422,0.0,1.0,0.0,0.0,0.0,1.0,90.0,64,0.5,0.5,0.25,0.25,Entropia potencial
2305308,0.0003802931766933666,0.5,0.0,0.17515211727067734,0.0,1.0,0.0,0.0,0.0,1.0,90.0,64,0.5,0.5,0.25,0.25,Entropia potencial
2305332,0.00011025181566499004,0.5,0.0,0.17504410072626597,0.0,1.0,0.0,0.0,0.0,1.0,90.0,64,0.5,0.5,0.25,0.25,Entropia potencial
2305357,0.00040131491755536995,0.5,0.0,0.17516052596702214,0.0,1.0,0.0,0.0,0.0,1.0,90.0,64,0.5,0.5,0.25,0.25,Entropia potencial
2305407,0.000819728433888816,0.5,0.0,0.1753278913735555,0.0,1.0,0.0,0.0,0.0,1.0,90.0,64,0.5,0.5,0.25,0.25,Entropia potencial
2305506,0.002149768745257323,0.5,0.0,0.17585990749810293,0.0,1.0,0.0,0.0,0.0,1.0,90.0,64,0.5,0.5,0.25,0.25,Entropia potencial
2305605,0.0003451117578275578,0.5,0.0,0.17513804470313102,0.0,1.0,0.0,0.0,0.0,1.0,90.0,64,0.5,0.5,0.25,0.25,Entropia potencial
2305654,0.00010122784885593496,0.5,0.0,0.17504049113954237,0.0,1.0,0.0,0.0,0.0,1.0,90.0,64,0.5,0.5,0.25,0.25,Entropia potencial
2305704,0.0001544942021409689,0.5,0.0,0.1750617976808564,0.0,1.0,0.0,0.0,0.0,1.0,90.0,64,0.5,0.5,0.25,0.25,Entropia potencial
2305803,0.0005857269103121143,0.5,0.0,0.17523429076412483,0.0,1.0,0.0,0.0,0.0,1.0,90.0,64,0.5,0.5,0.25,0.25,Entropia potencial
2305902,0.00038540457307595583,0.5,0.0,0.17515416182923038,0.0,1.0,0.0,0.0,0.0,1.0,90.0,64,0.5,0.5,0.25,0.25,Entropia potencial
2306009,0.00020111944020874837,0.5,0.0,0.17508044777608348,0.0,1.0,0.0,0.0,0.0,1.0,90.0,64,0.5,0.5,0.25,0.25,Entropia potencial
2306108,0.00024378559255723174,0.5,0.0,0.17509751423702288,0.0,1.0,0.0,0.0,0.0,1.0,90.0,64,0.5,0.5,0.25,0.25,Entropia potencial
2306207,7.226996473765509e-05,0.5,0.0,0.17502890798589504,0.0,1.0,0.0,0.0,0.0,1.0,90.0,64,0.5,0.5,0.25,0.25,Entropia potencial
2306256,0.001657420228136051,0.5,0.0,0.1756629680912544,0.0,1.0,0.0,0.0,0.0,1.0,90.0,64,0.5,0.5,0.25,0.25,Entropia potencial
2306306,0.000720352739420119,0.5,0.0,0.17528814109576804,0.0,1.0,0.0,0.0,0.0,1.0,90.0,64,0.5,0.5,0.25,0.25,Entropia potencial
2306405,0.0022294018694168465,0.5,0.0,0.17589176074776672,0.0,1.0,0.0,0.0,0.0,1.0,90.0,64,0.5,0.5,0.25,0.25,Entropia potencial
2306504,0.00017055149265909656,0.5,0.0,0.17506822059706362,0.0,1.0,0.0,0.0,0.0,1.0,90.0,64,0.5,0.5,0.25,0.25,Entropia potencial
2306553,0.000741867119519824,0.5,0.0,0.1752967468478079,0.0,1.0,0.0,0.0,0.0,1.0,90.0,64,0.5,0.5,0.25,0.25,Entropia potencial
2306603,0.00017878469949003857,0.5,0.0,0.175071513879796,0.0,1.0,0.0,0.0,0.0,1.0,90.0,64,0.5,0.5,0.25,0.25,Entropia potencial
2306702,0.0002496444051223423,0.5,0.0,0.17509985776204892,0.0,1.0,0.0,0.0,0.0,1.0,90.0,64,0.5,0.5,0.25,0.25,Entropia potencial
2306801,0.00015228366856578915,0.5,0.0,0.1750609134674263,0.0,1.0,0.0,0.0,0.0,1.0,90.0,64,0.5,0.5,0.25,0.25,Entropia potencial
2306900,0.0006519467154846075,0.5,0.0,0.17526077868619383,0.0,1.0,0.0,0.0,0.0,1.0,90.0,64,0.5,0.5,0.25,0.25,Entropia potencial
2307007,0.0006107658810094514,0.5,0.0,0.17524430635240376,0.0,1.0,0.0,0.0,0.0,1.0,90.0,64,0.5,0.5,0.25,0.25,Entropia potencial
2307106,0.0003057217621263637,0.5,0.0,0.17512228870485053,0.0,1.0,0.0,0.0,0.0,1.0,90.0,64,0.5,0.5,0.25,0.25,Entropia potencial
2307205,0.0001261367881664968,0.5,0.0,0.1750504547152666,0.0,1.0,0.0,0.0,0.0,1.0,90.0,64,0.5,0.5,0.25,0.25,Entropia potencial
2307254,0.0007141302618383363,0.5,0.0,0.17528565210473532,0.0,1.0,0.0,0.0,0.0,1.0,90.0,64,0.5,0.5,0.25,0.25,Entropia potencial
2307304,0.0060921417312726645,0.5,0.0,0.17743685669250905,0.0,1.0,0.0,0.0,0.0,1.0,90.0,64,0.5,0.5,0.25,0.25,Entropia potencial
2307403,0.00034467726270589403,0.5,0.0,0.17513787090508234,0.0,1.0,0.0,0.0,0.0,1.0,90.0,64,0.5,0.5,0.25,0.25,Entropia potencial
2307502,0.0003907390314309807,0.5,0.0,0.17515629561257237,0.0,1.0,0.0,0.0,0.0,1.0,90.0,64,0.5,0.5,0.25,0.25,Entropia potencial
2307601,0.00172415064436393,0.5,0.0,0.17568966025774557,0.0,1.0,0.0,0.0,0.0,1.0,90.0,64,0.5,0.5,0.25,0.25,Entropia potencial
2307635,0.00019792257099241956,0.5,0.0,0.17507916902839696,0.0,1.0,0.0,0.0,0.0,1.0,90.0,64,0.5,0.5,0.25,0.25,Entropia potencial
2307650,0.014783316992105716,0.5,0.0,0.18091332679684227,0.0,1.0,0.0,0.0,0.0,1.0,90.0,64,0.5,0.5,0.25,0.25,Entropia potencial
2307700,0.0018736529098516235,0.5,0.0,0.17574946116394063,0.0,1.0,0.0,0.0,0.0,1.0,90.0,64,0.5,0.5,0.25,0.25,Entropia potencial
2307809,0.0004120335210554882,0.5,0.0,0.1751648134084222,0.0,1.0,0.0,0.0,0.0,1.0,90.0,64,0.5,0.5,0.25,0.25,Entropia potencial
2307908,9.359511216880074e-05,0.5,0.0,0.17503743804486752,0.0,1.0,0.0,0.0,0.0,1.0,90.0,64,0.5,0.5,0.25,0.25,Entropia potencial
2308005,0.00044473271474935924,0.5,0.0,0.17517789308589973,0.0,1.0,0.0,0.0,0.0,1.0,90.0,64,0.5,0.5,0.25,0.25,Entropia potencial
2308104,0.0006552006716512278,0.5,0.0,0.17526208026866047,0.0,1.0,0.0,0.0,0.0,1.0,90.0,64,0.5,0.5,0.25,0.25,Entropia potencial
2308203,0.00012985906875865742,0.5,0.0,0.17505194362750345,0.0,1.0,0.0,0.0,0.0,1.0,90.0,64,0.5,0.5,0.25,0.25,Entropia potencial
2308302,0.0003138936533440296,0.5,0.0,0.1751255574613376,0.0,1.0,0.0,0.0,0.0,1.0,90.0,64,0.5,0.5,0.25,0.25,Entropia potencial
2308351,0.000216815180041696,0.5,0.0,0.17508672607201667,0.0,1.0,0.0,0.0,0.0,1.0,90.0,64,0.5,0.5,0.25,0.25,Entropia potencial
2308377,0.0001123767188147324,0.5,0.0,0.17504495068752587,0.0,1.0,0.0,0.0,0.0,1.0,90.0,64,0.5,0.5,0.25,0.25,Entropia potencial
2308401,0.0005978621159120608,0.5,0.0,0.17523914484636482,0.0,1.0,0.0,0.0,0.0,1.0,90.0,64,0.5,0.5,0.25,0.25,Entropia potencial
2308500,0.0005394124789737001,0.5,0.0,0.17521576499158947,0.0,1.0,0.0,0.0,0.0,1.0,90.0,64,0.5,0.5,0.25,0.25,Entropia potencial
2308609,0.0001673377087908295,0.5,0.0,0.1750669350835163,0.0,1.0,0.0,0.0,0.0,1.0,90.0,64,0.5,0.5,0.25,0.25,Entropia potencial
2308708,0.0016382812994679239,0.5,0.0,0.17565531251978717,0.0,1.0,0.0,0.0,0.0,1.0,90.0,64,0.5,0.5,0.25,0.25,Entropia potencial
2308807,6.25355825471936e-05,0.5,0.0,0.17502501423301886,0.0,1.0,0.0,0.0,0.0,1.0,90.0,64,0.5,0.5,0.25,0.25,Entropia potencial
2308906,0.00021136231912310342,0.5,0.0,0.17508454492764924,0.0,1.0,0.0,0.0,0.0,1.0,90.0,64,0.5,0.5,0.25,0.25,Entropia potencial
2309003,0.00013028087789136746,0.5,0.0,0.17505211235115653,0.0,1.0,0.0,0.0,0.0,1.0,90.0,64,0.5,0.5,0.25,0.25,Entropia potencial
2309102,0.00012021454565661787,0.5,0.0,0.17504808581826264,0.0,1.0,0.0,0.0,0.0,1.0,90.0,64,0.5,0.5,0.25,0.25,Entropia potencial
2309201,0.0001670945606692172,0.5,0.0,0.17506683782426768,0.0,1.0,0.0,0.0,0.0,1.0,90.0,64,0.5,0.5,0.25,0.25,Entropia potencial
2309300,0.0003807075856658537,0.5,0.0,0.17515228303426633,0.0,1.0,0.0,0.0,0.0,1.0,90.0,64,0.5,0.5,0.25,0.25,Entropia potencial
2309409,0.0002975202702678059,0.5,0.0,0.1751190081081071,0.0,1.0,0.0,0.0,0.0,1.0,90.0,64,0.5,0.5,0.25,0.25,Entropia potencial
2309458,0.00029919270647820015,0.5,0.0,0.17511967708259127,0.0,1.0,0.0,0.0,0.0,1.0,90.0,64,0.5,0.5,0.25,0.25,Entropia potencial
2309508,0.00022618061138675446,0.5,0.0,0.17509047224455468,0.0,1.0,0.0,0.0,0.0,1.0,90.0,64,0.5,0.5,0.25,0.25,Entropia potencial
2309607,0.0015999569268388394,0.5,0.0,0.17563998277073553,0.0,1.0,0.0,0.0,0.0,1.0,90.0,64,0.5,0.5,0.25,0.25,Entropia potencial
2309706,0.0015220173822046328,0.5,0.0,0.17560880695288184,0.0,1.0,0.0,0.0,0.0,1.0,90.0,64,0.5,0.5,0.25,0.25,Entropia potencial
2309805,0.00013952896383860434,0.5,0.0,0.17505581158553543,0.0,1.0,0.0,0.0,0.0,1.0,90.0,64,0.5,0.5,0.25,0.25,Entropia potencial
2309904,5.006631257146671e-05,0.5,0.0,0.17502002652502857,0.0,1.0,0.0,0.0,0.0,1.0,90.0,64,0.5,0.5,0.25,0.25,Entropia potencial
2310001,0.00010089272731440843,0.5,0.0,0.17504035709092575,0.0,1.0,0.0,0.0,0.0,1.0,90.0,64,0.5,0.5,0.25,0.25,Entropia potencial
2310100,0.00010471120998946782,0.5,0.0,0.17504188448399577,0.0,1.0,0.0,0.0,0.0,1.0,90.0,64,0.5,0.5,0.25,0.25,Entropia potencial
2310209,0.0006073417211577024,0.5,0.0,0.17524293668846308,0.0,1.0,0.0,0.0,0.0,1.0,90.0,64,0.5,0.5,0.25,0.25,Entropia potencial
2310258,0.0006579482454254469,0.5,0.0,0.17526317929817017,0.0,1.0,0.0,0.0,0.0,1.0,90.0,64,0.5,0.5,0.25,0.25,Entropia potencial
2310308,0.00030511600615382525,0.5,0.0,0.1751220464024615,0.0,1.0,0.0,0.0,0.0,1.0,90.0,64,0.5,0.5,0.25,0.25,Entropia potencial
2310407,0.0001062515004815945,0.5,0.0,0.17504250060019264,0.0,1.0,0.0,0.0,0.0,1.0,90.0,64,0.5,0.5,0.25,0.25,Entropia potencial
2310506,0.00041234538495059966,0.5,0.0,0.17516493815398024,0.0,1.0,0.0,0.0,0.0,1.0,90.0,64,0.5,0.5,0.25,0.25,Entropia potencial
2310605,0.00012872367274730255,0.5,0.0,0.1750514894690989,0.0,1.0,0.0,0.0,0.0,1.0,90.0,64,0.5,0.5,0.25,0.25,Entropia potencial
2310704,0.0005459362487931329,0.5,0.0,0.17521837449951724,0.0,1.0,0.0,0.0,0.0,1.0,90.0,64,0.5,0.5,0.25,0.25,Entropia potencial
2310803,0.0005385561747193263,0.5,0.0,0.17521542246988772,0.0,1.0,0.0,0.0,0.0,1.0,90.0,64,0.5,0.5,0.25,0.25,Entropia potencial
2310852,0.00031612321590263986,0.5,0.0,0.17512644928636104,0.0,1.0,0.0,0.0,0.0,1.0,90.0,64,0.5,0.5,0.25,0.25,Entropia potencial
2310902,0.00016961695813950836,0.5,0.0,0.1750678467832558,0.0,1.0,0.0,0.0,0.0,1.0,90.0,64,0.5,0.5,0.25,0.25,Entropia potencial
2310951,7.419189206413847e-05,0.5,0.0,0.17502967675682565,0.0,1.0,0.0,0.0,0.0,1.0,90.0,64,0.5,0.5,0.25,0.25,Entropia potencial
2311009,0.000113510000494595,0.5,0.0,0.17504540400019783,0.0,1.0,0.0,0.0,0.0,1.0,90.0,64,0.5,0.5,0.25,0.25,Entropia potencial
2311108,0.00019671000188159645,0.5,0.0,0.17507868400075263,0.0,1.0,0.0,0.0,0.0,1.0,90.0,64,0.5,0.5,0.25,0.25,Entropia potencial
2311207,0.0001000427660545115,0.5,0.0,0.17504001710642178,0.0,1.0,0.0,0.0,0.0,1.0,90.0,64,0.5,0.5,0.25,0.25,Entropia potencial
2311231,7.601656014197694e-05,0.5,0.0,0.17503040662405678,0.0,1.0,0.0,0.0,0.0,1.0,90.0,64,0.5,0.5,0.25,0.25,Entropia potencial
2311264,0.0002012558145900005,0.5,0.0,0.175080502325836,0.0,1.0,0.0,0.0,0.0,1.0,90.0,64,0.5,0.5,0.25,0.25,Entropia potencial
2311306,0.0013341939155850932,0.5,0.0,0.17553367756623403,0.0,1.0,0.0,0.0,0.0,1.0,90.0,64,0.5,0.5,0.25,0.25,Entropia potencial
2311355,0.00020456580054116632,0.5,0.0,0.17508182632021646,0.0,1.0,0.0,0.0,0.0,1.0,90.0,64,0.5,0.5,0.25,0.25,Entropia potencial
2311405,0.0018022794216666956,0.5,0.0,0.17572091176866667,0.0,1.0,0.0,0.0,0.0,1.0,90.0,64,0.5,0.5,0.25,0.25,Entropia potencial
2311504,0.000698926104077344,0.5,0.0,0.17527957044163092,0.0,1.0,0.0,0.0,0.0,1.0,90.0,64,0.5,0.5,0.25,0.25,Entropia potencial
2311603,0.0004544216388127367,0.5,0.0,0.1751817686555251,0.0,1.0,0.0,0.0,0.0,1.0,90.0,64,0.5,0.5,0.25,0.25,Entropia potencial
2311702,0.00020326865817065195,0.5,0.0,0.17508130746326825,0.0,1.0,0.0,0.0,0.0,1.0,90.0,64,0.5,0.5,0.25,0.25,Entropia potencial
2311801,0.0013865997359527689,0.5,0.0,0.1755546398943811,0.0,1.0,0.0,0.0,0.0,1.0,90.0,64,0.5,0.5,0.25,0.25,Entropia potencial
2311900,0.00015218112348841354,0.5,0.0,0.17506087244939536,0.0,1.0,0.0,0.0,0.0,1.0,90.0,64,0.5,0.5,0.25,0.25,Entropia potencial
2311959,0.00017638704757779198,0.5,0.0,0.1750705548190311,0.0,1.0,0.0,0.0,0.0,1.0,90.0,64,0.5,0.5,0.25,0.25,Entropia potencial
2312007,0.0003088002287791248,0.5,0.0,0.17512352009151164,0.0,1.0,0.0,0.0,0.0,1.0,90.0,64,0.5,0.5,0.25,0.25,Entropia potencial
2312106,0.0001517804576706263,0.5,0.0,0.17506071218306823,0.0,1.0,0.0,0.0,0.0,1.0,90.0,64,0.5,0.5,0.25,0.25,Entropia potencial
2312205,0.0007346741637830841,0.5,0.0,0.17529386966551322,0.0,1.0,0.0,0.0,0.0,1.0,90.0,64,0.5,0.5,0.25,0.25,Entropia potencial
2312304,0.0007283681701073562,0.5,0.0,0.17529134726804294,0.0,1.0,0.0,0.0,0.0,1.0,90.0,64,0.5,0.5,0.25,0.25,Entropia potencial
2312403,0.0072660450049307004,0.5,0.0,0.17790641800197227,0.0,1.0,0.0,0.0,0.0,1.0,90.0,64,0.5,0.5,0.25,0.25,Entropia potencial
2312502,9.868959389945169e-05,0.5,0.0,0.17503947583755977,0.0,1.0,0.0,0.0,0.0,1.0,90.0,64,0.5,0.5,0.25,0.25,Entropia potencial
2312601,0.00013412261821284195,0.5,0.0,0.17505364904728513,0.0,1.0,0.0,0.0,0.0,1.0,90.0,64,0.5,0.5,0.25,0.25,Entropia potencial
2312700,0.0004350131328793437,0.5,0.0,0.17517400525315172,0.0,1.0,0.0,0.0,0.0,1.0,90.0,64,0.5,0.5,0.25,0.25,Entropia potencial
2312809,5.3380527185617095e-05,0.5,0.0,0.17502135221087423,0.0,1.0,0.0,0.0,0.0,1.0,90.0,64,0.5,0.5,0.25,0.25,Entropia potencial
2312908,0.006338715069902468,0.5,0.0,0.177535486027961,0.0,1.0,0.0,0.0,0.0,1.0,90.0,64,0.5,0.5,0.25,0.25,Entropia potencial
2313005,0.00031417380226675683,0.5,0.0,0.1751256695209067,0.0,1.0,0.0,0.0,0.0,1.0,90.0,64,0.5,0.5,0.25,0.25,Entropia potencial
2313104,0.0005739691128835399,0.5,0.0,0.1752295876451534,0.0,1.0,0.0,0.0,0.0,1.0,90.0,64,0.5,0.5,0.25,0.25,Entropia potencial
2313203,0.0003128618595757965,0.5,0.0,0.1751251447438303,0.0,1.0,0.0,0.0,0.0,1.0,90.0,64,0.5,0.5,0.25,0.25,Entropia potencial
2313252,7.138088834515095e-05,0.5,0.0,0.17502855235533804,0.0,1.0,0.0,0.0,0.0,1.0,90.0,64,0.5,0.5,0.25,0.25,Entropia potencial
2313302,0.0008260449992220053,0.5,0.0,0.1753304179996888,0.0,1.0,0.0,0.0,0.0,1.0,90.0,64,0.5,0.5,0.25,0.25,Entropia potencial
2313351,0.0001398831143635614,0.5,0.0,0.1750559532457454,0.0,1.0,0.0,0.0,0.0,1.0,90.0,64,0.5,0.5,0.25,0.25,Entropia potencial
2313401,0.002001157670493626,0.5,0.0,0.17580046306819744,0.0,1.0,0.0,0.0,0.0,1.0,90.0,64,0.5,0.5,0.25,0.25,Entropia potencial
2313500,0.0009797970710091837,0.5,0.0,0.17539191882840366,0.0,1.0,0.0,0.0,0.0,1.0,90.0,64,0.5,0.5,0.25,0.25,Entropia potencial
2313559,0.0001412204290324291,0.5,0.0,0.17505648817161296,0.0,1.0,0.0,0.0,0.0,1.0,90.0,64,0.5,0.5,0.25,0.25,Entropia potencial
2313609,0.00073286746752293,0.5,0.0,0.17529314698700915,0.0,1.0,0.0,0.0,0.0,1.0,90.0,64,0.5,0.5,0.25,0.25,Entropia potencial
2313708,5.807011443549624e-05,0.5,0.0,0.1750232280457742,0.0,1.0,0.0,0.0,0.0,1.0,90.0,64,0.5,0.5,0.25,0.25,Entropia potencial
2313757,0.0001838865813809125,0.5,0.0,0.17507355463255236,0.0,1.0,0.0,0.0,0.0,1.0,90.0,64,0.5,0.5,0.25,0.25,Entropia potencial
2313807,0.00046497532445645705,0.5,0.0,0.17518599012978256,0.0,1.0,0.0,0.0,0.0,1.0,90.0,64,0.5,0.5,0.25,0.25,Entropia potencial
2313906,0.00022986906267503856,0.5,0.0,0.17509194762507,0.0,1.0,0.0,0.0,0.0,1.0,90.0,64,0.5,0.5,0.25,0.25,Entropia potencial
2313955,0.0004058945595676505,0.5,0.0,0.17516235782382705,0.0,1.0,0.0,0.0,0.0,1.0,90.0,64,0.5,0.5,0.25,0.25,Entropia potencial
2314003,0.00050944394440211,0.5,0.0,0.17520377757776084,0.0,1.0,0.0,0.0,0.0,1.0,90.0,64,0.5,0.5,0.25,0.25,Entropia potencial
2314102,0.0006569724814417592,0.5,0.0,0.1752627889925767,0.0,1.0,0.0,0.0,0.0,1.0,90.0,64,0.5,0.5,0.25,0.25,Entropia potencial
2400109,0.00016141018045221989,0.5,0.0,0.17506456407218088,0.0,1.0,0.0,0.0,0.0,1.0,90.0,64,0.5,0.5,0.25,0.25,Entropia potencial
2400208,0.00224657235546566,0.5,0.0,0.17589862894218625,0.0,1.0,0.0,0.0,0.0,1.0,90.0,64,0.5,0.5,0.25,0.25,Entropia potencial
2400307,0.00018209151394396597,0.5,0.0,0.17507283660557757,0.0,1.0,0.0,0.0,0.0,1.0,90.0,64,0.5,0.5,0.25,0.25,Entropia potencial
2400406,1.77508700434447e-05,0.5,0.0,0.17500710034801736,0.0,1.0,0.0,0.0,0.0,1.0,90.0,64,0.5,0.5,0.25,0.25,Entropia potencial
2400505,0.00016654694881271644,0.5,0.0,0.17506661877952506,0.0,1.0,0.0,0.0,0.0,1.0,90.0,64,0.5,0.5,0.25,0.25,Entropia potencial
2400604,4.231200182352634e-05,0.5,0.0,0.1750169248007294,0.0,1.0,0.0,0.0,0.0,1.0,90.0,64,0.5,0.5,0.25,0.25,Entropia potencial
2400703,0.0008152418224621958,0.5,0.0,0.17532609672898486,0.0,1.0,0.0,0.0,0.0,1.0,90.0,64,0.5,0.5,0.25,0.25,Entropia potencial
2400802,0.0002044294261599142,0.5,0.0,0.17508177177046397,0.0,1.0,0.0,0.0,0.0,1.0,90.0,64,0.5,0.5,0.25,0.25,Entropia potencial
2400901,5.262465367712666e-05,0.5,0.0,0.17502104986147085,0.0,1.0,0.0,0.0,0.0,1.0,90.0,64,0.5,0.5,0.25,0.25,Entropia potencial
2401008,0.000924132008646157,0.5,0.0,0.17536965280345845,0.0,1.0,0.0,0.0,0.0,1.0,90.0,64,0.5,0.5,0.25,0.25,Entropia potencial
2401107,0.001265806920633012,0.5,0.0,0.1755063227682532,0.0,1.0,0.0,0.0,0.0,1.0,90.0,64,0.5,0.5,0.25,0.25,Entropia potencial
2401206,0.00044331188398654645,0.5,0.0,0.1751773247535946,0.0,1.0,0.0,0.0,0.0,1.0,90.0,64,0.5,0.5,0.25,0.25,Entropia potencial
2401305,0.0001044310610667406,0.5,0.0,0.17504177242442667,0.0,1.0,0.0,0.0,0.0,1.0,90.0,64,0.5,0.5,0.25,0.25,Entropia potencial
2401404,0.0002696692386857351,0.5,0.0,0.1751078676954743,0.0,1.0,0.0,0.0,0.0,1.0,90.0,64,0.5,0.5,0.25,0.25,Entropia potencial
2401453,0.0008064916615813911,0.5,0.0,0.17532259666463254,0.0,1.0,0.0,0.0,0.0,1.0,90.0,64,0.5,0.5,0.25,0.25,Entropia potencial
2401503,3.635593000977091e-05,0.5,0.0,0.1750145423720039,0.0,1.0,0.0,0.0,0.0,1.0,90.0,64,0.5,0.5,0.25,0.25,Entropia potencial
2401602,0.000105013559392864,0.5,0.0,0.17504200542375714,0.0,1.0,0.0,0.0,0.0,1.0,90.0,64,0.5,0.5,0.25,0.25,Entropia potencial
2401651,0.00022047614502058045,0.5,0.0,0.17508819045800822,0.0,1.0,0.0,0.0,0.0,1.0,90.0,64,0.5,0.5,0.25,0.25,Entropia potencial
2401701,0.00011601865481018634,0.5,0.0,0.17504640746192407,0.0,1.0,0.0,0.0,0.0,1.0,90.0,64,0.5,0.5,0.25,0.25,Entropia potencial
2401800,0.00015323828923455402,0.5,0.0,0.1750612953156938,0.0,1.0,0.0,0.0,0.0,1.0,90.0,64,0.5,0.5,0.25,0.25,Entropia potencial
2401859,0.00010004699471749605,0.5,0.0,0.175040018797887,0.0,1.0,0.0,0.0,0.0,1.0,90.0,64,0.5,0.5,0.25,0.25,Entropia potencial
2401909,0.00018677370103362213,0.5,0.0,0.17507470948041343,0.0,1.0,0.0,0.0,0.0,1.0,90.0,64,0.5,0.5,0.25,0.25,Entropia potencial
2402006,0.0016679125981664952,0.5,0.0,0.17566716503926658,0.0,1.0,0.0,0.0,0.0,1.0,90.0,64,0.5,0.5,0.25,0.25,Entropia potencial
2402105,0.00010559500055324126,0.5,0.0,0.17504223800022128,0.0,1.0,0.0,0.0,0.0,1.0,90.0,64,0.5,0.5,0.25,0.25,Entropia potencial
2402204,0.0006541075622697185,0.5,0.0,0.17526164302490788,0.0,1.0,0.0,0.0,0.0,1.0,90.0,64,0.5,0.5,0.25,0.25,Entropia potencial
2402303,0.0005468369540088447,0.5,0.0,0.17521873478160352,0.0,1.0,0.0,0.0,0.0,1.0,90.0,64,0.5,0.5,0.25,0.25,Entropia potencial
2402402,0.00012876490221140204,0.5,0.0,0.17505150596088456,0.0,1.0,0.0,0.0,0.0,1.0,90.0,64,0.5,0.5,0.25,0.25,Entropia potencial
2402501,0.00029754987090869784,0.5,0.0,0.17511901994836346,0.0,1.0,0.0,0.0,0.0,1.0,90.0,64,0.5,0.5,0.25,0.25,Entropia potencial
2402600,0.0012319744452592785,0.5,0.0,0.1754927897781037,0.0,1.0,0.0,0.0,0.0,1.0,90.0,64,0.5,0.5,0.25,0.25,Entropia potencial
2402709,0.00015867000683822378,0.5,0.0,0.17506346800273528,0.0,1.0,0.0,0.0,0.0,1.0,90.0,64,0.5,0.5,0.25,0.25,Entropia potencial
2402808,3.972617440846673e-05,0.5,0.0,0.17501589046976337,0.0,1.0,0.0,0.0,0.0,1.0,90.0,64,0.5,0.5,0.25,0.25,Entropia potencial
2402907,2.7455651593014256e-05,0.5,0.0,0.1750109822606372,0.0,1.0,0.0,0.0,0.0,1.0,90.0,64,0.5,0.5,0.25,0.25,Entropia potencial
2403004,0.00012783459635479843,0.5,0.0,0.1750511338385419,0.0,1.0,0.0,0.0,0.0,1.0,90.0,64,0.5,0.5,0.25,0.25,Entropia potencial
2403103,0.0009613061849434405,0.5,0.0,0.17538452247397737,0.0,1.0,0.0,0.0,0.0,1.0,90.0,64,0.5,0.5,0.25,0.25,Entropia potencial
2403202,7.500696685441278e-05,0.5,0.0,0.17503000278674175,0.0,1.0,0.0,0.0,0.0,1.0,90.0,64,0.5,0.5,0.25,0.25,Entropia potencial
2403251,0.007896679258973116,0.5,0.0,0.17815867170358923,0.0,1.0,0.0,0.0,0.0,1.0,90.0,64,0.5,0.5,0.25,0.25,Entropia potencial
2403301,5.2037926688018696e-05,0.5,0.0,0.1750208151706752,0.0,1.0,0.0,0.0,0.0,1.0,90.0,64,0.5,0.5,0.25,0.25,Entropia potencial
2403400,6.834365115648937e-05,0.5,0.0,0.1750273374604626,0.0,1.0,0.0,0.0,0.0,1.0,90.0,64,0.5,0.5,0.25,0.25,Entropia potencial
2403509,9.813246755123566e-05,0.5,0.0,0.17503925298702047,0.0,1.0,0.0,0.0,0.0,1.0,90.0,64,0.5,0.5,0.25,0.25,Entropia potencial
2403608,0.0008708371118859772,0.5,0.0,0.17534833484475437,0.0,1.0,0.0,0.0,0.0,1.0,90.0,64,0.5,0.5,0.25,0.25,Entropia potencial
2403707,0.00039724482943272914,0.5,0.0,0.17515889793177308,0.0,1.0,0.0,0.0,0.0,1.0,90.0,64,0.5,0.5,0.25,0.25,Entropia potencial
2403756,2.4149894304832993e-05,0.5,0.0,0.1750096599577219,0.0,1.0,0.0,0.0,0.0,1.0,90.0,64,0.5,0.5,0.25,0.25,Entropia potencial
2403806,0.00012337229974033947,0.5,0.0,0.17504934891989612,0.0,1.0,0.0,0.0,0.0,1.0,90.0,64,0.5,0.5,0.25,0.25,Entropia potencial
2403905,1.679413504318757e-05,0.5,0.0,0.17500671765401726,0.0,1.0,0.0,0.0,0.0,1.0,90.0,64,0.5,0.5,0.25,0.25,Entropia potencial
2404002,3.340220891505442e-05,0.5,0.0,0.175013360883566,0.0,1.0,0.0,0.0,0.0,1.0,90.0,64,0.5,0.5,0.25,0.25,Entropia potencial
2404101,0.00010922002189675694,0.5,0.0,0.1750436880087587,0.0,1.0,0.0,0.0,0.0,1.0,90.0,64,0.5,0.5,0.25,0.25,Entropia potencial
2404200,0.0006744347452365076,0.5,0.0,0.1752697738980946,0.0,1.0,0.0,0.0,0.0,1.0,90.0,64,0.5,0.5,0.25,0.25,Entropia potencial
2404309,0.0006121497109711493,0.5,0.0,0.17524485988438845,0.0,1.0,0.0,0.0,0.0,1.0,90.0,64,0.5,0.5,0.25,0.25,Entropia potencial
2404408,0.00015167156959877383,0.5,0.0,0.1750606686278395,0.0,1.0,0.0,0.0,0.0,1.0,90.0,64,0.5,0.5,0.25,0.25,Entropia potencial
2404507,0.0028836933785263935,0.5,0.0,0.17615347735141054,0.0,1.0,0.0,0.0,0.0,1.0,90.0,64,0.5,0.5,0.25,0.25,Entropia potencial
2404606,0.00014384854307733432,0.5,0.0,0.17505753941723093,0.0,1.0,0.0,0.0,0.0,1.0,90.0,64,0.5,0.5,0.25,0.25,Entropia potencial
2404705,0.00020577625532049716,0.5,0.0,0.1750823105021282,0.0,1.0,0.0,0.0,0.0,1.0,90.0,64,0.5,0.5,0.25,0.25,Entropia potencial
2404804,1.7922130894319457e-05,0.5,0.0,0.1750071688523577,0.0,1.0,0.0,0.0,0.0,1.0,90.0,64,0.5,0.5,0.25,0.25,Entropia potencial
2404853,0.00013148710400771375,0.5,0.0,0.17505259484160307,0.0,1.0,0.0,0.0,0.0,1.0,90.0,64,0.5,0.5,0.25,0.25,Entropia potencial
2404903,6.674627371407112e-05,0.5,0.0,0.17502669850948563,0.0,1.0,0.0,0.0,0.0,1.0,90.0,64,0.5,0.5,0.25,0.25,Entropia potencial
2405009,7.418132040667707e-05,0.5,0.0,0.17502967252816265,0.0,1.0,0.0,0.0,0.0,1.0,90.0,64,0.5,0.5,0.25,0.25,Entropia potencial
2405108,0.00022517524676217486,0.5,0.0,0.17509007009870486,0.0,1.0,0.0,0.0,0.0,1.0,90.0,64,0.5,0.5,0.25,0.25,Entropia potencial
2405207,6.709830990753589e-05,0.5,0.0,0.175026839323963,0.0,1.0,0.0,0.0,0.0,1.0,90.0,64,0.5,0.5,0.25,0.25,Entropia potencial
2405306,8.026108061273094e-05,0.5,0.0,0.1750321044322451,0.0,1.0,0.0,0.0,0.0,1.0,90.0,64,0.5,0.5,0.25,0.25,Entropia potencial
2405405,3.954117040289215e-05,0.5,0.0,0.17501581646816114,0.0,1.0,0.0,0.0,0.0,1.0,90.0,64,0.5,0.5,0.25,0.25,Entropia potencial
2405504,4.3885064453783366e-05,0.5,0.0,0.1750175540257815,0.0,1.0,0.0,0.0,0.0,1.0,90.0,64,0.5,0.5,0.25,0.25,Entropia potencial
2405603,0.0002356929887705264,0.5,0.0,0.17509427719550819,0.0,1.0,0.0,0.0,0.0,1.0,90.0,64,0.5,0.5,0.25,0.25,Entropia potencial
2405702,0.0002293394226362222,0.5,0.0,0.17509173576905449,0.0,1.0,0.0,0.0,0.0,1.0,90.0,64,0.5,0.5,0.25,0.25,Entropia potencial
2405801,0.001478528754905652,0.5,0.0,0.17559141150196225,0.0,1.0,0.0,0.0,0.0,1.0,90.0,64,0.5,0.5,0.25,0.25,Entropia potencial
2405900,8.13911907953551e-06,0.5,0.0,0.1750032556476318,0.0,1.0,0.0,0.0,0.0,1.0,90.0,64,0.5,0.5,0.25,0.25,Entropia potencial
2406007,6.0099872668085955e-05,0.5,0.0,0.17502403994906723,0.0,1.0,0.0,0.0,0.0,1.0,90.0,64,0.5,0.5,0.25,0.25,Entropia potencial
2406106,0.0003919325715583733,0.5,0.0,0.17515677302862334,0.0,1.0,0.0,0.0,0.0,1.0,90.0,64,0.5,0.5,0.25,0.25,Entropia potencial
2406155,2.7667084742242352e-05,0.5,0.0,0.1750110668338969,0.0,1.0,0.0,0.0,0.0,1.0,90.0,64,0.5,0.5,0.25,0.25,Entropia potencial
2406205,6.431056383496346e-05,0.5,0.0,0.17502572422553397,0.0,1.0,0.0,0.0,0.0,1.0,90.0,64,0.5,0.5,0.25,0.25,Entropia potencial
2406304,7.355019245623121e-05,0.5,0.0,0.1750294200769825,0.0,1.0,0.0,0.0,0.0,1.0,90.0,64,0.5,0.5,0.25,0.25,Entropia potencial
2406403,2.2967983000647944e-05,0.5,0.0,0.17500918719320024,0.0,1.0,0.0,0.0,0.0,1.0,90.0,64,0.5,0.5,0.25,0.25,Entropia potencial
2406502,0.0002863396853366243,0.5,0.0,0.17511453587413464,0.0,1.0,0.0,0.0,0.0,1.0,90.0,64,0.5,0.5,0.25,0.25,Entropia potencial
2406601,9.736073655655311e-05,0.5,0.0,0.1750389442946226,0.0,1.0,0.0,0.0,0.0,1.0,90.0,64,0.5,0.5,0.25,0.25,Entropia potencial
2406700,0.00022125527617548597,0.5,0.0,0.1750885021104702,0.0,1.0,0.0,0.0,0.0,1.0,90.0,64,0.5,0.5,0.25,0.25,Entropia potencial
2406809,4.391255076318301e-05,0.5,0.0,0.17501756502030527,0.0,1.0,0.0,0.0,0.0,1.0,90.0,64,0.5,0.5,0.25,0.25,Entropia potencial
2406908,3.468455096512282e-05,0.5,0.0,0.17501387382038605,0.0,1.0,0.0,0.0,0.0,1.0,90.0,64,0.5,0.5,0.25,0.25,Entropia potencial
2407005,8.082983578415451e-05,0.5,0.0,0.17503233193431364,0.0,1.0,0.0,0.0,0.0,1.0,90.0,64,0.5,0.5,0.25,0.25,Entropia potencial
2407104,0.00220749633799107,0.5,0.0,0.17588299853519643,0.0,1.0,0.0,0.0,0.0,1.0,90.0,64,0.5,0.5,0.25,0.25,Entropia potencial
2407203,0.0015564154412525517,0.5,0.0,0.17562256617650102,0.0,1.0,0.0,0.0,0.0,1.0,90.0,64,0.5,0.5,0.25,0.25,Entropia potencial
2407252,3.698917229170905e-05,0.5,0.0,0.17501479566891667,0.0,1.0,0.0,0.0,0.0,1.0,90.0,64,0.5,0.5,0.25,0.25,Entropia potencial
2407302,7.55767791915825e-05,0.5,0.0,0.17503023071167662,0.0,1.0,0.0,0.0,0.0,1.0,90.0,64,0.5,0.5,0.25,0.25,Entropia potencial
2407401,0.00011045796298548744,0.5,0.0,0.17504418318519419,0.0,1.0,0.0,0.0,0.0,1.0,90.0,64,0.5,0.5,0.25,0.25,Entropia potencial
2407500,0.00013164250737239641,0.5,0.0,0.17505265700294895,0.0,1.0,0.0,0.0,0.0,1.0,90.0,64,0.5,0.5,0.25,0.25,Entropia potencial
2407609,4.067445208275473e-05,0.5,0.0,0.1750162697808331,0.0,1.0,0.0,0.0,0.0,1.0,90.0,64,0.5,0.5,0.25,0.25,Entropia potencial
2407708,0.00013826459360622033,0.5,0.0,0.17505530583744247,0.0,1.0,0.0,0.0,0.0,1.0,90.0,64,0.5,0.5,0.25,0.25,Entropia potencial
2407807,0.00032165324992070065,0.5,0.0,0.17512866129996826,0.0,1.0,0.0,0.0,0.0,1.0,90.0,64,0.5,0.5,0.25,0.25,Entropia potencial
2407906,1.7793156673290322e-05,0.5,0.0,0.1750071172626693,0.0,1.0,0.0,0.0,0.0,1.0,90.0,64,0.5,0.5,0.25,0.25,Entropia potencial
2408003,0.010108478261550978,0.5,0.0,0.17904339130462038,0.0,1.0,0.0,0.0,0.0,1.0,90.0,64,0.5,0.5,0.25,0.25,Entropia potencial
2408102,0.02904711313591711,0.5,0.0,0.18661884525436684,0.0,1.0,0.0,0.0,0.0,1.0,90.0,64,0.5,0.5,0.25,0.25,Entropia potencial
2408201,0.0005836051786596104,0.5,0.0,0.17523344207146382,0.0,1.0,0.0,0.0,0.0,1.0,90.0,64,0.5,0.5,0.25,0.25,Entropia potencial
2408300,0.0006458563836210921,0.5,0.0,0.17525834255344844,0.0,1.0,0.0,0.0,0.0,1.0,90.0,64,0.5,0.5,0.25,0.25,Entropia potencial
2408409,2.9445237527250625e-05,0.5,0.0,0.1750117780950109,0.0,1.0,0.0,0.0,0.0,1.0,90.0,64,0.5,0.5,0.25,0.25,Entropia potencial
2408508,5.479712928544533e-05,0.5,0.0,0.17502191885171417,0.0,1.0,0.0,0.0,0.0,1.0,90.0,64,0.5,0.5,0.25,0.25,Entropia potencial
2408607,3.1045786466907304e-05,0.5,0.0,0.17501241831458675,0.0,1.0,0.0,0.0,0.0,1.0,90.0,64,0.5,0.5,0.25,0.25,Entropia potencial
2408706,4.055499235344087e-05,0.5,0.0,0.17501622199694136,0.0,1.0,0.0,0.0,0.0,1.0,90.0,64,0.5,0.5,0.25,0.25,Entropia potencial
2408805,0.00051740651680204,0.5,0.0,0.1752069626067208,0.0,1.0,0.0,0.0,0.0,1.0,90.0,64,0.5,0.5,0.25,0.25,Entropia potencial
2408904,0.00042595216526917373,0.5,0.0,0.17517038086610767,0.0,1.0,0.0,0.0,0.0,1.0,90.0,64,0.5,0.5,0.25,0.25,Entropia potencial
2408953,0.00020171462452382545,0.5,0.0,0.17508068584980951,0.0,1.0,0.0,0.0,0.0,1.0,90.0,64,0.5,0.5,0.25,0.25,Entropia potencial
2409100,0.0001588719254957366,0.5,0.0,0.17506354877019828,0.0,1.0,0.0,0.0,0.0,1.0,90.0,64,0.5,0.5,0.25,0.25,Entropia potencial
2409209,3.3061801544797184e-05,0.5,0.0,0.17501322472061792,0.0,1.0,0.0,0.0,0.0,1.0,90.0,64,0.5,0.5,0.25,0.25,Entropia potencial
2409308,0.00017078195479175518,0.5,0.0,0.1750683127819167,0.0,1.0,0.0,0.0,0.0,1.0,90.0,64,0.5,0.5,0.25,0.25,Entropia potencial
2409332,6.943253187501407e-05,0.5,0.0,0.17502777301275,0.0,1.0,0.0,0.0,0.0,1.0,90.0,64,0.5,0.5,0.25,0.25,Entropia potencial
2409407,0.0008220668845192787,0.5,0.0,0.1753288267538077,0.0,1.0,0.0,0.0,0.0,1.0,90.0,64,0.5,0.5,0.25,0.25,Entropia potencial
2409506,0.00023556612888098958,0.5,0.0,0.1750942264515524,0.0,1.0,0.0,0.0,0.0,1.0,90.0,64,0.5,0.5,0.25,0.25,Entropia potencial
2409605,2.3266103741059553e-05,0.5,0.0,0.17500930644149643,0.0,1.0,0.0,0.0,0.0,1.0,90.0,64,0.5,0.5,0.25,0.25,Entropia potencial
2409704,8.183097174574954e-05,0.5,0.0,0.1750327323886983,0.0,1.0,0.0,0.0,0.0,1.0,90.0,64,0.5,0.5,0.25,0.25,Entropia potencial
2409803,0.00016672772415530647,0.5,0.0,0.1750666910896621,0.0,1.0,0.0,0.0,0.0,1.0,90.0,64,0.5,0.5,0.25,0.25,Entropia potencial
2409902,0.0007125730566942713,0.5,0.0,0.1752850292226777,0.0,1.0,0.0,0.0,0.0,1.0,90.0,64,0.5,0.5,0.25,0.25,Entropia potencial
2410009,2.4273582697131424e-05,0.5,0.0,0.17500970943307884,0.0,1.0,0.0,0.0,0.0,1.0,90.0,64,0.5,0.5,0.25,0.25,Entropia potencial
2410108,0.00012938968716737106,0.5,0.0,0.17505175587486693,0.0,1.0,0.0,0.0,0.0,1.0,90.0,64,0.5,0.5,0.25,0.25,Entropia potencial
2410207,7.422572136801497e-05,0.5,0.0,0.1750296902885472,0.0,1.0,0.0,0.0,0.0,1.0,90.0,64,0.5,0.5,0.25,0.25,Entropia potencial
2410256,0.00016040375866189415,0.5,0.0,0.17506416150346474,0.0,1.0,0.0,0.0,0.0,1.0,90.0,64,0.5,0.5,0.25,0.25,Entropia potencial
2410306,0.00012269888516004798,0.5,0.0,0.175049079554064,0.0,1.0,0.0,0.0,0.0,1.0,90.0,64,0.5,0.5,0.25,0.25,Entropia potencial
2410405,0.0001223627064527753,0.5,0.0,0.1750489450825811,0.0,1.0,0.0,0.0,0.0,1.0,90.0,64,0.5,0.5,0.25,0.25,Entropia potencial
2410504,3.904324533645998e-05,0.5,0.0,0.17501561729813458,0.0,1.0,0.0,0.0,0.0,1.0,90.0,64,0.5,0.5,0.25,0.25,Entropia potencial
2410603,2.608239328877778e-05,0.5,0.0,0.1750104329573155,0.0,1.0,0.0,0.0,0.0,1.0,90.0,64,0.5,0.5,0.25,0.25,Entropia potencial
2410702,1.7625067319653986e-05,0.5,0.0,0.17500705002692785,0.0,1.0,0.0,0.0,0.0,1.0,90.0,64,0.5,0.5,0.25,0.25,Entropia potencial
2410801,2.898642759342566e-05,0.5,0.0,0.17501159457103735,0.0,1.0,0.0,0.0,0.0,1.0,90.0,64,0.5,0.5,0.25,0.25,Entropia potencial
2410900,0.00034281982248992525,0.5,0.0,0.17513712792899597,0.0,1.0,0.0,0.0,0.0,1.0,90.0,64,0.5,0.5,0.25,0.25,Entropia potencial
2411007,4.643177673623576e-05,0.5,0.0,0.1750185727106945,0.0,1.0,0.0,0.0,0.0,1.0,90.0,64,0.5,0.5,0.25,0.25,Entropia potencial
2411056,0.0001234304438563772,0.5,0.0,0.17504937217754254,0.0,1.0,0.0,0.0,0.0,1.0,90.0,64,0.5,0.5,0.25,0.25,Entropia potencial
2411106,0.00019301309326734322,0.5,0.0,0.17507720523730694,0.0,1.0,0.0,0.0,0.0,1.0,90.0,64,0.5,0.5,0.25,0.25,Entropia potencial
2411205,0.000692265959876659,0.5,0.0,0.17527690638395066,0.0,1.0,0.0,0.0,0.0,1.0,90.0,64,0.5,0.5,0.25,0.25,Entropia potencial
2411403,0.00016786206300091518,0.5,0.0,0.17506714482520036,0.0,1.0,0.0,0.0,0.0,1.0,90.0,64,0.5,0.5,0.25,0.25,Entropia potencial
2411429,2.4690106001110774e-05,0.5,0.0,0.17500987604240043,0.0,1.0,0.0,0.0,0.0,1.0,90.0,64,0.5,0.5,0.25,0.25,Entropia potencial
2411502,0.0003245467125678872,0.5,0.0,0.17512981868502714,0.0,1.0,0.0,0.0,0.0,1.0,90.0,64,0.5,0.5,0.25,0.25,Entropia potencial
2411601,0.0004233557661966527,0.5,0.0,0.17516934230647865,0.0,1.0,0.0,0.0,0.0,1.0,90.0,64,0.5,0.5,0.25,0.25,Entropia potencial
2411700,3.6514504871691975e-05,0.5,0.0,0.17501460580194866,0.0,1.0,0.0,0.0,0.0,1.0,90.0,64,0.5,0.5,0.25,0.25,Entropia potencial
2411809,5.070272635064328e-05,0.5,0.0,0.17502028109054024,0.0,1.0,0.0,0.0,0.0,1.0,90.0,64,0.5,0.5,0.25,0.25,Entropia potencial
2411908,4.6513178498688574e-05,0.5,0.0,0.17501860527139945,0.0,1.0,0.0,0.0,0.0,1.0,90.0,64,0.5,0.5,0.25,0.25,Entropia potencial
2412005,0.0024168669568484444,0.5,0.0,0.17596674678273938,0.0,1.0,0.0,0.0,0.0,1.0,90.0,64,0.5,0.5,0.25,0.25,Entropia potencial
2412104,7.81520349491807e-05,0.5,0.0,0.17503126081397966,0.0,1.0,0.0,0.0,0.0,1.0,90.0,64,0.5,0.5,0.25,0.25,Entropia potencial
2412203,0.0014153652159052512,0.5,0.0,0.1755661460863621,0.0,1.0,0.0,0.0,0.0,1.0,90.0,64,0.5,0.5,0.25,0.25,Entropia potencial
2412302,0.0001270480650396699,0.5,0.0,0.17505081922601587,0.0,1.0,0.0,0.0,0.0,1.0,90.0,64,0.5,0.5,0.25,0.25,Entropia potencial
2412401,7.885187867312568e-05,0.5,0.0,0.17503154075146923,0.0,1.0,0.0,0.0,0.0,1.0,90.0,64,0.5,0.5,0.25,0.25,Entropia potencial
2412500,0.0003866974867834856,0.5,0.0,0.17515467899471338,0.0,1.0,0.0,0.0,0.0,1.0,90.0,64,0.5,0.5,0.25,0.25,Entropia potencial
2412559,0.000742063752348606,0.5,0.0,0.17529682550093942,0.0,1.0,0.0,0.0,0.0,1.0,90.0,64,0.5,0.5,0.25,0.25,Entropia potencial
2412609,0.00026685400630376303,0.5,0.0,0.1751067416025215,0.0,1.0,0.0,0.0,0.0,1.0,90.0,64,0.5,0.5,0.25,0.25,Entropia potencial
2412708,4.9966938991329504e-05,0.5,0.0,0.17501998677559652,0.0,1.0,0.0,0.0,0.0,1.0,90.0,64,0.5,0.5,0.25,0.25,Entropia potencial
2412807,8.076852017087836e-05,0.5,0.0,0.17503230740806833,0.0,1.0,0.0,0.0,0.0,1.0,90.0,64,0.5,0.5,0.25,0.25,Entropia potencial
2412906,0.00010526833633768386,0.5,0.0,0.17504210733453507,0.0,1.0,0.0,0.0,0.0,1.0,90.0,64,0.5,0.5,0.25,0.25,Entropia potencial
2413003,7.346139053355541e-05,0.5,0.0,0.17502938455621342,0.0,1.0,0.0,0.0,0.0,1.0,90.0,64,0.5,0.5,0.25,0.25,Entropia potencial
2413102,5.5616432738704195e-05,0.5,0.0,0.17502224657309548,0.0,1.0,0.0,0.0,0.0,1.0,90.0,64,0.5,0.5,0.25,0.25,Entropia potencial
2413201,8.939710699087692e-05,0.5,0.0,0.17503575884279635,0.0,1.0,0.0,0.0,0.0,1.0,90.0,64,0.5,0.5,0.25,0.25,Entropia potencial
2413300,5.537011311985347e-05,0.5,0.0,0.17502214804524793,0.0,1.0,0.0,0.0,0.0,1.0,90.0,64,0.5,0.5,0.25,0.25,Entropia potencial
2413359,0.0010101609855698304,0.5,0.0,0.17540406439422793,0.0,1.0,0.0,0.0,0.0,1.0,90.0,64,0.5,0.5,0.25,0.25,Entropia potencial
2413409,0.00012039214950196949,0.5,0.0,0.17504815685980077,0.0,1.0,0.0,0.0,0.0,1.0,90.0,64,0.5,0.5,0.25,0.25,Entropia potencial
2413508,6.423867656422591e-05,0.5,0.0,0.1750256954706257,0.0,1.0,0.0,0.0,0.0,1.0,90.0,64,0.5,0.5,0.25,0.25,Entropia potencial
2413557,3.7127661004453456e-05,0.5,0.0,0.17501485106440176,0.0,1.0,0.0,0.0,0.0,1.0,90.0,64,0.5,0.5,0.25,0.25,Entropia potencial
2413607,7.58199273131948e-05,0.5,0.0,0.17503032797092527,0.0,1.0,0.0,0.0,0.0,1.0,90.0,64,0.5,0.5,0.25,0.25,Entropia potencial
2413706,3.986043445822657e-05,0.5,0.0,0.17501594417378327,0.0,1.0,0.0,0.0,0.0,1.0,90.0,64,0.5,0.5,0.25,0.25,Entropia potencial
2413805,1.7429491656617994e-05,0.5,0.0,0.17500697179666264,0.0,1.0,0.0,0.0,0.0,1.0,90.0,64,0.5,0.5,0.25,0.25,Entropia potencial
2413904,0.00016229291385024718,0.5,0.0,0.1750649171655401,0.0,1.0,0.0,0.0,0.0,1.0,90.0,64,0.5,0.5,0.25,0.25,Entropia potencial
2414001,0.00020367355265142376,0.5,0.0,0.17508146942106056,0.0,1.0,0.0,0.0,0.0,1.0,90.0,64,0.5,0.5,0.25,0.25,Entropia potencial
2414100,0.00011346454236751095,0.5,0.0,0.17504538581694698,0.0,1.0,0.0,0.0,0.0,1.0,90.0,64,0.5,0.5,0.25,0.25,Entropia potencial
2414159,0.00010206089546389366,0.5,0.0,0.17504082435818555,0.0,1.0,0.0,0.0,0.0,1.0,90.0,64,0.5,0.5,0.25,0.25,Entropia potencial
2414209,0.0005891436700036403,0.5,0.0,0.17523565746800143,0.0,1.0,0.0,0.0,0.0,1.0,90.0,64,0.5,0.5,0.25,0.25,Entropia potencial
2414308,2.5296919139395406e-05,0.5,0.0,0.17501011876765574,0.0,1.0,0.0,0.0,0.0,1.0,90.0,64,0.5,0.5,0.25,0.25,Entropia potencial
2414407,0.001013695090659178,0.5,0.0,0.17540547803626366,0.0,1.0,0.0,0.0,0.0,1.0,90.0,64,0.5,0.5,0.25,0.25,Entropia potencial
2414456,3.364007120793603e-05,0.5,0.0,0.17501345602848317,0.0,1.0,0.0,0.0,0.0,1.0,90.0,64,0.5,0.5,0.25,0.25,Entropia potencial
2414506,0.00015436311358844748,0.5,0.0,0.17506174524543536,0.0,1.0,0.0,0.0,0.0,1.0,90.0,64,0.5,0.5,0.25,0.25,Entropia potencial
2414605,0.0003271980842592075,0.5,0.0,0.17513087923370368,0.0,1.0,0.0,0.0,0.0,1.0,90.0,64,0.5,0.5,0.25,0.25,Entropia potencial
2414704,4.6843014211484405e-05,0.5,0.0,0.1750187372056846,0.0,1.0,0.0,0.0,0.0,1.0,90.0,64,0.5,0.5,0.25,0.25,Entropia potencial
2414753,2.249225841488473e-05,0.5,0.0,0.17500899690336594,0.0,1.0,0.0,0.0,0.0,1.0,90.0,64,0.5,0.5,0.25,0.25,Entropia potencial
2414803,0.00013592297147851917,0.5,0.0,0.1750543691885914,0.0,1.0,0.0,0.0,0.0,1.0,90.0,64,0.5,0.5,0.25,0.25,Entropia potencial
2414902,4.817504305162139e-06,0.5,0.0,0.17500192700172204,0.0,1.0,0.0,0.0,0.0,1.0,90.0,64,0.5,0.5,0.25,0.25,Entropia potencial
2415008,2.767237057097305e-05,0.5,0.0,0.17501106894822838,0.0,1.0,0.0,0.0,0.0,1.0,90.0,64,0.5,0.5,0.25,0.25,Entropia potencial
2500106,7.841526921996967e-05,0.5,0.0,0.17503136610768796,0.0,1.0,0.0,0.0,0.0,1.0,90.0,64,0.5,0.5,0.25,0.25,Entropia potencial
2500205,4.238917492299459e-05,0.5,0.0,0.1750169556699692,0.0,1.0,0.0,0.0,0.0,1.0,90.0,64,0.5,0.5,0.25,0.25,Entropia potencial
2500304,0.0003164445942894666,0.5,0.0,0.17512657783771576,0.0,1.0,0.0,0.0,0.0,1.0,90.0,64,0.5,0.5,0.25,0.25,Entropia potencial
2500403,0.0003772675683279126,0.5,0.0,0.17515090702733116,0.0,1.0,0.0,0.0,0.0,1.0,90.0,64,0.5,0.5,0.25,0.25,Entropia potencial
2500502,0.00013876569016989091,0.5,0.0,0.17505550627606795,0.0,1.0,0.0,0.0,0.0,1.0,90.0,64,0.5,0.5,0.25,0.25,Entropia potencial
2500536,4.401086717757407e-05,0.5,0.0,0.17501760434687103,0.0,1.0,0.0,0.0,0.0,1.0,90.0,64,0.5,0.5,0.25,0.25,Entropia potencial
2500577,1.3478863263291043e-05,0.5,0.0,0.1750053915453053,0.0,1.0,0.0,0.0,0.0,1.0,90.0,64,0.5,0.5,0.25,0.25,Entropia potencial
2500601,0.0038249853015639027,0.5,0.0,0.17652999412062556,0.0,1.0,0.0,0.0,0.0,1.0,90.0,64,0.5,0.5,0.25,0.25,Entropia potencial
2500700,0.00024045657762263544,0.5,0.0,0.17509618263104904,0.0,1.0,0.0,0.0,0.0,1.0,90.0,64,0.5,0.5,0.25,0.25,Entropia potencial
2500734,1.2717703926069903e-05,0.5,0.0,0.17500508708157042,0.0,1.0,0.0,0.0,0.0,1.0,90.0,64,0.5,0.5,0.25,0.25,Entropia potencial
2500775,0.0001107465692341838,0.5,0.0,0.17504429862769366,0.0,1.0,0.0,0.0,0.0,1.0,90.0,64,0.5,0.5,0.25,0.25,Entropia potencial
2500809,0.00018960479090178632,0.5,0.0,0.1750758419163607,0.0,1.0,0.0,0.0,0.0,1.0,90.0,64,0.5,0.5,0.25,0.25,Entropia potencial
2500908,0.0001043031440114576,0.5,0.0,0.17504172125760456,0.0,1.0,0.0,0.0,0.0,1.0,90.0,64,0.5,0.5,0.25,0.25,Entropia potencial
2501005,0.00020034665204831967,0.5,0.0,0.1750801386608193,0.0,1.0,0.0,0.0,0.0,1.0,90.0,64,0.5,0.5,0.25,0.25,Entropia potencial
2501104,0.00029868209542281433,0.5,0.0,0.17511947283816912,0.0,1.0,0.0,0.0,0.0,1.0,90.0,64,0.5,0.5,0.25,0.25,Entropia potencial
2501153,2.9168260101761824e-05,0.5,0.0,0.1750116673040407,0.0,1.0,0.0,0.0,0.0,1.0,90.0,64,0.5,0.5,0.25,0.25,Entropia potencial
2501203,5.366913343431345e-05,0.5,0.0,0.1750214676533737,0.0,1.0,0.0,0.0,0.0,1.0,90.0,64,0.5,0.5,0.25,0.25,Entropia potencial
2501302,0.00031020943071873003,0.5,0.0,0.17512408377228747,0.0,1.0,0.0,0.0,0.0,1.0,90.0,64,0.5,0.5,0.25,0.25,Entropia potencial
2501351,3.397519274946256e-05,0.5,0.0,0.17501359007709977,0.0,1.0,0.0,0.0,0.0,1.0,90.0,64,0.5,0.5,0.25,0.25,Entropia potencial
2501401,0.0001017458600715438,0.5,0.0,0.1750406983440286,0.0,1.0,0.0,0.0,0.0,1.0,90.0,64,0.5,0.5,0.25,0.25,Entropia potencial
2501500,0.0003167892303227083,0.5,0.0,0.17512671569212906,0.0,1.0,0.0,0.0,0.0,1.0,90.0,64,0.5,0.5,0.25,0.25,Entropia potencial
2501534,3.5786117672601195e-05,0.5,0.0,0.17501431444706902,0.0,1.0,0.0,0.0,0.0,1.0,90.0,64,0.5,0.5,0.25,0.25,Entropia potencial
2501575,8.491472422724131e-05,0.5,0.0,0.1750339658896909,0.0,1.0,0.0,0.0,0.0,1.0,90.0,64,0.5,0.5,0.25,0.25,Entropia potencial
2501609,0.0001428347211267856,0.5,0.0,0.1750571338884507,0.0,1.0,0.0,0.0,0.0,1.0,90.0,64,0.5,0.5,0.25,0.25,Entropia potencial
2501708,6.901706573678085e-05,0.5,0.0,0.1750276068262947,0.0,1.0,0.0,0.0,0.0,1.0,90.0,64,0.5,0.5,0.25,0.25,Entropia potencial
2501807,0.001555206043638967,0.5,0.0,0.17562208241745558,0.0,1.0,0.0,0.0,0.0,1.0,90.0,64,0.5,0.5,0.25,0.25,Entropia potencial
2501906,0.00023356702845503792,0.5,0.0,0.175093426811382,0.0,1.0,0.0,0.0,0.0,1.0,90.0,64,0.5,0.5,0.25,0.25,Entropia potencial
2502003,6.485606135997194e-05,0.5,0.0,0.17502594242454397,0.0,1.0,0.0,0.0,0.0,1.0,90.0,64,0.5,0.5,0.25,0.25,Entropia potencial
2502052,2.610987959817743e-05,0.5,0.0,0.17501044395183926,0.0,1.0,0.0,0.0,0.0,1.0,90.0,64,0.5,0.5,0.25,0.25,Entropia potencial
2502102,3.735283730838138e-05,0.5,0.0,0.17501494113492333,0.0,1.0,0.0,0.0,0.0,1.0,90.0,64,0.5,0.5,0.25,0.25,Entropia potencial
2502151,0.00030115163460579846,0.5,0.0,0.17512046065384232,0.0,1.0,0.0,0.0,0.0,1.0,90.0,64,0.5,0.5,0.25,0.25,Entropia potencial
2502201,1.5580508766618305e-05,0.5,0.0,0.17500623220350664,0.0,1.0,0.0,0.0,0.0,1.0,90.0,64,0.5,0.5,0.25,0.25,Entropia potencial
2502300,3.828737182796956e-05,0.5,0.0,0.17501531494873118,0.0,1.0,0.0,0.0,0.0,1.0,90.0,64,0.5,0.5,0.25,0.25,Entropia potencial
2502409,8.235321162434293e-05,0.5,0.0,0.17503294128464972,0.0,1.0,0.0,0.0,0.0,1.0,90.0,64,0.5,0.5,0.25,0.25,Entropia potencial
2502508,0.00025796112804722936,0.5,0.0,0.1751031844512189,0.0,1.0,0.0,0.0,0.0,1.0,90.0,64,0.5,0.5,0.25,0.25,Entropia potencial
2502607,4.6378918448928736e-05,0.5,0.0,0.17501855156737955,0.0,1.0,0.0,0.0,0.0,1.0,90.0,64,0.5,0.5,0.25,0.25,Entropia potencial
2502706,5.5279196865685385e-05,0.5,0.0,0.17502211167874626,0.0,1.0,0.0,0.0,0.0,1.0,90.0,64,0.5,0.5,0.25,0.25,Entropia potencial
2502805,0.00015670050705316406,0.5,0.0,0.17506268020282126,0.0,1.0,0.0,0.0,0.0,1.0,90.0,64,0.5,0.5,0.25,0.25,Entropia potencial
2502904,5.306337746177496e-05,0.5,0.0,0.1750212253509847,0.0,1.0,0.0,0.0,0.0,1.0,90.0,64,0.5,0.5,0.25,0.25,Entropia potencial
2503001,0.0004601969352839021,0.5,0.0,0.17518407877411354,0.0,1.0,0.0,0.0,0.0,1.0,90.0,64,0.5,0.5,0.25,0.25,Entropia potencial
2503100,0.0001295239472171309,0.5,0.0,0.17505180957888683,0.0,1.0,0.0,0.0,0.0,1.0,90.0,64,0.5,0.5,0.25,0.25,Entropia potencial
2503209,0.003788893662990667,0.5,0.0,0.17651555746519626,0.0,1.0,0.0,0.0,0.0,1.0,90.0,64,0.5,0.5,0.25,0.25,Entropia potencial
2503308,0.00011998514068970541,0.5,0.0,0.17504799405627586,0.0,1.0,0.0,0.0,0.0,1.0,90.0,64,0.5,0.5,0.25,0.25,Entropia potencial
2503407,2.11856015526551e-05,0.5,0.0,0.17500847424062105,0.0,1.0,0.0,0.0,0.0,1.0,90.0,64,0.5,0.5,0.25,0.25,Entropia potencial
2503506,0.0001474947077357728,0.5,0.0,0.17505899788309429,0.0,1.0,0.0,0.0,0.0,1.0,90.0,64,0.5,0.5,0.25,0.25,Entropia potencial
2503555,5.812614422004169e-05,0.5,0.0,0.17502325045768802,0.0,1.0,0.0,0.0,0.0,1.0,90.0,64,0.5,0.5,0.25,0.25,Entropia potencial
2503605,5.7618704661894254e-05,0.5,0.0,0.17502304748186476,0.0,1.0,0.0,0.0,0.0,1.0,90.0,64,0.5,0.5,0.25,0.25,Entropia potencial
2503704,0.001484277622233164,0.5,0.0,0.17559371104889326,0.0,1.0,0.0,0.0,0.0,1.0,90.0,64,0.5,0.5,0.25,0.25,Entropia potencial
2503753,2.4519902315982156e-05,0.5,0.0,0.17500980796092638,0.0,1.0,0.0,0.0,0.0,1.0,90.0,64,0.5,0.5,0.25,0.25,Entropia potencial
2503803,6.41678464592345e-05,0.5,0.0,0.1750256671385837,0.0,1.0,0.0,0.0,0.0,1.0,90.0,64,0.5,0.5,0.25,0.25,Entropia potencial
2503902,5.839677865105364e-05,0.5,0.0,0.1750233587114604,0.0,1.0,0.0,0.0,0.0,1.0,90.0,64,0.5,0.5,0.25,0.25,Entropia potencial
2504009,0.012141216644379059,0.5,0.0,0.1798564866577516,0.0,1.0,0.0,0.0,0.0,1.0,90.0,64,0.5,0.5,0.25,0.25,Entropia potencial
2504033,7.038080954930207e-05,0.5,0.0,0.1750281523238197,0.0,1.0,0.0,0.0,0.0,1.0,90.0,64,0.5,0.5,0.25,0.25,Entropia potencial
2504074,2.780557345498675e-05,0.5,0.0,0.17501112222938198,0.0,1.0,0.0,0.0,0.0,1.0,90.0,64,0.5,0.5,0.25,0.25,Entropia potencial
2504108,1.3725182882141775e-05,0.5,0.0,0.17500549007315286,0.0,1.0,0.0,0.0,0.0,1.0,90.0,64,0.5,0.5,0.25,0.25,Entropia potencial
2504157,5.721592451261474e-05,0.5,0.0,0.17502288636980504,0.0,1.0,0.0,0.0,0.0,1.0,90.0,64,0.5,0.5,0.25,0.25,Entropia potencial
2504207,3.8076995844487594e-05,0.5,0.0,0.17501523079833778,0.0,1.0,0.0,0.0,0.0,1.0,90.0,64,0.5,0.5,0.25,0.25,Entropia potencial
2504306,0.0005790001646694224,0.5,0.0,0.17523160006586777,0.0,1.0,0.0,0.0,0.0,1.0,90.0,64,0.5,0.5,0.25,0.25,Entropia potencial
2504355,5.8034170800127467e-05,0.5,0.0,0.17502321366832005,0.0,1.0,0.0,0.0,0.0,1.0,90.0,64,0.5,0.5,0.25,0.25,Entropia potencial
2504405,0.0002260590373259483,0.5,0.0,0.17509042361493038,0.0,1.0,0.0,0.0,0.0,1.0,90.0,64,0.5,0.5,0.25,0.25,Entropia potencial
2504504,5.9336598999372526e-05,0.5,0.0,0.17502373463959975,0.0,1.0,0.0,0.0,0.0,1.0,90.0,64,0.5,0.5,0.25,0.25,Entropia potencial
2504603,0.0014774007590545202,0.5,0.0,0.17559096030362178,0.0,1.0,0.0,0.0,0.0,1.0,90.0,64,0.5,0.5,0.25,0.25,Entropia potencial
2504702,5.04500637373157e-05,0.5,0.0,0.1750201800254949,0.0,1.0,0.0,0.0,0.0,1.0,90.0,64,0.5,0.5,0.25,0.25,Entropia potencial
2504801,0.00022022876823598358,0.5,0.0,0.17508809150729437,0.0,1.0,0.0,0.0,0.0,1.0,90.0,64,0.5,0.5,0.25,0.25,Entropia potencial
2504850,6.04487373643123e-06,0.5,0.0,0.17500241794949456,0.0,1.0,0.0,0.0,0.0,1.0,90.0,64,0.5,0.5,0.25,0.25,Entropia potencial
2504900,0.00019920068437950342,0.5,0.0,0.1750796802737518,0.0,1.0,0.0,0.0,0.0,1.0,90.0,64,0.5,0.5,0.25,0.25,Entropia potencial
2505006,6.95879352396967e-05,0.5,0.0,0.17502783517409587,0.0,1.0,0.0,0.0,0.0,1.0,90.0,64,0.5,0.5,0.25,0.25,Entropia potencial
2505105,0.0002343704744221047,0.5,0.0,0.17509374818976883,0.0,1.0,0.0,0.0,0.0,1.0,90.0,64,0.5,0.5,0.25,0.25,Entropia potencial
2505204,5.92784548833348e-05,0.5,0.0,0.17502371138195333,0.0,1.0,0.0,0.0,0.0,1.0,90.0,64,0.5,0.5,0.25,0.25,Entropia potencial
2505238,6.035570677865195e-05,0.5,0.0,0.17502414228271146,0.0,1.0,0.0,0.0,0.0,1.0,90.0,64,0.5,0.5,0.25,0.25,Entropia potencial
2505279,4.3319480779598204e-05,0.5,0.0,0.17501732779231183,0.0,1.0,0.0,0.0,0.0,1.0,90.0,64,0.5,0.5,0.25,0.25,Entropia potencial
2505303,9.29142974282863e-06,0.5,0.0,0.17500371657189712,0.0,1.0,0.0,0.0,0.0,1.0,90.0,64,0.5,0.5,0.25,0.25,Entropia potencial
2505352,3.56243713134417e-05,0.5,0.0,0.17501424974852536,0.0,1.0,0.0,0.0,0.0,1.0,90.0,64,0.5,0.5,0.25,0.25,Entropia potencial
2505402,6.490786248153283e-05,0.5,0.0,0.1750259631449926,0.0,1.0,0.0,0.0,0.0,1.0,90.0,64,0.5,0.5,0.25,0.25,Entropia potencial
2505501,2.4002948266119464e-05,0.5,0.0,0.17500960117930645,0.0,1.0,0.0,0.0,0.0,1.0,90.0,64,0.5,0.5,0.25,0.25,Entropia potencial
2505600,5.345347162210079e-05,0.5,0.0,0.17502138138864884,0.0,1.0,0.0,0.0,0.0,1.0,90.0,64,0.5,0.5,0.25,0.25,Entropia potencial
2505709,8.852600241605717e-05,0.5,0.0,0.1750354104009664,0.0,1.0,0.0,0.0,0.0,1.0,90.0,64,0.5,0.5,0.25,0.25,Entropia potencial
2505808,3.2819710588931025e-05,0.5,0.0,0.17501312788423556,0.0,1.0,0.0,0.0,0.0,1.0,90.0,64,0.5,0.5,0.25,0.25,Entropia potencial
2505907,2.355048132677134e-05,0.5,0.0,0.17500942019253068,0.0,1.0,0.0,0.0,0.0,1.0,90.0,64,0.5,0.5,0.25,0.25,Entropia potencial
2506004,0.0008162471870867754,0.5,0.0,0.1753264988748347,0.0,1.0,0.0,0.0,0.0,1.0,90.0,64,0.5,0.5,0.25,0.25,Entropia potencial
2506103,0.0001056563161665174,0.5,0.0,0.1750422625264666,0.0,1.0,0.0,0.0,0.0,1.0,90.0,64,0.5,0.5,0.25,0.25,Entropia potencial
2506202,1.2750476064200256e-05,0.5,0.0,0.17500510019042567,0.0,1.0,0.0,0.0,0.0,1.0,90.0,64,0.5,0.5,0.25,0.25,Entropia potencial
2506251,6.773366652096632e-05,0.5,0.0,0.17502709346660839,0.0,1.0,0.0,0.0,0.0,1.0,90.0,64,0.5,0.5,0.25,0.25,Entropia potencial
2506301,0.0013789891997463037,0.5,0.0,0.1755515956798985,0.0,1.0,0.0,0.0,0.0,1.0,90.0,64,0.5,0.5,0.25,0.25,Entropia potencial
2506400,0.0001581202806502307,0.5,0.0,0.1750632481122601,0.0,1.0,0.0,0.0,0.0,1.0,90.0,64,0.5,0.5,0.25,0.25,Entropia potencial
2506509,2.3961718802019987e-05,0.5,0.0,0.17500958468752079,0.0,1.0,0.0,0.0,0.0,1.0,90.0,64,0.5,0.5,0.25,0.25,Entropia potencial
2506608,4.213756947541316e-05,0.5,0.0,0.17501685502779016,0.0,1.0,0.0,0.0,0.0,1.0,90.0,64,0.5,0.5,0.25,0.25,Entropia potencial
2506707,8.618438028835601e-05,0.5,0.0,0.17503447375211534,0.0,1.0,0.0,0.0,0.0,1.0,90.0,64,0.5,0.5,0.25,0.25,Entropia potencial
2506806,0.00022791013454744025,0.5,0.0,0.17509116405381897,0.0,1.0,0.0,0.0,0.0,1.0,90.0,64,0.5,0.5,0.25,0.25,Entropia potencial
2506905,0.0003694603992926652,0.5,0.0,0.17514778415971705,0.0,1.0,0.0,0.0,0.0,1.0,90.0,64,0.5,0.5,0.25,0.25,Entropia potencial
2507002,0.0003764186642337618,0.5,0.0,0.1751505674656935,0.0,1.0,0.0,0.0,0.0,1.0,90.0,64,0.5,0.5,0.25,0.25,Entropia potencial
2507101,0.00022596494957454177,0.5,0.0,0.17509038597982982,0.0,1.0,0.0,0.0,0.0,1.0,90.0,64,0.5,0.5,0.25,0.25,Entropia potencial
2507200,0.0001684339896695772,0.5,0.0,0.17506737359586783,0.0,1.0,0.0,0.0,0.0,1.0,90.0,64,0.5,0.5,0.25,0.25,Entropia potencial
2507309,0.00018130709696032973,0.5,0.0,0.17507252283878413,0.0,1.0,0.0,0.0,0.0,1.0,90.0,64,0.5,0.5,0.25,0.25,Entropia potencial
2507408,6.897583627268138e-05,0.5,0.0,0.17502759033450907,0.0,1.0,0.0,0.0,0.0,1.0,90.0,64,0.5,0.5,0.25,0.25,Entropia potencial
2507507,0.02605797381720768,0.5,0.0,0.18542318952688305,0.0,1.0,0.0,0.0,0.0,1.0,90.0,64,0.5,0.5,0.25,0.25,Entropia potencial
2507606,6.707822375835922e-05,0.5,0.0,0.17502683128950333,0.0,1.0,0.0,0.0,0.0,1.0,90.0,64,0.5,0.5,0.25,0.25,Entropia potencial
2507705,0.00021140672008444132,0.5,0.0,0.17508456268803377,0.0,1.0,0.0,0.0,0.0,1.0,90.0,64,0.5,0.5,0.25,0.25,Entropia potencial
2507804,8.909370042173459e-05,0.5,0.0,0.17503563748016868,0.0,1.0,0.0,0.0,0.0,1.0,90.0,64,0.5,0.5,0.25,0.25,Entropia potencial
2507903,0.00011623854528538356,0.5,0.0,0.17504649541811415,0.0,1.0,0.0,0.0,0.0,1.0,90.0,64,0.5,0.5,0.25,0.25,Entropia potencial
2508000,7.973038340816841e-05,0.5,0.0,0.17503189215336326,0.0,1.0,0.0,0.0,0.0,1.0,90.0,64,0.5,0.5,0.25,0.25,Entropia potencial
2508109,3.841951754623711e-05,0.5,0.0,0.17501536780701848,0.0,1.0,0.0,0.0,0.0,1.0,90.0,64,0.5,0.5,0.25,0.25,Entropia potencial
2508208,7.684009225822037e-05,0.5,0.0,0.17503073603690328,0.0,1.0,0.0,0.0,0.0,1.0,90.0,64,0.5,0.5,0.25,0.25,Entropia potencial
2508307,0.000355288035299906,0.5,0.0,0.17514211521411996,0.0,1.0,0.0,0.0,0.0,1.0,90.0,64,0.5,0.5,0.25,0.25,Entropia potencial
2508406,1.3883757744062848e-05,0.5,0.0,0.17500555350309763,0.0,1.0,0.0,0.0,0.0,1.0,90.0,64,0.5,0.5,0.25,0.25,Entropia potencial
2508505,5.7690591932631815e-05,0.5,0.0,0.17502307623677305,0.0,1.0,0.0,0.0,0.0,1.0,90.0,64,0.5,0.5,0.25,0.25,Entropia potencial
2508554,3.579774649580874e-05,0.5,0.0,0.17501431909859833,0.0,1.0,0.0,0.0,0.0,1.0,90.0,64,0.5,0.5,0.25,0.25,Entropia potencial
2508604,0.00024196198164513943,0.5,0.0,0.17509678479265806,0.0,1.0,0.0,0.0,0.0,1.0,90.0,64,0.5,0.5,0.25,0.25,Entropia potencial
2508703,2.1573581381488655e-05,0.5,0.0,0.17500862943255258,0.0,1.0,0.0,0.0,0.0,1.0,90.0,64,0.5,0.5,0.25,0.25,Entropia potencial
2508802,4.9896108886338095e-05,0.5,0.0,0.17501995844355453,0.0,1.0,0.0,0.0,0.0,1.0,90.0,64,0.5,0.5,0.25,0.25,Entropia potencial
2508901,0.0009224045998169634,0.5,0.0,0.17536896183992678,0.0,1.0,0.0,0.0,0.0,1.0,90.0,64,0.5,0.5,0.25,0.25,Entropia potencial
2509008,8.93442487035699e-05,0.5,0.0,0.17503573769948141,0.0,1.0,0.0,0.0,0.0,1.0,90.0,64,0.5,0.5,0.25,0.25,Entropia potencial
2509057,9.34608521190409e-05,0.5,0.0,0.17503738434084762,0.0,1.0,0.0,0.0,0.0,1.0,90.0,64,0.5,0.5,0.25,0.25,Entropia potencial
2509107,0.0002498019228185172,0.5,0.0,0.1750999207691274,0.0,1.0,0.0,0.0,0.0,1.0,90.0,64,0.5,0.5,0.25,0.25,Entropia potencial
2509156,7.005625966523694e-05,0.5,0.0,0.1750280225038661,0.0,1.0,0.0,0.0,0.0,1.0,90.0,64,0.5,0.5,0.25,0.25,Entropia potencial
2509206,0.00014838166979678466,0.5,0.0,0.1750593526679187,0.0,1.0,0.0,0.0,0.0,1.0,90.0,64,0.5,0.5,0.25,0.25,Entropia potencial
2509305,0.00018598082672401678,0.5,0.0,0.17507439233068958,0.0,1.0,0.0,0.0,0.0,1.0,90.0,64,0.5,0.5,0.25,0.25,Entropia potencial
2509339,4.561035895148462e-05,0.5,0.0,0.17501824414358058,0.0,1.0,0.0,0.0,0.0,1.0,90.0,64,0.5,0.5,0.25,0.25,Entropia potencial
2509370,1.4438769760786596e-05,0.5,0.0,0.1750057755079043,0.0,1.0,0.0,0.0,0.0,1.0,90.0,64,0.5,0.5,0.25,0.25,Entropia potencial
2509396,5.02016297869727e-05,0.5,0.0,0.17502008065191477,0.0,1.0,0.0,0.0,0.0,1.0,90.0,64,0.5,0.5,0.25,0.25,Entropia potencial
2509404,0.000177960110208049,0.5,0.0,0.1750711840440832,0.0,1.0,0.0,0.0,0.0,1.0,90.0,64,0.5,0.5,0.25,0.25,Entropia potencial
2509503,4.5846106912873934e-05,0.5,0.0,0.17501833844276513,0.0,1.0,0.0,0.0,0.0,1.0,90.0,64,0.5,0.5,0.25,0.25,Entropia potencial
2509602,3.4403344876649444e-05,0.5,0.0,0.17501376133795066,0.0,1.0,0.0,0.0,0.0,1.0,90.0,64,0.5,0.5,0.25,0.25,Entropia potencial
2509701,0.0007738484976720655,0.5,0.0,0.17530953939906882,0.0,1.0,0.0,0.0,0.0,1.0,90.0,64,0.5,0.5,0.25,0.25,Entropia potencial
2509800,8.435336921604071e-05,0.5,0.0,0.1750337413476864,0.0,1.0,0.0,0.0,0.0,1.0,90.0,64,0.5,0.5,0.25,0.25,Entropia potencial
2509909,9.467976422434087e-05,0.5,0.0,0.17503787190568973,0.0,1.0,0.0,0.0,0.0,1.0,90.0,64,0.5,0.5,0.25,0.25,Entropia potencial
2510006,5.1536830124348116e-05,0.5,0.0,0.17502061473204972,0.0,1.0,0.0,0.0,0.0,1.0,90.0,64,0.5,0.5,0.25,0.25,Entropia potencial
2510105,8.629961135468532e-05,0.5,0.0,0.17503451984454185,0.0,1.0,0.0,0.0,0.0,1.0,90.0,64,0.5,0.5,0.25,0.25,Entropia potencial
2510204,4.509234773587579e-05,0.5,0.0,0.17501803693909435,0.0,1.0,0.0,0.0,0.0,1.0,90.0,64,0.5,0.5,0.25,0.25,Entropia potencial
2510303,2.9712700461024164e-05,0.5,0.0,0.1750118850801844,0.0,1.0,0.0,0.0,0.0,1.0,90.0,64,0.5,0.5,0.25,0.25,Entropia potencial
2510402,4.9001746665103255e-05,0.5,0.0,0.17501960069866604,0.0,1.0,0.0,0.0,0.0,1.0,90.0,64,0.5,0.5,0.25,0.25,Entropia potencial
2510501,2.7242104112293877e-05,0.5,0.0,0.17501089684164492,0.0,1.0,0.0,0.0,0.0,1.0,90.0,64,0.5,0.5,0.25,0.25,Entropia potencial
2510600,2.249542991212315e-05,0.5,0.0,0.17500899817196483,0.0,1.0,0.0,0.0,0.0,1.0,90.0,64,0.5,0.5,0.25,0.25,Entropia potencial
2510659,3.859712139158869e-06,0.5,0.0,0.17500154388485564,0.0,1.0,0.0,0.0,0.0,1.0,90.0,64,0.5,0.5,0.25,0.25,Entropia potencial
2510709,1.174722577111295e-05,0.5,0.0,0.17500469889030842,0.0,1.0,0.0,0.0,0.0,1.0,90.0,64,0.5,0.5,0.25,0.25,Entropia potencial
2510808,0.0023143039076551344,0.5,0.0,0.17592572156306205,0.0,1.0,0.0,0.0,0.0,1.0,90.0,64,0.5,0.5,0.25,0.25,Entropia potencial
2510907,0.00016633868716072676,0.5,0.0,0.17506653547486428,0.0,1.0,0.0,0.0,0.0,1.0,90.0,64,0.5,0.5,0.25,0.25,Entropia potencial
2511004,2.2983840486840048e-05,0.5,0.0,0.17500919353619473,0.0,1.0,0.0,0.0,0.0,1.0,90.0,64,0.5,0.5,0.25,0.25,Entropia potencial
2511103,6.752329053748437e-05,0.5,0.0,0.17502700931621498,0.0,1.0,0.0,0.0,0.0,1.0,90.0,64,0.5,0.5,0.25,0.25,Entropia potencial
2511202,0.0007127866041749917,0.5,0.0,0.17528511464167,0.0,1.0,0.0,0.0,0.0,1.0,90.0,64,0.5,0.5,0.25,0.25,Entropia potencial
2511301,0.00021559626793639603,0.5,0.0,0.17508623850717456,0.0,1.0,0.0,0.0,0.0,1.0,90.0,64,0.5,0.5,0.25,0.25,Entropia potencial
2511400,0.00023713707717975434,0.5,0.0,0.1750948548308719,0.0,1.0,0.0,0.0,0.0,1.0,90.0,64,0.5,0.5,0.25,0.25,Entropia potencial
2511509,0.0001248259026412826,0.5,0.0,0.1750499303610565,0.0,1.0,0.0,0.0,0.0,1.0,90.0,64,0.5,0.5,0.25,0.25,Entropia potencial
2511608,9.262674834533606e-05,0.5,0.0,0.17503705069933811,0.0,1.0,0.0,0.0,0.0,1.0,90.0,64,0.5,0.5,0.25,0.25,Entropia potencial
2511707,4.012684022625397e-05,0.5,0.0,0.1750160507360905,0.0,1.0,0.0,0.0,0.0,1.0,90.0,64,0.5,0.5,0.25,0.25,Entropia potencial
2511806,8.998383397998488e-05,0.5,0.0,0.17503599353359198,0.0,1.0,0.0,0.0,0.0,1.0,90.0,64,0.5,0.5,0.25,0.25,Entropia potencial
2511905,0.0004294862703585213,0.5,0.0,0.1751717945081434,0.0,1.0,0.0,0.0,0.0,1.0,90.0,64,0.5,0.5,0.25,0.25,Entropia potencial
2512002,0.00028988119058619485,0.5,0.0,0.17511595247623446,0.0,1.0,0.0,0.0,0.0,1.0,90.0,64,0.5,0.5,0.25,0.25,Entropia potencial
2512036,2.6900639576290502e-05,0.5,0.0,0.1750107602558305,0.0,1.0,0.0,0.0,0.0,1.0,90.0,64,0.5,0.5,0.25,0.25,Entropia potencial
2512077,3.376270243448832e-05,0.5,0.0,0.1750135050809738,0.0,1.0,0.0,0.0,0.0,1.0,90.0,64,0.5,0.5,0.25,0.25,Entropia potencial
2512101,0.0005217916403170307,0.5,0.0,0.1752087166561268,0.0,1.0,0.0,0.0,0.0,1.0,90.0,64,0.5,0.5,0.25,0.25,Entropia potencial
2512200,4.746885633319957e-05,0.5,0.0,0.17501898754253326,0.0,1.0,0.0,0.0,0.0,1.0,90.0,64,0.5,0.5,0.25,0.25,Entropia potencial
2512309,0.0002946257504548733,0.5,0.0,0.17511785030018193,0.0,1.0,0.0,0.0,0.0,1.0,90.0,64,0.5,0.5,0.25,0.25,Entropia potencial
2512408,0.00015589388958885887,0.5,0.0,0.17506235755583555,0.0,1.0,0.0,0.0,0.0,1.0,90.0,64,0.5,0.5,0.25,0.25,Entropia potencial
2512507,0.0007055608763001216,0.5,0.0,0.17528222435052004,0.0,1.0,0.0,0.0,0.0,1.0,90.0,64,0.5,0.5,0.25,0.25,Entropia potencial
2512606,9.1053685715079e-06,0.5,0.0,0.17500364214742858,0.0,1.0,0.0,0.0,0.0,1.0,90.0,64,0.5,0.5,0.25,0.25,Entropia potencial
2512705,0.00018344680043051807,0.5,0.0,0.1750733787201722,0.0,1.0,0.0,0.0,0.0,1.0,90.0,64,0.5,0.5,0.25,0.25,Entropia potencial
2512721,4.205828204445262e-05,0.5,0.0,0.17501682331281776,0.0,1.0,0.0,0.0,0.0,1.0,90.0,64,0.5,0.5,0.25,0.25,Entropia potencial
2512747,1.8483485905520046e-05,0.5,0.0,0.1750073933943622,0.0,1.0,0.0,0.0,0.0,1.0,90.0,64,0.5,0.5,0.25,0.25,Entropia potencial
2512754,3.901258752982191e-05,0.5,0.0,0.17501560503501193,0.0,1.0,0.0,0.0,0.0,1.0,90.0,64,0.5,0.5,0.25,0.25,Entropia potencial
2512762,4.431744524395481e-05,0.5,0.0,0.17501772697809756,0.0,1.0,0.0,0.0,0.0,1.0,90.0,64,0.5,0.5,0.25,0.25,Entropia potencial
2512788,1.2266294152467918e-05,0.5,0.0,0.17500490651766099,0.0,1.0,0.0,0.0,0.0,1.0,90.0,64,0.5,0.5,0.25,0.25,Entropia potencial
2512804,8.698994058691505e-05,0.5,0.0,0.17503479597623475,0.0,1.0,0.0,0.0,0.0,1.0,90.0,64,0.5,0.5,0.25,0.25,Entropia potencial
2512903,0.00035605025180287327,0.5,0.0,0.17514242010072115,0.0,1.0,0.0,0.0,0.0,1.0,90.0,64,0.5,0.5,0.25,0.25,Entropia potencial
2513000,1.4503256871301163e-05,0.5,0.0,0.1750058013027485,0.0,1.0,0.0,0.0,0.0,1.0,90.0,64,0.5,0.5,0.25,0.25,Entropia potencial
2513109,0.00012661885574673687,0.5,0.0,0.17505064754229868,0.0,1.0,0.0,0.0,0.0,1.0,90.0,64,0.5,0.5,0.25,0.25,Entropia potencial
2513158,6.442685206703891e-05,0.5,0.0,0.1750257707408268,0.0,1.0,0.0,0.0,0.0,1.0,90.0,64,0.5,0.5,0.25,0.25,Entropia potencial
2513208,4.634720347654453e-05,0.5,0.0,0.1750185388813906,0.0,1.0,0.0,0.0,0.0,1.0,90.0,64,0.5,0.5,0.25,0.25,Entropia potencial
2513307,4.9071519604348526e-05,0.5,0.0,0.17501962860784173,0.0,1.0,0.0,0.0,0.0,1.0,90.0,64,0.5,0.5,0.25,0.25,Entropia potencial
2513356,1.7715983573822065e-05,0.5,0.0,0.17500708639342952,0.0,1.0,0.0,0.0,0.0,1.0,90.0,64,0.5,0.5,0.25,0.25,Entropia potencial
2513406,0.0008172715806947855,0.5,0.0,0.1753269086322779,0.0,1.0,0.0,0.0,0.0,1.0,90.0,64,0.5,0.5,0.25,0.25,Entropia potencial
2513505,3.576708868917066e-05,0.5,0.0,0.17501430683547567,0.0,1.0,0.0,0.0,0.0,1.0,90.0,64,0.5,0.5,0.25,0.25,Entropia potencial
2513604,5.735229889386687e-05,0.5,0.0,0.17502294091955753,0.0,1.0,0.0,0.0,0.0,1.0,90.0,64,0.5,0.5,0.25,0.25,Entropia potencial
2513653,1.5022325252656137e-05,0.5,0.0,0.17500600893010104,0.0,1.0,0.0,0.0,0.0,1.0,90.0,64,0.5,0.5,0.25,0.25,Entropia potencial
2513703,0.002986849497703289,0.5,0.0,0.17619473979908132,0.0,1.0,0.0,0.0,0.0,1.0,90.0,64,0.5,0.5,0.25,0.25,Entropia potencial
2513802,4.396646621623618e-05,0.5,0.0,0.17501758658648647,0.0,1.0,0.0,0.0,0.0,1.0,90.0,64,0.5,0.5,0.25,0.25,Entropia potencial
2513851,1.4233679606035341e-05,0.5,0.0,0.17500569347184242,0.0,1.0,0.0,0.0,0.0,1.0,90.0,64,0.5,0.5,0.25,0.25,Entropia potencial
2513901,0.0006414236876475252,0.5,0.0,0.175256569475059,0.0,1.0,0.0,0.0,0.0,1.0,90.0,64,0.5,0.5,0.25,0.25,Entropia potencial
2513927,3.9779032695773755e-05,0.5,0.0,0.1750159116130783,0.0,1.0,0.0,0.0,0.0,1.0,90.0,64,0.5,0.5,0.25,0.25,Entropia potencial
2513943,1.2886850445452377e-05,0.5,0.0,0.17500515474017816,0.0,1.0,0.0,0.0,0.0,1.0,90.0,64,0.5,0.5,0.25,0.25,Entropia potencial
2513968,1.9048012413959063e-05,0.5,0.0,0.17500761920496558,0.0,1.0,0.0,0.0,0.0,1.0,90.0,64,0.5,0.5,0.25,0.25,Entropia potencial
2513984,2.29563541774404e-05,0.5,0.0,0.17500918254167097,0.0,1.0,0.0,0.0,0.0,1.0,90.0,64,0.5,0.5,0.25,0.25,Entropia potencial
2514008,4.291035763584185e-05,0.5,0.0,0.17501716414305432,0.0,1.0,0.0,0.0,0.0,1.0,90.0,64,0.5,0.5,0.25,0.25,Entropia potencial
2514107,2.61796525374227e-05,0.5,0.0,0.17501047186101495,0.0,1.0,0.0,0.0,0.0,1.0,90.0,64,0.5,0.5,0.25,0.25,Entropia potencial
2514206,6.0938205104775345e-05,0.5,0.0,0.1750243752820419,0.0,1.0,0.0,0.0,0.0,1.0,90.0,64,0.5,0.5,0.25,0.25,Entropia potencial
2514305,3.6271356750079665e-05,0.5,0.0,0.1750145085427,0.0,1.0,0.0,0.0,0.0,1.0,90.0,64,0.5,0.5,0.25,0.25,Entropia potencial
2514404,3.9331851585156335e-05,0.5,0.0,0.17501573274063406,0.0,1.0,0.0,0.0,0.0,1.0,90.0,64,0.5,0.5,0.25,0.25,Entropia potencial
2514453,5.132856847235844e-05,0.5,0.0,0.17502053142738894,0.0,1.0,0.0,0.0,0.0,1.0,90.0,64,0.5,0.5,0.25,0.25,Entropia potencial
2514503,0.0002483916637131658,0.5,0.0,0.17509935666548526,0.0,1.0,0.0,0.0,0.0,1.0,90.0,64,0.5,0.5,0.25,0.25,Entropia potencial
2514552,1.6933680921678118e-05,0.5,0.0,0.17500677347236865,0.0,1.0,0.0,0.0,0.0,1.0,90.0,64,0.5,0.5,0.25,0.25,Entropia potencial
2514602,1.4826749589620152e-05,0.5,0.0,0.17500593069983583,0.0,1.0,0.0,0.0,0.0,1.0,90.0,64,0.5,0.5,0.25,0.25,Entropia potencial
2514651,1.2113005119277554e-05,0.5,0.0,0.1750048452020477,0.0,1.0,0.0,0.0,0.0,1.0,90.0,64,0.5,0.5,0.25,0.25,Entropia potencial
2514701,0.0002735458654768323,0.5,0.0,0.17510941834619073,0.0,1.0,0.0,0.0,0.0,1.0,90.0,64,0.5,0.5,0.25,0.25,Entropia potencial
2514800,2.0282782005451134e-05,0.5,0.0,0.17500811311280218,0.0,1.0,0.0,0.0,0.0,1.0,90.0,64,0.5,0.5,0.25,0.25,Entropia potencial
2514909,0.00011607997042346248,0.5,0.0,0.17504643198816938,0.0,1.0,0.0,0.0,0.0,1.0,90.0,64,0.5,0.5,0.25,0.25,Entropia potencial
2515005,8.229929617128977e-05,0.5,0.0,0.17503291971846852,0.0,1.0,0.0,0.0,0.0,1.0,90.0,64,0.5,0.5,0.25,0.25,Entropia potencial
2515104,9.860819213699886e-05,0.5,0.0,0.17503944327685478,0.0,1.0,0.0,0.0,0.0,1.0,90.0,64,0.5,0.5,0.25,0.25,Entropia potencial
2515203,2.0269038850751313e-05,0.5,0.0,0.17500810761554028,0.0,1.0,0.0,0.0,0.0,1.0,90.0,64,0.5,0.5,0.25,0.25,Entropia potencial
2515302,0.0007878760299576034,0.5,0.0,0.17531515041198303,0.0,1.0,0.0,0.0,0.0,1.0,90.0,64,0.5,0.5,0.25,0.25,Entropia potencial
2515401,8.140810544729336e-05,0.5,0.0,0.17503256324217892,0.0,1.0,0.0,0.0,0.0,1.0,90.0,64,0.5,0.5,0.25,0.25,Entropia potencial
2515500,0.00014751902254793404,0.5,0.0,0.17505900760901916,0.0,1.0,0.0,0.0,0.0,1.0,90.0,64,0.5,0.5,0.25,0.25,Entropia potencial
2515609,2.1920331746222734e-05,0.5,0.0,0.17500876813269847,0.0,1.0,0.0,0.0,0.0,1.0,90.0,64,0.5,0.5,0.25,0.25,Entropia potencial
2515708,1.6367040081746818e-05,0.5,0.0,0.1750065468160327,0.0,1.0,0.0,0.0,0.0,1.0,90.0,64,0.5,0.5,0.25,0.25,Entropia potencial
2515807,4.7392740399477455e-05,0.5,0.0,0.17501895709615978,0.0,1.0,0.0,0.0,0.0,1.0,90.0,64,0.5,0.5,0.25,0.25,Entropia potencial
2515906,5.18761803288592e-05,0.5,0.0,0.17502075047213153,0.0,1.0,0.0,0.0,0.0,1.0,90.0,64,0.5,0.5,0.25,0.25,Entropia potencial
2515930,4.1803505099632766e-05,0.5,0.0,0.17501672140203983,0.0,1.0,0.0,0.0,0.0,1.0,90.0,64,0.5,0.5,0.25,0.25,Entropia potencial
2515971,0.00010648513411149155,0.5,0.0,0.17504259405364458,0.0,1.0,0.0,0.0,0.0,1.0,90.0,64,0.5,0.5,0.25,0.25,Entropia potencial
2516003,0.00038161040521305766,0.5,0.0,0.1751526441620852,0.0,1.0,0.0,0.0,0.0,1.0,90.0,64,0.5,0.5,0.25,0.25,Entropia potencial
2516102,0.00029476212483612544,0.5,0.0,0.17511790484993445,0.0,1.0,0.0,0.0,0.0,1.0,90.0,64,0.5,0.5,0.25,0.25,Entropia potencial
2516151,2.265717627128264e-05,0.5,0.0,0.1750090628705085,0.0,1.0,0.0,0.0,0.0,1.0,90.0,64,0.5,0.5,0.25,0.25,Entropia potencial
2516201,0.0015281859443333626,0.5,0.0,0.17561127437773333,0.0,1.0,0.0,0.0,0.0,1.0,90.0,64,0.5,0.5,0.25,0.25,Entropia potencial
2516300,0.00021743996499766502,0.5,0.0,0.17508697598599907,0.0,1.0,0.0,0.0,0.0,1.0,90.0,64,0.5,0.5,0.25,0.25,Entropia potencial
2516409,7.736761796554445e-05,0.5,0.0,0.17503094704718622,0.0,1.0,0.0,0.0,0.0,1.0,90.0,64,0.5,0.5,0.25,0.25,Entropia potencial
2516508,0.00013707633930755845,0.5,0.0,0.17505483053572302,0.0,1.0,0.0,0.0,0.0,1.0,90.0,64,0.5,0.5,0.25,0.25,Entropia potencial
2516607,0.0001406960748223434,0.5,0.0,0.17505627842992894,0.0,1.0,0.0,0.0,0.0,1.0,90.0,64,0.5,0.5,0.25,0.25,Entropia potencial
2516706,0.00017661433821321217,0.5,0.0,0.17507064573528527,0.0,1.0,0.0,0.0,0.0,1.0,90.0,64,0.5,0.5,0.25,0.25,Entropia potencial
2516755,1.6577416065228776e-05,0.5,0.0,0.17500663096642607,0.0,1.0,0.0,0.0,0.0,1.0,90.0,64,0.5,0.5,0.25,0.25,Entropia potencial
2516805,8.57530566639307e-05,0.5,0.0,0.17503430122266556,0.0,1.0,0.0,0.0,0.0,1.0,90.0,64,0.5,0.5,0.25,0.25,Entropia potencial
2516904,0.0002093843620120746,0.5,0.0,0.1750837537448048,0.0,1.0,0.0,0.0,0.0,1.0,90.0,64,0.5,0.5,0.25,0.25,Entropia potencial
2517001,7.90611974908615e-05,0.5,0.0,0.17503162447899634,0.0,1.0,0.0,0.0,0.0,1.0,90.0,64,0.5,0.5,0.25,0.25,Entropia potencial
2517100,2.1393863204644774e-05,0.5,0.0,0.17500855754528186,0.0,1.0,0.0,0.0,0.0,1.0,90.0,64,0.5,0.5,0.25,0.25,Entropia potencial
2517209,2.997382040032086e-05,0.5,0.0,0.1750119895281601,0.0,1.0,0.0,0.0,0.0,1.0,90.0,64,0.5,0.5,0.25,0.25,Entropia potencial
2517407,9.665666416962351e-06,0.5,0.0,0.17500386626656678,0.0,1.0,0.0,0.0,0.0,1.0,90.0,64,0.5,0.5,0.25,0.25,Entropia potencial
2600054,0.0020309665730375488,0.5,0.0,0.175812386629215,0.0,1.0,0.0,0.0,0.0,1.0,90.0,64,0.5,0.5,0.25,0.25,Entropia potencial
2600104,0.00061397649338048,0.5,0.0,0.17524559059735217,0.0,1.0,0.0,0.0,0.0,1.0,90.0,64,0.5,0.5,0.25,0.25,Entropia potencial
2600203,0.00024078641333543125,0.5,0.0,0.17509631456533417,0.0,1.0,0.0,0.0,0.0,1.0,90.0,64,0.5,0.5,0.25,0.25,Entropia potencial
2600302,0.0003370952699745746,0.5,0.0,0.17513483810798983,0.0,1.0,0.0,0.0,0.0,1.0,90.0,64,0.5,0.5,0.25,0.25,Entropia potencial
2600401,0.0002454971439002332,0.5,0.0,0.1750981988575601,0.0,1.0,0.0,0.0,0.0,1.0,90.0,64,0.5,0.5,0.25,0.25,Entropia potencial
2600500,0.00045499779414438324,0.5,0.0,0.17518199911765775,0.0,1.0,0.0,0.0,0.0,1.0,90.0,64,0.5,0.5,0.25,0.25,Entropia potencial
2600609,0.00015367595585345615,0.5,0.0,0.17506147038234138,0.0,1.0,0.0,0.0,0.0,1.0,90.0,64,0.5,0.5,0.25,0.25,Entropia potencial
2600708,0.0004382089449299264,0.5,0.0,0.17517528357797196,0.0,1.0,0.0,0.0,0.0,1.0,90.0,64,0.5,0.5,0.25,0.25,Entropia potencial
2600807,0.0002488124156801297,0.5,0.0,0.17509952496627204,0.0,1.0,0.0,0.0,0.0,1.0,90.0,64,0.5,0.5,0.25,0.25,Entropia potencial
2600906,0.0002402662877883301,0.5,0.0,0.1750961065151153,0.0,1.0,0.0,0.0,0.0,1.0,90.0,64,0.5,0.5,0.25,0.25,Entropia potencial
2601003,0.00013777301153426502,0.5,0.0,0.1750551092046137,0.0,1.0,0.0,0.0,0.0,1.0,90.0,64,0.5,0.5,0.25,0.25,Entropia potencial
2601052,0.0001651197750554268,0.5,0.0,0.17506604791002217,0.0,1.0,0.0,0.0,0.0,1.0,90.0,64,0.5,0.5,0.25,0.25,Entropia potencial
2601102,0.0016051951831109654,0.5,0.0,0.17564207807324436,0.0,1.0,0.0,0.0,0.0,1.0,90.0,64,0.5,0.5,0.25,0.25,Entropia potencial
2601201,0.001415612592689848,0.5,0.0,0.17556624503707594,0.0,1.0,0.0,0.0,0.0,1.0,90.0,64,0.5,0.5,0.25,0.25,Entropia potencial
2601300,0.00016140806612072758,0.5,0.0,0.17506456322644828,0.0,1.0,0.0,0.0,0.0,1.0,90.0,64,0.5,0.5,0.25,0.25,Entropia potencial
2601409,0.0005736033335353753,0.5,0.0,0.17522944133341414,0.0,1.0,0.0,0.0,0.0,1.0,90.0,64,0.5,0.5,0.25,0.25,Entropia potencial
2601508,8.448551493430828e-05,0.5,0.0,0.1750337942059737,0.0,1.0,0.0,0.0,0.0,1.0,90.0,64,0.5,0.5,0.25,0.25,Entropia potencial
2601607,0.0006255144003338572,0.5,0.0,0.17525020576013353,0.0,1.0,0.0,0.0,0.0,1.0,90.0,64,0.5,0.5,0.25,0.25,Entropia potencial
2601706,0.0034413557097757166,0.5,0.0,0.17637654228391028,0.0,1.0,0.0,0.0,0.0,1.0,90.0,64,0.5,0.5,0.25,0.25,Entropia potencial
2601805,9.742416650132154e-05,0.5,0.0,0.1750389696666005,0.0,1.0,0.0,0.0,0.0,1.0,90.0,64,0.5,0.5,0.25,0.25,Entropia potencial
2601904,0.0012473318920534612,0.5,0.0,0.17549893275682138,0.0,1.0,0.0,0.0,0.0,1.0,90.0,64,0.5,0.5,0.25,0.25,Entropia potencial
2602001,0.0003351130842005612,0.5,0.0,0.1751340452336802,0.0,1.0,0.0,0.0,0.0,1.0,90.0,64,0.5,0.5,0.25,0.25,Entropia potencial
2602100,0.0007483570600353803,0.5,0.0,0.17529934282401413,0.0,1.0,0.0,0.0,0.0,1.0,90.0,64,0.5,0.5,0.25,0.25,Entropia potencial
2602209,0.00038695966388852844,0.5,0.0,0.1751547838655554,0.0,1.0,0.0,0.0,0.0,1.0,90.0,64,0.5,0.5,0.25,0.25,Entropia potencial
2602308,0.0006375100600553131,0.5,0.0,0.1752550040240221,0.0,1.0,0.0,0.0,0.0,1.0,90.0,64,0.5,0.5,0.25,0.25,Entropia potencial
2602407,0.00019097382054303824,0.5,0.0,0.1750763895282172,0.0,1.0,0.0,0.0,0.0,1.0,90.0,64,0.5,0.5,0.25,0.25,Entropia potencial
2602506,7.660117279959261e-05,0.5,0.0,0.1750306404691198,0.0,1.0,0.0,0.0,0.0,1.0,90.0,64,0.5,0.5,0.25,0.25,Entropia potencial
2602605,0.0004962526302217691,0.5,0.0,0.1751985010520887,0.0,1.0,0.0,0.0,0.0,1.0,90.0,64,0.5,0.5,0.25,0.25,Entropia potencial
2602704,0.0001354292750750716,0.5,0.0,0.17505417171003002,0.0,1.0,0.0,0.0,0.0,1.0,90.0,64,0.5,0.5,0.25,0.25,Entropia potencial
2602803,0.0005889903809704499,0.5,0.0,0.17523559615238818,0.0,1.0,0.0,0.0,0.0,1.0,90.0,64,0.5,0.5,0.25,0.25,Entropia potencial
2602902,0.015279952316327589,0.5,0.0,0.18111198092653102,0.0,1.0,0.0,0.0,0.0,1.0,90.0,64,0.5,0.5,0.25,0.25,Entropia potencial
2603009,0.00048758492826916336,0.5,0.0,0.17519503397130765,0.0,1.0,0.0,0.0,0.0,1.0,90.0,64,0.5,0.5,0.25,0.25,Entropia potencial
2603108,0.0002600976600201793,0.5,0.0,0.17510403906400807,0.0,1.0,0.0,0.0,0.0,1.0,90.0,64,0.5,0.5,0.25,0.25,Entropia potencial
2603207,0.00041264562002250356,0.5,0.0,0.175165058248009,0.0,1.0,0.0,0.0,0.0,1.0,90.0,64,0.5,0.5,0.25,0.25,Entropia potencial
2603306,9.571367232406625e-05,0.5,0.0,0.1750382854689296,0.0,1.0,0.0,0.0,0.0,1.0,90.0,64,0.5,0.5,0.25,0.25,Entropia potencial
2603405,3.796070761241214e-05,0.5,0.0,0.17501518428304497,0.0,1.0,0.0,0.0,0.0,1.0,90.0,64,0.5,0.5,0.25,0.25,Entropia potencial
2603454,0.0023850325247349166,0.5,0.0,0.17595401300989397,0.0,1.0,0.0,0.0,0.0,1.0,90.0,64,0.5,0.5,0.25,0.25,Entropia potencial
2603504,0.0001771608929039668,0.5,0.0,0.17507086435716157,0.0,1.0,0.0,0.0,0.0,1.0,90.0,64,0.5,0.5,0.25,0.25,Entropia potencial
2603603,0.00039132681558583476,0.5,0.0,0.17515653072623433,0.0,1.0,0.0,0.0,0.0,1.0,90.0,64,0.5,0.5,0.25,0.25,Entropia potencial
2603702,0.0002703056524649117,0.5,0.0,0.17510812226098596,0.0,1.0,0.0,0.0,0.0,1.0,90.0,64,0.5,0.5,0.25,0.25,Entropia potencial
2603801,0.00023013335411157366,0.5,0.0,0.17509205334164463,0.0,1.0,0.0,0.0,0.0,1.0,90.0,64,0.5,0.5,0.25,0.25,Entropia potencial
2603900,0.00018800001329914509,0.5,0.0,0.17507520000531965,0.0,1.0,0.0,0.0,0.0,1.0,90.0,64,0.5,0.5,0.25,0.25,Entropia potencial
2603926,8.640744226079166e-05,0.5,0.0,0.1750345629769043,0.0,1.0,0.0,0.0,0.0,1.0,90.0,64,0.5,0.5,0.25,0.25,Entropia potencial
2604007,0.0019627275812899273,0.5,0.0,0.17578509103251597,0.0,1.0,0.0,0.0,0.0,1.0,90.0,64,0.5,0.5,0.25,0.25,Entropia potencial
2604106,0.010113747175629743,0.5,0.0,0.1790454988702519,0.0,1.0,0.0,0.0,0.0,1.0,90.0,64,0.5,0.5,0.25,0.25,Entropia potencial
2604155,9.539969409746253e-05,0.5,0.0,0.17503815987763896,0.0,1.0,0.0,0.0,0.0,1.0,90.0,64,0.5,0.5,0.25,0.25,Entropia potencial
2604205,0.0003754915298743966,0.5,0.0,0.17515019661194975,0.0,1.0,0.0,0.0,0.0,1.0,90.0,64,0.5,0.5,0.25,0.25,Entropia potencial
2604304,0.00010837957512857527,0.5,0.0,0.17504335183005143,0.0,1.0,0.0,0.0,0.0,1.0,90.0,64,0.5,0.5,0.25,0.25,Entropia potencial
2604403,0.000178720212379524,0.5,0.0,0.1750714880849518,0.0,1.0,0.0,0.0,0.0,1.0,90.0,64,0.5,0.5,0.25,0.25,Entropia potencial
2604502,0.0002519944845760125,0.5,0.0,0.1751007977938304,0.0,1.0,0.0,0.0,0.0,1.0,90.0,64,0.5,0.5,0.25,0.25,Entropia potencial
2604601,0.00028387860347960927,0.5,0.0,0.17511355144139185,0.0,1.0,0.0,0.0,0.0,1.0,90.0,64,0.5,0.5,0.25,0.25,Entropia potencial
2604700,0.0001892834125149596,0.5,0.0,0.17507571336500596,0.0,1.0,0.0,0.0,0.0,1.0,90.0,64,0.5,0.5,0.25,0.25,Entropia potencial
2604809,0.00011634214752850533,0.5,0.0,0.1750465368590114,0.0,1.0,0.0,0.0,0.0,1.0,90.0,64,0.5,0.5,0.25,0.25,Entropia potencial
2604908,0.00013205057335040663,0.5,0.0,0.17505282022934016,0.0,1.0,0.0,0.0,0.0,1.0,90.0,64,0.5,0.5,0.25,0.25,Entropia potencial
2605004,0.00029639016008518176,0.5,0.0,0.17511855606403406,0.0,1.0,0.0,0.0,0.0,1.0,90.0,64,0.5,0.5,0.25,0.25,Entropia potencial
2605103,0.0007759247711974854,0.5,0.0,0.17531036990847898,0.0,1.0,0.0,0.0,0.0,1.0,90.0,64,0.5,0.5,0.25,0.25,Entropia potencial
2605152,0.00027993114658352074,0.5,0.0,0.17511197245863339,0.0,1.0,0.0,0.0,0.0,1.0,90.0,64,0.5,0.5,0.25,0.25,Entropia potencial
2605202,0.0016738242690189128,0.5,0.0,0.17566952970760755,0.0,1.0,0.0,0.0,0.0,1.0,90.0,64,0.5,0.5,0.25,0.25,Entropia potencial
2605301,0.0003605379203952396,0.5,0.0,0.1751442151681581,0.0,1.0,0.0,0.0,0.0,1.0,90.0,64,0.5,0.5,0.25,0.25,Entropia potencial
2605400,0.000247986769232394,0.5,0.0,0.17509919470769295,0.0,1.0,0.0,0.0,0.0,1.0,90.0,64,0.5,0.5,0.25,0.25,Entropia potencial
2605459,0.0002961480691293156,0.5,0.0,0.1751184592276517,0.0,1.0,0.0,0.0,0.0,1.0,90.0,64,0.5,0.5,0.25,0.25,Entropia potencial
2605509,0.00013880480530249813,0.5,0.0,0.17505552192212098,0.0,1.0,0.0,0.0,0.0,1.0,90.0,64,0.5,0.5,0.25,0.25,Entropia potencial
2605608,0.00019413897478698283,0.5,0.0,0.17507765558991478,0.0,1.0,0.0,0.0,0.0,1.0,90.0,64,0.5,0.5,0.25,0.25,Entropia potencial
2605707,0.000560069497653285,0.5,0.0,0.1752240277990613,0.0,1.0,0.0,0.0,0.0,1.0,90.0,64,0.5,0.5,0.25,0.25,Entropia potencial
2605806,0.00012258999708819553,0.5,0.0,0.17504903599883526,0.0,1.0,0.0,0.0,0.0,1.0,90.0,64,0.5,0.5,0.25,0.25,Entropia potencial
2605905,0.00023132795140471242,0.5,0.0,0.17509253118056187,0.0,1.0,0.0,0.0,0.0,1.0,90.0,64,0.5,0.5,0.25,0.25,Entropia potencial
2606002,0.0037170359928940066,0.5,0.0,0.1764868143971576,0.0,1.0,0.0,0.0,0.0,1.0,90.0,64,0.5,0.5,0.25,0.25,Entropia potencial
2606101,0.0006141392969053857,0.5,0.0,0.17524565571876213,0.0,1.0,0.0,0.0,0.0,1.0,90.0,64,0.5,0.5,0.25,0.25,Entropia potencial
2606200,0.013476344037317994,0.5,0.0,0.18039053761492718,0.0,1.0,0.0,0.0,0.0,1.0,90.0,64,0.5,0.5,0.25,0.25,Entropia potencial
2606309,6.554850492369395e-05,0.5,0.0,0.17502621940196947,0.0,1.0,0.0,0.0,0.0,1.0,90.0,64,0.5,0.5,0.25,0.25,Entropia potencial
2606408,0.0014559011792752614,0.5,0.0,0.17558236047171008,0.0,1.0,0.0,0.0,0.0,1.0,90.0,64,0.5,0.5,0.25,0.25,Entropia potencial
2606507,0.00020397695922056607,0.5,0.0,0.1750815907836882,0.0,1.0,0.0,0.0,0.0,1.0,90.0,64,0.5,0.5,0.25,0.25,Entropia potencial
2606606,0.0003637358467773145,0.5,0.0,0.1751454943387109,0.0,1.0,0.0,0.0,0.0,1.0,90.0,64,0.5,0.5,0.25,0.25,Entropia potencial
2606705,7.354702095899278e-05,0.5,0.0,0.17502941880838357,0.0,1.0,0.0,0.0,0.0,1.0,90.0,64,0.5,0.5,0.25,0.25,Entropia potencial
2606804,0.003765480613210894,0.5,0.0,0.17650619224528435,0.0,1.0,0.0,0.0,0.0,1.0,90.0,64,0.5,0.5,0.25,0.25,Entropia potencial
2606903,0.00010165177232013728,0.5,0.0,0.17504066070892804,0.0,1.0,0.0,0.0,0.0,1.0,90.0,64,0.5,0.5,0.25,0.25,Entropia potencial
2607000,0.0002326208651122422,0.5,0.0,0.1750930483460449,0.0,1.0,0.0,0.0,0.0,1.0,90.0,64,0.5,0.5,0.25,0.25,Entropia potencial
2607109,4.0963058331451086e-05,0.5,0.0,0.17501638522333257,0.0,1.0,0.0,0.0,0.0,1.0,90.0,64,0.5,0.5,0.25,0.25,Entropia potencial
2607208,0.018811306660403735,0.5,0.0,0.18252452266416147,0.0,1.0,0.0,0.0,0.0,1.0,90.0,64,0.5,0.5,0.25,0.25,Entropia potencial
2607307,0.000362783340440042,0.5,0.0,0.175145113336176,0.0,1.0,0.0,0.0,0.0,1.0,90.0,64,0.5,0.5,0.25,0.25,Entropia potencial
2607406,6.350394637065828e-05,0.5,0.0,0.17502540157854826,0.0,1.0,0.0,0.0,0.0,1.0,90.0,64,0.5,0.5,0.25,0.25,Entropia potencial
2607505,0.0003384695854445572,0.5,0.0,0.1751353878341778,0.0,1.0,0.0,0.0,0.0,1.0,90.0,64,0.5,0.5,0.25,0.25,Entropia potencial
2607604,0.00029258647773056833,0.5,0.0,0.1751170345910922,0.0,1.0,0.0,0.0,0.0,1.0,90.0,64,0.5,0.5,0.25,0.25,Entropia potencial
2607653,0.0005372928616526884,0.5,0.0,0.17521491714466106,0.0,1.0,0.0,0.0,0.0,1.0,90.0,64,0.5,0.5,0.25,0.25,Entropia potencial
2607703,0.00014736679068048982,0.5,0.0,0.17505894671627217,0.0,1.0,0.0,0.0,0.0,1.0,90.0,64,0.5,0.5,0.25,0.25,Entropia potencial
2607752,0.002866815727389261,0.5,0.0,0.17614672629095568,0.0,1.0,0.0,0.0,0.0,1.0,90.0,64,0.5,0.5,0.25,0.25,Entropia potencial
2607802,0.00017832906105345203,0.5,0.0,0.17507133162442137,0.0,1.0,0.0,0.0,0.0,1.0,90.0,64,0.5,0.5,0.25,0.25,Entropia potencial
2607901,0.01955077929950855,0.5,0.0,0.1828203117198034,0.0,1.0,0.0,0.0,0.0,1.0,90.0,64,0.5,0.5,0.25,0.25,Entropia potencial
2607950,0.00010967988899632805,0.5,0.0,0.1750438719555985,0.0,1.0,0.0,0.0,0.0,1.0,90.0,64,0.5,0.5,0.25,0.25,Entropia potencial
2608008,0.00015381233023470828,0.5,0.0,0.17506152493209387,0.0,1.0,0.0,0.0,0.0,1.0,90.0,64,0.5,0.5,0.25,0.25,Entropia potencial
2608057,0.00014844827123879152,0.5,0.0,0.1750593793084955,0.0,1.0,0.0,0.0,0.0,1.0,90.0,64,0.5,0.5,0.25,0.25,Entropia potencial
2608107,0.0003301613198456392,0.5,0.0,0.17513206452793825,0.0,1.0,0.0,0.0,0.0,1.0,90.0,64,0.5,0.5,0.25,0.25,Entropia potencial
2608206,0.00015516233089252966,0.5,0.0,0.17506206493235701,0.0,1.0,0.0,0.0,0.0,1.0,90.0,64,0.5,0.5,0.25,0.25,Entropia potencial
2608255,0.00011381340706373731,0.5,0.0,0.17504552536282547,0.0,1.0,0.0,0.0,0.0,1.0,90.0,64,0.5,0.5,0.25,0.25,Entropia potencial
2608305,0.00019543823148898947,0.5,0.0,0.1750781752925956,0.0,1.0,0.0,0.0,0.0,1.0,90.0,64,0.5,0.5,0.25,0.25,Entropia potencial
2608404,0.00012130342637514256,0.5,0.0,0.17504852137055005,0.0,1.0,0.0,0.0,0.0,1.0,90.0,64,0.5,0.5,0.25,0.25,Entropia potencial
2608453,0.00029161494240986525,0.5,0.0,0.17511664597696394,0.0,1.0,0.0,0.0,0.0,1.0,90.0,64,0.5,0.5,0.25,0.25,Entropia potencial
2608503,0.00044766952119213745,0.5,0.0,0.17517906780847683,0.0,1.0,0.0,0.0,0.0,1.0,90.0,64,0.5,0.5,0.25,0.25,Entropia potencial
2608602,0.0001232528400110256,0.5,0.0,0.1750493011360044,0.0,1.0,0.0,0.0,0.0,1.0,90.0,64,0.5,0.5,0.25,0.25,Entropia potencial
2608701,0.0001365033554731503,0.5,0.0,0.17505460134218925,0.0,1.0,0.0,0.0,0.0,1.0,90.0,64,0.5,0.5,0.25,0.25,Entropia potencial
2608750,0.0005221267618585572,0.5,0.0,0.1752088507047434,0.0,1.0,0.0,0.0,0.0,1.0,90.0,64,0.5,0.5,0.25,0.25,Entropia potencial
2608800,0.0007094681608978568,0.5,0.0,0.17528378726435914,0.0,1.0,0.0,0.0,0.0,1.0,90.0,64,0.5,0.5,0.25,0.25,Entropia potencial
2608909,0.000907396017719007,0.5,0.0,0.1753629584070876,0.0,1.0,0.0,0.0,0.0,1.0,90.0,64,0.5,0.5,0.25,0.25,Entropia potencial
2609006,0.0003125542243436696,0.5,0.0,0.17512502168973745,0.0,1.0,0.0,0.0,0.0,1.0,90.0,64,0.5,0.5,0.25,0.25,Entropia potencial
2609105,0.00023083531216701097,0.5,0.0,0.1750923341248668,0.0,1.0,0.0,0.0,0.0,1.0,90.0,64,0.5,0.5,0.25,0.25,Entropia potencial
2609154,0.00014976867125572098,0.5,0.0,0.17505990746850228,0.0,1.0,0.0,0.0,0.0,1.0,90.0,64,0.5,0.5,0.25,0.25,Entropia potencial
2609204,8.178657078441164e-05,0.5,0.0,0.17503271462831374,0.0,1.0,0.0,0.0,0.0,1.0,90.0,64,0.5,0.5,0.25,0.25,Entropia potencial
2609303,0.00019142840181387864,0.5,0.0,0.17507657136072555,0.0,1.0,0.0,0.0,0.0,1.0,90.0,64,0.5,0.5,0.25,0.25,Entropia potencial
2609402,0.0010074123546298653,0.5,0.0,0.17540296494185192,0.0,1.0,0.0,0.0,0.0,1.0,90.0,64,0.5,0.5,0.25,0.25,Entropia potencial
2609501,0.000725522279918746,0.5,0.0,0.17529020891196748,0.0,1.0,0.0,0.0,0.0,1.0,90.0,64,0.5,0.5,0.25,0.25,Entropia potencial
2609600,0.006775929221865276,0.5,0.0,0.1777103716887461,0.0,1.0,0.0,0.0,0.0,1.0,90.0,64,0.5,0.5,0.25,0.25,Entropia potencial
2609709,0.0004755966687079304,0.5,0.0,0.17519023866748315,0.0,1.0,0.0,0.0,0.0,1.0,90.0,64,0.5,0.5,0.25,0.25,Entropia potencial
2609808,0.0001753404534891129,0.5,0.0,0.17507013618139564,0.0,1.0,0.0,0.0,0.0,1.0,90.0,64,0.5,0.5,0.25,0.25,Entropia potencial
2609907,0.0008833476113258036,0.5,0.0,0.17535333904453032,0.0,1.0,0.0,0.0,0.0,1.0,90.0,64,0.5,0.5,0.25,0.25,Entropia potencial
2610004,0.00110031608040069,0.5,0.0,0.17544012643216025,0.0,1.0,0.0,0.0,0.0,1.0,90.0,64,0.5,0.5,0.25,0.25,Entropia potencial
2610103,6.660355633834215e-05,0.5,0.0,0.17502664142253532,0.0,1.0,0.0,0.0,0.0,1.0,90.0,64,0.5,0.5,0.25,0.25,Entropia potencial
2610202,0.0002412875098991018,0.5,0.0,0.17509651500395962,0.0,1.0,0.0,0.0,0.0,1.0,90.0,64,0.5,0.5,0.25,0.25,Entropia potencial
2610301,0.00025712279561054,0.5,0.0,0.1751028491182442,0.0,1.0,0.0,0.0,0.0,1.0,90.0,64,0.5,0.5,0.25,0.25,Entropia potencial
2610400,0.0002418404075843333,0.5,0.0,0.17509673616303373,0.0,1.0,0.0,0.0,0.0,1.0,90.0,64,0.5,0.5,0.25,0.25,Entropia potencial
2610509,0.0002782354527267114,0.5,0.0,0.17511129418109067,0.0,1.0,0.0,0.0,0.0,1.0,90.0,64,0.5,0.5,0.25,0.25,Entropia potencial
2610608,0.001080388506085942,0.5,0.0,0.17543215540243437,0.0,1.0,0.0,0.0,0.0,1.0,90.0,64,0.5,0.5,0.25,0.25,Entropia potencial
2610707,0.006736353164992762,0.5,0.0,0.1776945412659971,0.0,1.0,0.0,0.0,0.0,1.0,90.0,64,0.5,0.5,0.25,0.25,Entropia potencial
2610806,0.0003516778142768363,0.5,0.0,0.17514067112571072,0.0,1.0,0.0,0.0,0.0,1.0,90.0,64,0.5,0.5,0.25,0.25,Entropia potencial
2610905,0.0010006063215562129,0.5,0.0,0.17540024252862246,0.0,1.0,0.0,0.0,0.0,1.0,90.0,64,0.5,0.5,0.25,0.25,Entropia potencial
2611002,0.0015632627037903035,0.5,0.0,0.1756253050815161,0.0,1.0,0.0,0.0,0.0,1.0,90.0,64,0.5,0.5,0.25,0.25,Entropia potencial
2611101,0.009317058612012312,0.5,0.0,0.17872682344480492,0.0,1.0,0.0,0.0,0.0,1.0,90.0,64,0.5,0.5,0.25,0.25,Entropia potencial
2611200,0.00010624304315562537,0.5,0.0,0.17504249721726223,0.0,1.0,0.0,0.0,0.0,1.0,90.0,64,0.5,0.5,0.25,0.25,Entropia potencial
2611309,0.0005941398353199002,0.5,0.0,0.17523765593412796,0.0,1.0,0.0,0.0,0.0,1.0,90.0,64,0.5,0.5,0.25,0.25,Entropia potencial
2611408,0.00026882667758606116,0.5,0.0,0.1751075306710344,0.0,1.0,0.0,0.0,0.0,1.0,90.0,64,0.5,0.5,0.25,0.25,Entropia potencial
2611507,0.0001845895966020959,0.5,0.0,0.17507383583864083,0.0,1.0,0.0,0.0,0.0,1.0,90.0,64,0.5,0.5,0.25,0.25,Entropia potencial
2611533,5.443452143451915e-05,0.5,0.0,0.17502177380857378,0.0,1.0,0.0,0.0,0.0,1.0,90.0,64,0.5,0.5,0.25,0.25,Entropia potencial
2611606,0.06349099186160508,0.5,0.0,0.20039639674464202,0.0,1.0,0.0,0.0,0.0,1.0,90.0,64,0.5,0.5,0.25,0.25,Entropia potencial
2611705,0.00028118494515844334,0.5,0.0,0.17511247397806337,0.0,1.0,0.0,0.0,0.0,1.0,90.0,64,0.5,0.5,0.25,0.25,Entropia potencial
2611804,0.0005723178199880685,0.5,0.0,0.1752289271279952,0.0,1.0,0.0,0.0,0.0,1.0,90.0,64,0.5,0.5,0.25,0.25,Entropia potencial
2611903,0.00036846983498853156,0.5,0.0,0.1751473879339954,0.0,1.0,0.0,0.0,0.0,1.0,90.0,64,0.5,0.5,0.25,0.25,Entropia potencial
2612000,0.00020403721766809607,0.5,0.0,0.17508161488706722,0.0,1.0,0.0,0.0,0.0,1.0,90.0,64,0.5,0.5,0.25,0.25,Entropia potencial
2612109,5.160660306359339e-05,0.5,0.0,0.17502064264122544,0.0,1.0,0.0,0.0,0.0,1.0,90.0,64,0.5,0.5,0.25,0.25,Entropia potencial
2612208,0.001437580496894647,0.5,0.0,0.17557503219875784,0.0,1.0,0.0,0.0,0.0,1.0,90.0,64,0.5,0.5,0.25,0.25,Entropia potencial
2612307,0.0001848898316739998,0.5,0.0,0.17507395593266958,0.0,1.0,0.0,0.0,0.0,1.0,90.0,64,0.5,0.5,0.25,0.25,Entropia potencial
2612406,0.00024045657762263544,0.5,0.0,0.17509618263104904,0.0,1.0,0.0,0.0,0.0,1.0,90.0,64,0.5,0.5,0.25,0.25,Entropia potencial
2612455,0.0001421190199166485,0.5,0.0,0.17505684760796664,0.0,1.0,0.0,0.0,0.0,1.0,90.0,64,0.5,0.5,0.25,0.25,Entropia potencial
2612471,0.00011545201397025504,0.5,0.0,0.1750461808055881,0.0,1.0,0.0,0.0,0.0,1.0,90.0,64,0.5,0.5,0.25,0.25,Entropia potencial
2612505,0.002011940761104259,0.5,0.0,0.1758047763044417,0.0,1.0,0.0,0.0,0.0,1.0,90.0,64,0.5,0.5,0.25,0.25,Entropia potencial
2612554,0.0001038823920444937,0.5,0.0,0.17504155295681778,0.0,1.0,0.0,0.0,0.0,1.0,90.0,64,0.5,0.5,0.25,0.25,Entropia potencial
2612604,0.0006230882049464648,0.5,0.0,0.17524923528197858,0.0,1.0,0.0,0.0,0.0,1.0,90.0,64,0.5,0.5,0.25,0.25,Entropia potencial
2612703,0.00012362813385090546,0.5,0.0,0.17504945125354035,0.0,1.0,0.0,0.0,0.0,1.0,90.0,64,0.5,0.5,0.25,0.25,Entropia potencial
2612802,9.833015754576393e-05,0.5,0.0,0.1750393320630183,0.0,1.0,0.0,0.0,0.0,1.0,90.0,64,0.5,0.5,0.25,0.25,Entropia potencial
2612901,0.00011030890261528163,0.5,0.0,0.1750441235610461,0.0,1.0,0.0,0.0,0.0,1.0,90.0,64,0.5,0.5,0.25,0.25,Entropia potencial
2613008,0.0016583949349539926,0.5,0.0,0.17566335797398158,0.0,1.0,0.0,0.0,0.0,1.0,90.0,64,0.5,0.5,0.25,0.25,Entropia potencial
2613107,0.0005513489374133722,0.5,0.0,0.17522053957496533,0.0,1.0,0.0,0.0,0.0,1.0,90.0,64,0.5,0.5,0.25,0.25,Entropia potencial
2613206,0.0002879867495691111,0.5,0.0,0.17511519469982764,0.0,1.0,0.0,0.0,0.0,1.0,90.0,64,0.5,0.5,0.25,0.25,Entropia potencial
2613305,0.0001826042393308441,0.5,0.0,0.17507304169573232,0.0,1.0,0.0,0.0,0.0,1.0,90.0,64,0.5,0.5,0.25,0.25,Entropia potencial
2613404,0.00035676489584726424,0.5,0.0,0.1751427059583389,0.0,1.0,0.0,0.0,0.0,1.0,90.0,64,0.5,0.5,0.25,0.25,Entropia potencial
2613503,0.00039820579309597084,0.5,0.0,0.17515928231723837,0.0,1.0,0.0,0.0,0.0,1.0,90.0,64,0.5,0.5,0.25,0.25,Entropia potencial
2613602,0.0004611452129581901,0.5,0.0,0.17518445808518326,0.0,1.0,0.0,0.0,0.0,1.0,90.0,64,0.5,0.5,0.25,0.25,Entropia potencial
2613701,0.0016154042327214439,0.5,0.0,0.17564616169308855,0.0,1.0,0.0,0.0,0.0,1.0,90.0,64,0.5,0.5,0.25,0.25,Entropia potencial
2613800,0.00029731518011305466,0.5,0.0,0.1751189260720452,0.0,1.0,0.0,0.0,0.0,1.0,90.0,64,0.5,0.5,0.25,0.25,Entropia potencial
2613909,0.001990568041214537,0.5,0.0,0.1757962272164858,0.0,1.0,0.0,0.0,0.0,1.0,90.0,64,0.5,0.5,0.25,0.25,Entropia potencial
2614006,0.00016366934365172206,0.5,0.0,0.17506546773746068,0.0,1.0,0.0,0.0,0.0,1.0,90.0,64,0.5,0.5,0.25,0.25,Entropia potencial
2614105,0.0003712808387075191,0.5,0.0,0.175148512335483,0.0,1.0,0.0,0.0,0.0,1.0,90.0,64,0.5,0.5,0.25,0.25,Entropia potencial
2614204,0.0007524578059646592,0.5,0.0,0.17530098312238585,0.0,1.0,0.0,0.0,0.0,1.0,90.0,64,0.5,0.5,0.25,0.25,Entropia potencial
2614303,7.624913660612784e-05,0.5,0.0,0.17503049965464243,0.0,1.0,0.0,0.0,0.0,1.0,90.0,64,0.5,0.5,0.25,0.25,Entropia potencial
2614402,4.2974844746356415e-05,0.5,0.0,0.17501718993789853,0.0,1.0,0.0,0.0,0.0,1.0,90.0,64,0.5,0.5,0.25,0.25,Entropia potencial
2614501,0.0010017417175675677,0.5,0.0,0.175400696687027,0.0,1.0,0.0,0.0,0.0,1.0,90.0,64,0.5,0.5,0.25,0.25,Entropia potencial
2614600,0.00031575003639425225,0.5,0.0,0.1751263000145577,0.0,1.0,0.0,0.0,0.0,1.0,90.0,64,0.5,0.5,0.25,0.25,Entropia potencial
2614709,0.00018748623074652082,0.5,0.0,0.1750749944922986,0.0,1.0,0.0,0.0,0.0,1.0,90.0,64,0.5,0.5,0.25,0.25,Entropia potencial
2614808,0.00023218954148781693,0.5,0.0,0.1750928758165951,0.0,1.0,0.0,0.0,0.0,1.0,90.0,64,0.5,0.5,0.25,0.25,Entropia potencial
2614857,0.00040947200845258984,0.5,0.0,0.17516378880338102,0.0,1.0,0.0,0.0,0.0,1.0,90.0,64,0.5,0.5,0.25,0.25,Entropia potencial
2615003,0.00036483635631904675,0.5,0.0,0.1751459345425276,0.0,1.0,0.0,0.0,0.0,1.0,90.0,64,0.5,0.5,0.25,0.25,Entropia potencial
2615102,5.832700571180837e-05,0.5,0.0,0.17502333080228472,0.0,1.0,0.0,0.0,0.0,1.0,90.0,64,0.5,0.5,0.25,0.25,Entropia potencial
2615201,9.983133290528339e-05,0.5,0.0,0.1750399325331621,0.0,1.0,0.0,0.0,0.0,1.0,90.0,64,0.5,0.5,0.25,0.25,Entropia potencial
2615300,0.0009309422703827939,0.5,0.0,0.1753723769081531,0.0,1.0,0.0,0.0,0.0,1.0,90.0,64,0.5,0.5,0.25,0.25,Entropia potencial
2615409,0.0007902409097317197,0.5,0.0,0.17531609636389267,0.0,1.0,0.0,0.0,0.0,1.0,90.0,64,0.5,0.5,0.25,0.25,Entropia potencial
2615508,0.00017311300526199494,0.5,0.0,0.1750692452021048,0.0,1.0,0.0,0.0,0.0,1.0,90.0,64,0.5,0.5,0.25,0.25,Entropia potencial
2615607,0.0006545695437007819,0.5,0.0,0.17526182781748031,0.0,1.0,0.0,0.0,0.0,1.0,90.0,64,0.5,0.5,0.25,0.25,Entropia potencial
2615706,0.00016511343206094997,0.5,0.0,0.17506604537282436,0.0,1.0,0.0,0.0,0.0,1.0,90.0,64,0.5,0.5,0.25,0.25,Entropia potencial
2615805,0.00026558435024264833,0.5,0.0,0.17510623374009704,0.0,1.0,0.0,0.0,0.0,1.0,90.0,64,0.5,0.5,0.25,0.25,Entropia potencial
2615904,7.410837597019338e-05,0.5,0.0,0.17502964335038806,0.0,1.0,0.0,0.0,0.0,1.0,90.0,64,0.5,0.5,0.25,0.25,Entropia potencial
2616001,0.0002404449487994279,0.5,0.0,0.17509617797951976,0.0,1.0,0.0,0.0,0.0,1.0,90.0,64,0.5,0.5,0.25,0.25,Entropia potencial
2616100,7.256702831232056e-05,0.5,0.0,0.17502902681132493,0.0,1.0,0.0,0.0,0.0,1.0,90.0,64,0.5,0.5,0.25,0.25,Entropia potencial
2616183,7.551334924681407e-05,0.5,0.0,0.1750302053396987,0.0,1.0,0.0,0.0,0.0,1.0,90.0,64,0.5,0.5,0.25,0.25,Entropia potencial
2616209,0.00020237323878367097,0.5,0.0,0.17508094929551346,0.0,1.0,0.0,0.0,0.0,1.0,90.0,64,0.5,0.5,0.25,0.25,Entropia potencial
2616308,0.0005667137843677778,0.5,0.0,0.1752266855137471,0.0,1.0,0.0,0.0,0.0,1.0,90.0,64,0.5,0.5,0.25,0.25,Entropia potencial
2616407,0.005718185206061663,0.5,0.0,0.17728727408242465,0.0,1.0,0.0,0.0,0.0,1.0,90.0,64,0.5,0.5,0.25,0.25,Entropia potencial
2616506,0.00018275118536955763,0.5,0.0,0.1750731004741478,0.0,1.0,0.0,0.0,0.0,1.0,90.0,64,0.5,0.5,0.25,0.25,Entropia potencial
2700102,0.00020842445551457904,0.5,0.0,0.17508336978220582,0.0,1.0,0.0,0.0,0.0,1.0,90.0,64,0.5,0.5,0.25,0.25,Entropia potencial
2700201,0.00022540782322632576,0.5,0.0,0.17509016312929052,0.0,1.0,0.0,0.0,0.0,1.0,90.0,64,0.5,0.5,0.25,0.25,Entropia potencial
2700300,0.0061725931017197,0.5,0.0,0.17746903724068788,0.0,1.0,0.0,0.0,0.0,1.0,90.0,64,0.5,0.5,0.25,0.25,Entropia potencial
2700409,0.0011782799398470578,0.5,0.0,0.17547131197593882,0.0,1.0,0.0,0.0,0.0,1.0,90.0,64,0.5,0.5,0.25,0.25,Entropia potencial
2700508,0.0002618536123245186,0.5,0.0,0.1751047414449298,0.0,1.0,0.0,0.0,0.0,1.0,90.0,64,0.5,0.5,0.25,0.25,Entropia potencial
2700607,0.0002520536858577964,0.5,0.0,0.1751008214743431,0.0,1.0,0.0,0.0,0.0,1.0,90.0,64,0.5,0.5,0.25,0.25,Entropia potencial
2700706,0.00023974933373846746,0.5,0.0,0.17509589973349537,0.0,1.0,0.0,0.0,0.0,1.0,90.0,64,0.5,0.5,0.25,0.25,Entropia potencial
2700805,0.00013183174004095555,0.5,0.0,0.17505273269601637,0.0,1.0,0.0,0.0,0.0,1.0,90.0,64,0.5,0.5,0.25,0.25,Entropia potencial
2700904,9.586801852300275e-05,0.5,0.0,0.17503834720740918,0.0,1.0,0.0,0.0,0.0,1.0,90.0,64,0.5,0.5,0.25,0.25,Entropia potencial
2701001,0.00042726727945737245,0.5,0.0,0.17517090691178294,0.0,1.0,0.0,0.0,0.0,1.0,90.0,64,0.5,0.5,0.25,0.25,Entropia potencial
2701100,0.0006583045102818962,0.5,0.0,0.17526332180411275,0.0,1.0,0.0,0.0,0.0,1.0,90.0,64,0.5,0.5,0.25,0.25,Entropia potencial
2701209,0.00015897764207035064,0.5,0.0,0.17506359105682812,0.0,1.0,0.0,0.0,0.0,1.0,90.0,64,0.5,0.5,0.25,0.25,Entropia potencial
2701308,0.00019703349459991544,0.5,0.0,0.17507881339783996,0.0,1.0,0.0,0.0,0.0,1.0,90.0,64,0.5,0.5,0.25,0.25,Entropia potencial
2701357,7.473633242340082e-05,0.5,0.0,0.17502989453296935,0.0,1.0,0.0,0.0,0.0,1.0,90.0,64,0.5,0.5,0.25,0.25,Entropia potencial
2701407,0.0006857527617146875,0.5,0.0,0.17527430110468586,0.0,1.0,0.0,0.0,0.0,1.0,90.0,64,0.5,0.5,0.25,0.25,Entropia potencial
2701506,8.89552117089902e-05,0.5,0.0,0.1750355820846836,0.0,1.0,0.0,0.0,0.0,1.0,90.0,64,0.5,0.5,0.25,0.25,Entropia potencial
2701605,0.0001939402276267084,0.5,0.0,0.17507757609105068,0.0,1.0,0.0,0.0,0.0,1.0,90.0,64,0.5,0.5,0.25,0.25,Entropia potencial
2701704,0.0002243686292978697,0.5,0.0,0.17508974745171912,0.0,1.0,0.0,0.0,0.0,1.0,90.0,64,0.5,0.5,0.25,0.25,Entropia potencial
2701803,7.043472500235523e-05,0.5,0.0,0.17502817389000094,0.0,1.0,0.0,0.0,0.0,1.0,90.0,64,0.5,0.5,0.25,0.25,Entropia potencial
2701902,0.00024776582159145063,0.5,0.0,0.17509910632863657,0.0,1.0,0.0,0.0,0.0,1.0,90.0,64,0.5,0.5,0.25,0.25,Entropia potencial
2702009,0.00018891763316679502,0.5,0.0,0.1750755670532667,0.0,1.0,0.0,0.0,0.0,1.0,90.0,64,0.5,0.5,0.25,0.25,Entropia potencial
2702108,0.0003397783566382791,0.5,0.0,0.1751359113426553,0.0,1.0,0.0,0.0,0.0,1.0,90.0,64,0.5,0.5,0.25,0.25,Entropia potencial
2702207,7.879902038581866e-05,0.5,0.0,0.17503151960815433,0.0,1.0,0.0,0.0,0.0,1.0,90.0,64,0.5,0.5,0.25,0.25,Entropia potencial
2702306,0.0018523795635420387,0.5,0.0,0.1757409518254168,0.0,1.0,0.0,0.0,0.0,1.0,90.0,64,0.5,0.5,0.25,0.25,Entropia potencial
2702355,0.0005026812551240493,0.5,0.0,0.1752010725020496,0.0,1.0,0.0,0.0,0.0,1.0,90.0,64,0.5,0.5,0.25,0.25,Entropia potencial
2702405,0.0008063574015316312,0.5,0.0,0.17532254296061264,0.0,1.0,0.0,0.0,0.0,1.0,90.0,64,0.5,0.5,0.25,0.25,Entropia potencial
2702504,0.00011121912232270857,0.5,0.0,0.17504448764892908,0.0,1.0,0.0,0.0,0.0,1.0,90.0,64,0.5,0.5,0.25,0.25,Entropia potencial
2702553,0.0001489905972665616,0.5,0.0,0.1750595962389066,0.0,1.0,0.0,0.0,0.0,1.0,90.0,64,0.5,0.5,0.25,0.25,Entropia potencial
2702603,0.0004047570492248033,0.5,0.0,0.1751619028196899,0.0,1.0,0.0,0.0,0.0,1.0,90.0,64,0.5,0.5,0.25,0.25,Entropia potencial
2702702,0.00016437870186738232,0.5,0.0,0.17506575148074693,0.0,1.0,0.0,0.0,0.0,1.0,90.0,64,0.5,0.5,0.25,0.25,Entropia potencial
2702801,0.00020416830622061748,0.5,0.0,0.17508166732248823,0.0,1.0,0.0,0.0,0.0,1.0,90.0,64,0.5,0.5,0.25,0.25,Entropia potencial
2702900,0.0004948180563042565,0.5,0.0,0.1751979272225217,0.0,1.0,0.0,0.0,0.0,1.0,90.0,64,0.5,0.5,0.25,0.25,Entropia potencial
2703007,0.00018413290099976323,0.5,0.0,0.17507365316039988,0.0,1.0,0.0,0.0,0.0,1.0,90.0,64,0.5,0.5,0.25,0.25,Entropia potencial
2703106,0.00027626806727314396,0.5,0.0,0.17511050722690924,0.0,1.0,0.0,0.0,0.0,1.0,90.0,64,0.5,0.5,0.25,0.25,Entropia potencial
2703205,0.0005214374897920736,0.5,0.0,0.17520857499591683,0.0,1.0,0.0,0.0,0.0,1.0,90.0,64,0.5,0.5,0.25,0.25,Entropia potencial
2703304,0.00017133485247698664,0.5,0.0,0.17506853394099078,0.0,1.0,0.0,0.0,0.0,1.0,90.0,64,0.5,0.5,0.25,0.25,Entropia potencial
2703403,6.123949734242538e-05,0.5,0.0,0.17502449579893695,0.0,1.0,0.0,0.0,0.0,1.0,90.0,64,0.5,0.5,0.25,0.25,Entropia potencial
2703502,0.00014245519862392117,0.5,0.0,0.17505698207944956,0.0,1.0,0.0,0.0,0.0,1.0,90.0,64,0.5,0.5,0.25,0.25,Entropia potencial
2703601,0.0003080496410993651,0.5,0.0,0.17512321985643972,0.0,1.0,0.0,0.0,0.0,1.0,90.0,64,0.5,0.5,0.25,0.25,Entropia potencial
2703700,5.1153078958499125e-05,0.5,0.0,0.17502046123158338,0.0,1.0,0.0,0.0,0.0,1.0,90.0,64,0.5,0.5,0.25,0.25,Entropia potencial
2703759,0.00033843681330642683,0.5,0.0,0.17513537472532256,0.0,1.0,0.0,0.0,0.0,1.0,90.0,64,0.5,0.5,0.25,0.25,Entropia potencial
2703809,0.00039421182090705213,0.5,0.0,0.17515768472836282,0.0,1.0,0.0,0.0,0.0,1.0,90.0,64,0.5,0.5,0.25,0.25,Entropia potencial
2703908,4.463248063630467e-05,0.5,0.0,0.1750178529922545,0.0,1.0,0.0,0.0,0.0,1.0,90.0,64,0.5,0.5,0.25,0.25,Entropia potencial
2704005,0.0006057644298644608,0.5,0.0,0.17524230577194577,0.0,1.0,0.0,0.0,0.0,1.0,90.0,64,0.5,0.5,0.25,0.25,Entropia potencial
2704104,0.00022274587987754403,0.5,0.0,0.175089098351951,0.0,1.0,0.0,0.0,0.0,1.0,90.0,64,0.5,0.5,0.25,0.25,Entropia potencial
2704203,0.0005886859172355615,0.5,0.0,0.1752354743668942,0.0,1.0,0.0,0.0,0.0,1.0,90.0,64,0.5,0.5,0.25,0.25,Entropia potencial
2704302,0.03103925529692765,0.5,0.0,0.18741570211877104,0.0,1.0,0.0,0.0,0.0,1.0,90.0,64,0.5,0.5,0.25,0.25,Entropia potencial
2704401,0.0002773157185275692,0.5,0.0,0.175110926287411,0.0,1.0,0.0,0.0,0.0,1.0,90.0,64,0.5,0.5,0.25,0.25,Entropia potencial
2704500,0.0011844759882851871,0.5,0.0,0.17547379039531408,0.0,1.0,0.0,0.0,0.0,1.0,90.0,64,0.5,0.5,0.25,0.25,Entropia potencial
2704609,8.781875853188919e-05,0.5,0.0,0.17503512750341274,0.0,1.0,0.0,0.0,0.0,1.0,90.0,64,0.5,0.5,0.25,0.25,Entropia potencial
2704708,0.0030034713147298556,0.5,0.0,0.17620138852589193,0.0,1.0,0.0,0.0,0.0,1.0,90.0,64,0.5,0.5,0.25,0.25,Entropia potencial
2704807,0.00018316770867353698,0.5,0.0,0.1750732670834694,0.0,1.0,0.0,0.0,0.0,1.0,90.0,64,0.5,0.5,0.25,0.25,Entropia potencial
2704906,2.972750078147013e-05,0.5,0.0,0.17501189100031259,0.0,1.0,0.0,0.0,0.0,1.0,90.0,64,0.5,0.5,0.25,0.25,Entropia potencial
2705002,0.0002985129489034318,0.5,0.0,0.17511940517956137,0.0,1.0,0.0,0.0,0.0,1.0,90.0,64,0.5,0.5,0.25,0.25,Entropia potencial
2705101,0.0003705291938620132,0.5,0.0,0.1751482116775448,0.0,1.0,0.0,0.0,0.0,1.0,90.0,64,0.5,0.5,0.25,0.25,Entropia potencial
2705200,0.0002683625818235055,0.5,0.0,0.1751073450327294,0.0,1.0,0.0,0.0,0.0,1.0,90.0,64,0.5,0.5,0.25,0.25,Entropia potencial
2705309,5.994869796638787e-05,0.5,0.0,0.17502397947918655,0.0,1.0,0.0,0.0,0.0,1.0,90.0,64,0.5,0.5,0.25,0.25,Entropia potencial
2705408,0.00014958789591313094,0.5,0.0,0.17505983515836523,0.0,1.0,0.0,0.0,0.0,1.0,90.0,64,0.5,0.5,0.25,0.25,Entropia potencial
2705507,0.0006825696356530586,0.5,0.0,0.17527302785426122,0.0,1.0,0.0,0.0,0.0,1.0,90.0,64,0.5,0.5,0.25,0.25,Entropia potencial
2705606,0.00018825267591247267,0.5,0.0,0.17507530107036498,0.0,1.0,0.0,0.0,0.0,1.0,90.0,64,0.5,0.5,0.25,0.25,Entropia potencial
2705705,0.0002844885881151323,0.5,0.0,0.17511379543524605,0.0,1.0,0.0,0.0,0.0,1.0,90.0,64,0.5,0.5,0.25,0.25,Entropia potencial
2705804,7.635908184372645e-05,0.5,0.0,0.17503054363273748,0.0,1.0,0.0,0.0,0.0,1.0,90.0,64,0.5,0.5,0.25,0.25,Entropia potencial
2705903,4.9409812643113474e-05,0.5,0.0,0.17501976392505725,0.0,1.0,0.0,0.0,0.0,1.0,90.0,64,0.5,0.5,0.25,0.25,Entropia potencial
2706000,0.0001058730351444762,0.5,0.0,0.17504234921405779,0.0,1.0,0.0,0.0,0.0,1.0,90.0,64,0.5,0.5,0.25,0.25,Entropia potencial
2706109,0.00011977370754047729,0.5,0.0,0.17504790948301618,0.0,1.0,0.0,0.0,0.0,1.0,90.0,64,0.5,0.5,0.25,0.25,Entropia potencial
2706208,3.2330242848467976e-05,0.5,0.0,0.1750129320971394,0.0,1.0,0.0,0.0,0.0,1.0,90.0,64,0.5,0.5,0.25,0.25,Entropia potencial
2706307,0.0012895899784239344,0.5,0.0,0.17551583599136955,0.0,1.0,0.0,0.0,0.0,1.0,90.0,64,0.5,0.5,0.25,0.25,Entropia potencial
2706406,0.00024035297537951364,0.5,0.0,0.1750961411901518,0.0,1.0,0.0,0.0,0.0,1.0,90.0,64,0.5,0.5,0.25,0.25,Entropia potencial
2706422,0.00011121806515696243,0.5,0.0,0.17504448722606278,0.0,1.0,0.0,0.0,0.0,1.0,90.0,64,0.5,0.5,0.25,0.25,Entropia potencial
2706448,0.00024482690081718014,0.5,0.0,0.17509793076032687,0.0,1.0,0.0,0.0,0.0,1.0,90.0,64,0.5,0.5,0.25,0.25,Entropia potencial
2706505,0.000319608691367665,0.5,0.0,0.17512784347654706,0.0,1.0,0.0,0.0,0.0,1.0,90.0,64,0.5,0.5,0.25,0.25,Entropia potencial
2706604,7.195492934530523e-05,0.5,0.0,0.1750287819717381,0.0,1.0,0.0,0.0,0.0,1.0,90.0,64,0.5,0.5,0.25,0.25,Entropia potencial
2706703,0.0010269054338229494,0.5,0.0,0.17541076217352916,0.0,1.0,0.0,0.0,0.0,1.0,90.0,64,0.5,0.5,0.25,0.25,Entropia potencial
2706802,0.000402624745914838,0.5,0.0,0.17516104989836592,0.0,1.0,0.0,0.0,0.0,1.0,90.0,64,0.5,0.5,0.25,0.25,Entropia potencial
2706901,0.0009179835326666039,0.5,0.0,0.17536719341306664,0.0,1.0,0.0,0.0,0.0,1.0,90.0,64,0.5,0.5,0.25,0.25,Entropia potencial
2707008,3.144962378193297e-05,0.5,0.0,0.17501257984951277,0.0,1.0,0.0,0.0,0.0,1.0,90.0,64,0.5,0.5,0.25,0.25,Entropia potencial
2707107,0.00032982196964112813,0.5,0.0,0.17513192878785644,0.0,1.0,0.0,0.0,0.0,1.0,90.0,64,0.5,0.5,0.25,0.25,Entropia potencial
2707206,0.00010632973074680888,0.5,0.0,0.1750425318922987,0.0,1.0,0.0,0.0,0.0,1.0,90.0,64,0.5,0.5,0.25,0.25,Entropia potencial
2707305,0.00042560012907570893,0.5,0.0,0.17517024005163026,0.0,1.0,0.0,0.0,0.0,1.0,90.0,64,0.5,0.5,0.25,0.25,Entropia potencial
2707404,0.00042006480922891743,0.5,0.0,0.17516802592369154,0.0,1.0,0.0,0.0,0.0,1.0,90.0,64,0.5,0.5,0.25,0.25,Entropia potencial
2707503,0.00024696343279013,0.5,0.0,0.17509878537311604,0.0,1.0,0.0,0.0,0.0,1.0,90.0,64,0.5,0.5,0.25,0.25,Entropia potencial
2707602,0.00015961722734676563,0.5,0.0,0.1750638468909387,0.0,1.0,0.0,0.0,0.0,1.0,90.0,64,0.5,0.5,0.25,0.25,Entropia potencial
2707701,0.0016820162463857553,0.5,0.0,0.1756728064985543,0.0,1.0,0.0,0.0,0.0,1.0,90.0,64,0.5,0.5,0.25,0.25,Entropia potencial
2707800,0.000163066759176422,0.5,0.0,0.17506522670367056,0.0,1.0,0.0,0.0,0.0,1.0,90.0,64,0.5,0.5,0.25,0.25,Entropia potencial
2707909,0.00022445637405479934,0.5,0.0,0.1750897825496219,0.0,1.0,0.0,0.0,0.0,1.0,90.0,64,0.5,0.5,0.25,0.25,Entropia potencial
2708006,0.0007371511031262913,0.5,0.0,0.1752948604412505,0.0,1.0,0.0,0.0,0.0,1.0,90.0,64,0.5,0.5,0.25,0.25,Entropia potencial
2708105,0.0016067397022660767,0.5,0.0,0.17564269588090642,0.0,1.0,0.0,0.0,0.0,1.0,90.0,64,0.5,0.5,0.25,0.25,Entropia potencial
2708204,8.79392754269492e-05,0.5,0.0,0.17503517571017077,0.0,1.0,0.0,0.0,0.0,1.0,90.0,64,0.5,0.5,0.25,0.25,Entropia potencial
2708303,0.00046681479285474146,0.5,0.0,0.17518672591714188,0.0,1.0,0.0,0.0,0.0,1.0,90.0,64,0.5,0.5,0.25,0.25,Entropia potencial
2708402,0.00034516038745188027,0.5,0.0,0.17513806415498073,0.0,1.0,0.0,0.0,0.0,1.0,90.0,64,0.5,0.5,0.25,0.25,Entropia potencial
2708501,0.0008055137832662111,0.5,0.0,0.17532220551330646,0.0,1.0,0.0,0.0,0.0,1.0,90.0,64,0.5,0.5,0.25,0.25,Entropia potencial
2708600,0.0013227543250461072,0.5,0.0,0.17552910173001843,0.0,1.0,0.0,0.0,0.0,1.0,90.0,64,0.5,0.5,0.25,0.25,Entropia potencial
2708709,0.0002769467676821662,0.5,0.0,0.17511077870707287,0.0,1.0,0.0,0.0,0.0,1.0,90.0,64,0.5,0.5,0.25,0.25,Entropia potencial
2708808,0.00062377430551571,0.5,0.0,0.17524950972220626,0.0,1.0,0.0,0.0,0.0,1.0,90.0,64,0.5,0.5,0.25,0.25,Entropia potencial
2708907,0.00029432128671998483,0.5,0.0,0.175117728514688,0.0,1.0,0.0,0.0,0.0,1.0,90.0,64,0.5,0.5,0.25,0.25,Entropia potencial
2708956,0.00010591743610581411,0.5,0.0,0.1750423669744423,0.0,1.0,0.0,0.0,0.0,1.0,90.0,64,0.5,0.5,0.25,0.25,Entropia potencial
2709004,7.065567264329858e-05,0.5,0.0,0.17502826226905732,0.0,1.0,0.0,0.0,0.0,1.0,90.0,64,0.5,0.5,0.25,0.25,Entropia potencial
2709103,0.00039280790479617755,0.5,0.0,0.17515712316191845,0.0,1.0,0.0,0.0,0.0,1.0,90.0,64,0.5,0.5,0.25,0.25,Entropia potencial
2709152,0.0008318615251572701,0.5,0.0,0.1753327446100629,0.0,1.0,0.0,0.0,0.0,1.0,90.0,64,0.5,0.5,0.25,0.25,Entropia potencial
2709202,0.0002698817290007094,0.5,0.0,0.17510795269160026,0.0,1.0,0.0,0.0,0.0,1.0,90.0,64,0.5,0.5,0.25,0.25,Entropia potencial
2709301,0.0014920255899866276,0.5,0.0,0.17559681023599463,0.0,1.0,0.0,0.0,0.0,1.0,90.0,64,0.5,0.5,0.25,0.25,Entropia potencial
2709400,0.0005104355658719897,0.5,0.0,0.1752041742263488,0.0,1.0,0.0,0.0,0.0,1.0,90.0,64,0.5,0.5,0.25,0.25,Entropia potencial
2800100,1.9377848126754893e-05,0.5,0.0,0.17500775113925068,0.0,1.0,0.0,0.0,0.0,1.0,90.0,64,0.5,0.5,0.25,0.25,Entropia potencial
2800209,0.0002877774307513753,0.5,0.0,0.17511511097230054,0.0,1.0,0.0,0.0,0.0,1.0,90.0,64,0.5,0.5,0.25,0.25,Entropia potencial
2800308,0.021760149992367528,0.5,0.0,0.183704059996947,0.0,1.0,0.0,0.0,0.0,1.0,90.0,64,0.5,0.5,0.25,0.25,Entropia potencial
2800407,0.00014024043638575687,0.5,0.0,0.17505609617455428,0.0,1.0,0.0,0.0,0.0,1.0,90.0,64,0.5,0.5,0.25,0.25,Entropia potencial
2800506,0.00027688333773739774,0.5,0.0,0.17511075333509496,0.0,1.0,0.0,0.0,0.0,1.0,90.0,64,0.5,0.5,0.25,0.25,Entropia potencial
2800605,0.002391817414493646,0.5,0.0,0.17595672696579745,0.0,1.0,0.0,0.0,0.0,1.0,90.0,64,0.5,0.5,0.25,0.25,Entropia potencial
2800670,0.0003640508821696644,0.5,0.0,0.17514562035286785,0.0,1.0,0.0,0.0,0.0,1.0,90.0,64,0.5,0.5,0.25,0.25,Entropia potencial
2800704,9.220811070986443e-05,0.5,0.0,0.17503688324428393,0.0,1.0,0.0,0.0,0.0,1.0,90.0,64,0.5,0.5,0.25,0.25,Entropia potencial
2801009,0.0002706999752882221,0.5,0.0,0.17510827999011527,0.0,1.0,0.0,0.0,0.0,1.0,90.0,64,0.5,0.5,0.25,0.25,Entropia potencial
2801108,5.930171252974989e-05,0.5,0.0,0.1750237206850119,0.0,1.0,0.0,0.0,0.0,1.0,90.0,64,0.5,0.5,0.25,0.25,Entropia potencial
2801207,0.0031008891382367,0.5,0.0,0.17624035565529467,0.0,1.0,0.0,0.0,0.0,1.0,90.0,64,0.5,0.5,0.25,0.25,Entropia potencial
2801306,0.00044199782696409385,0.5,0.0,0.17517679913078563,0.0,1.0,0.0,0.0,0.0,1.0,90.0,64,0.5,0.5,0.25,0.25,Entropia potencial
2801405,0.00046257978687570274,0.5,0.0,0.17518503191475027,0.0,1.0,0.0,0.0,0.0,1.0,90.0,64,0.5,0.5,0.25,0.25,Entropia potencial
2801504,0.00036150099838997356,0.5,0.0,0.17514460039935598,0.0,1.0,0.0,0.0,0.0,1.0,90.0,64,0.5,0.5,0.25,0.25,Entropia potencial
2801603,5.294391773246108e-05,0.5,0.0,0.17502117756709298,0.0,1.0,0.0,0.0,0.0,1.0,90.0,64,0.5,0.5,0.25,0.25,Entropia potencial
2801702,0.00027785275872660854,0.5,0.0,0.17511114110349063,0.0,1.0,0.0,0.0,0.0,1.0,90.0,64,0.5,0.5,0.25,0.25,Entropia potencial
2801900,4.531646687405756e-05,0.5,0.0,0.17501812658674962,0.0,1.0,0.0,0.0,0.0,1.0,90.0,64,0.5,0.5,0.25,0.25,Entropia potencial
2802007,0.00018057659542974666,0.5,0.0,0.1750722306381719,0.0,1.0,0.0,0.0,0.0,1.0,90.0,64,0.5,0.5,0.25,0.25,Entropia potencial
2802106,0.0024974261582015873,0.5,0.0,0.1759989704632806,0.0,1.0,0.0,0.0,0.0,1.0,90.0,64,0.5,0.5,0.25,0.25,Entropia potencial
2802205,9.654354743478652e-05,0.5,0.0,0.1750386174189739,0.0,1.0,0.0,0.0,0.0,1.0,90.0,64,0.5,0.5,0.25,0.25,Entropia potencial
2802304,0.0004451555810478154,0.5,0.0,0.1751780622324191,0.0,1.0,0.0,0.0,0.0,1.0,90.0,64,0.5,0.5,0.25,0.25,Entropia potencial
2802403,0.00016462819298347148,0.5,0.0,0.17506585127719337,0.0,1.0,0.0,0.0,0.0,1.0,90.0,64,0.5,0.5,0.25,0.25,Entropia potencial
2802502,2.8128009007559593e-05,0.5,0.0,0.175011251203603,0.0,1.0,0.0,0.0,0.0,1.0,90.0,64,0.5,0.5,0.25,0.25,Entropia potencial
2802601,8.261327439789349e-05,0.5,0.0,0.17503304530975913,0.0,1.0,0.0,0.0,0.0,1.0,90.0,64,0.5,0.5,0.25,0.25,Entropia potencial
2802700,8.646135771384482e-05,0.5,0.0,0.17503458454308551,0.0,1.0,0.0,0.0,0.0,1.0,90.0,64,0.5,0.5,0.25,0.25,Entropia potencial
2802809,0.00024707866385645936,0.5,0.0,0.17509883146554256,0.0,1.0,0.0,0.0,0.0,1.0,90.0,64,0.5,0.5,0.25,0.25,Entropia potencial
2802908,0.002631488517966899,0.5,0.0,0.17605259540718673,0.0,1.0,0.0,0.0,0.0,1.0,90.0,64,0.5,0.5,0.25,0.25,Entropia potencial
2803005,0.0006002893684651993,0.5,0.0,0.17524011574738607,0.0,1.0,0.0,0.0,0.0,1.0,90.0,64,0.5,0.5,0.25,0.25,Entropia potencial
2803104,6.615531806197859e-05,0.5,0.0,0.17502646212722478,0.0,1.0,0.0,0.0,0.0,1.0,90.0,64,0.5,0.5,0.25,0.25,Entropia potencial
2803203,0.0011398519649748514,0.5,0.0,0.17545594078598992,0.0,1.0,0.0,0.0,0.0,1.0,90.0,64,0.5,0.5,0.25,0.25,Entropia potencial
2803302,0.0004575973647141427,0.5,0.0,0.17518303894588563,0.0,1.0,0.0,0.0,0.0,1.0,90.0,64,0.5,0.5,0.25,0.25,Entropia potencial
2803401,0.00022120770371690965,0.5,0.0,0.17508848308148675,0.0,1.0,0.0,0.0,0.0,1.0,90.0,64,0.5,0.5,0.25,0.25,Entropia potencial
2803500,0.002226598265858082,0.5,0.0,0.17589063930634322,0.0,1.0,0.0,0.0,0.0,1.0,90.0,64,0.5,0.5,0.25,0.25,Entropia potencial
2803609,0.0014736763641308673,0.5,0.0,0.17558947054565233,0.0,1.0,0.0,0.0,0.0,1.0,90.0,64,0.5,0.5,0.25,0.25,Entropia potencial
2803708,8.507012759192395e-05,0.5,0.0,0.17503402805103677,0.0,1.0,0.0,0.0,0.0,1.0,90.0,64,0.5,0.5,0.25,0.25,Entropia potencial
2803807,4.011521140304643e-05,0.5,0.0,0.1750160460845612,0.0,1.0,0.0,0.0,0.0,1.0,90.0,64,0.5,0.5,0.25,0.25,Entropia potencial
2803906,0.000174347774853487,0.5,0.0,0.1750697391099414,0.0,1.0,0.0,0.0,0.0,1.0,90.0,64,0.5,0.5,0.25,0.25,Entropia potencial
2804003,0.00047289455306079536,0.5,0.0,0.1751891578212243,0.0,1.0,0.0,0.0,0.0,1.0,90.0,64,0.5,0.5,0.25,0.25,Entropia potencial
2804102,0.00019175612319518218,0.5,0.0,0.17507670244927806,0.0,1.0,0.0,0.0,0.0,1.0,90.0,64,0.5,0.5,0.25,0.25,Entropia potencial
2804201,0.00022943562471912094,0.5,0.0,0.17509177424988764,0.0,1.0,0.0,0.0,0.0,1.0,90.0,64,0.5,0.5,0.25,0.25,Entropia potencial
2804300,8.931993389140865e-05,0.5,0.0,0.17503572797355654,0.0,1.0,0.0,0.0,0.0,1.0,90.0,64,0.5,0.5,0.25,0.25,Entropia potencial
2804409,0.0003145385244491753,0.5,0.0,0.17512581540977967,0.0,1.0,0.0,0.0,0.0,1.0,90.0,64,0.5,0.5,0.25,0.25,Entropia potencial
2804458,0.00011119163601330893,0.5,0.0,0.1750444766544053,0.0,1.0,0.0,0.0,0.0,1.0,90.0,64,0.5,0.5,0.25,0.25,Entropia potencial
2804508,0.000974863278471946,0.5,0.0,0.17538994531138877,0.0,1.0,0.0,0.0,0.0,1.0,90.0,64,0.5,0.5,0.25,0.25,Entropia potencial
2804607,0.0004715286949167818,0.5,0.0,0.1751886114779667,0.0,1.0,0.0,0.0,0.0,1.0,90.0,64,0.5,0.5,0.25,0.25,Entropia potencial
2804706,7.250676986479056e-05,0.5,0.0,0.1750290027079459,0.0,1.0,0.0,0.0,0.0,1.0,90.0,64,0.5,0.5,0.25,0.25,Entropia potencial
2804805,0.003999477908124611,0.5,0.0,0.17659979116324984,0.0,1.0,0.0,0.0,0.0,1.0,90.0,64,0.5,0.5,0.25,0.25,Entropia potencial
2804904,0.0002754244490077239,0.5,0.0,0.1751101697796031,0.0,1.0,0.0,0.0,0.0,1.0,90.0,64,0.5,0.5,0.25,0.25,Entropia potencial
2805000,3.926736447464177e-05,0.5,0.0,0.17501570694578986,0.0,1.0,0.0,0.0,0.0,1.0,90.0,64,0.5,0.5,0.25,0.25,Entropia potencial
2805109,8.698359759243821e-05,0.5,0.0,0.17503479343903697,0.0,1.0,0.0,0.0,0.0,1.0,90.0,64,0.5,0.5,0.25,0.25,Entropia potencial
2805208,0.00011738451295419984,0.5,0.0,0.17504695380518168,0.0,1.0,0.0,0.0,0.0,1.0,90.0,64,0.5,0.5,0.25,0.25,Entropia potencial
2805307,0.00014642802749791707,0.5,0.0,0.17505857121099916,0.0,1.0,0.0,0.0,0.0,1.0,90.0,64,0.5,0.5,0.25,0.25,Entropia potencial
2805406,0.0004663834692303162,0.5,0.0,0.17518655338769212,0.0,1.0,0.0,0.0,0.0,1.0,90.0,64,0.5,0.5,0.25,0.25,Entropia potencial
2805505,0.00039304576708905917,0.5,0.0,0.17515721830683562,0.0,1.0,0.0,0.0,0.0,1.0,90.0,64,0.5,0.5,0.25,0.25,Entropia potencial
2805604,0.00040615673667269335,0.5,0.0,0.17516246269466906,0.0,1.0,0.0,0.0,0.0,1.0,90.0,64,0.5,0.5,0.25,0.25,Entropia potencial
2805703,0.000584400167300708,0.5,0.0,0.17523376006692026,0.0,1.0,0.0,0.0,0.0,1.0,90.0,64,0.5,0.5,0.25,0.25,Entropia potencial
2805802,0.0003646735527941411,0.5,0.0,0.17514586942111765,0.0,1.0,0.0,0.0,0.0,1.0,90.0,64,0.5,0.5,0.25,0.25,Entropia potencial
2805901,0.000216363770268094,0.5,0.0,0.17508654550810723,0.0,1.0,0.0,0.0,0.0,1.0,90.0,64,0.5,0.5,0.25,0.25,Entropia potencial
2806008,0.00035436830110076377,0.5,0.0,0.1751417473204403,0.0,1.0,0.0,0.0,0.0,1.0,90.0,64,0.5,0.5,0.25,0.25,Entropia potencial
2806107,0.0005210040518361561,0.5,0.0,0.17520840162073445,0.0,1.0,0.0,0.0,0.0,1.0,90.0,64,0.5,0.5,0.25,0.25,Entropia potencial
2806206,0.0002809111392301929,0.5,0.0,0.17511236445569206,0.0,1.0,0.0,0.0,0.0,1.0,90.0,64,0.5,0.5,0.25,0.25,Entropia potencial
2806305,0.00020722351522696347,0.5,0.0,0.17508288940609076,0.0,1.0,0.0,0.0,0.0,1.0,90.0,64,0.5,0.5,0.25,0.25,Entropia potencial
2806404,0.00010377244680689508,0.5,0.0,0.17504150897872275,0.0,1.0,0.0,0.0,0.0,1.0,90.0,64,0.5,0.5,0.25,0.25,Entropia potencial
2806503,3.936885238627126e-05,0.5,0.0,0.1750157475409545,0.0,1.0,0.0,0.0,0.0,1.0,90.0,64,0.5,0.5,0.25,0.25,Entropia potencial
2806602,0.00019102033583586842,0.5,0.0,0.17507640813433434,0.0,1.0,0.0,0.0,0.0,1.0,90.0,64,0.5,0.5,0.25,0.25,Entropia potencial
2806701,0.0012200739304549751,0.5,0.0,0.17548802957218199,0.0,1.0,0.0,0.0,0.0,1.0,90.0,64,0.5,0.5,0.25,0.25,Entropia potencial
2806800,0.0001257604371608708,0.5,0.0,0.17505030417486434,0.0,1.0,0.0,0.0,0.0,1.0,90.0,64,0.5,0.5,0.25,0.25,Entropia potencial
2806909,3.375318794277305e-05,0.5,0.0,0.1750135012751771,0.0,1.0,0.0,0.0,0.0,1.0,90.0,64,0.5,0.5,0.25,0.25,Entropia potencial
2807006,3.305651571606648e-05,0.5,0.0,0.1750132226062864,0.0,1.0,0.0,0.0,0.0,1.0,90.0,64,0.5,0.5,0.25,0.25,Entropia potencial
2807105,0.0009265180317351959,0.5,0.0,0.17537060721269407,0.0,1.0,0.0,0.0,0.0,1.0,90.0,64,0.5,0.5,0.25,0.25,Entropia potencial
2807204,0.00016963492995719276,0.5,0.0,0.17506785397198288,0.0,1.0,0.0,0.0,0.0,1.0,90.0,64,0.5,0.5,0.25,0.25,Entropia potencial
2807303,2.4930082625484664e-05,0.5,0.0,0.1750099720330502,0.0,1.0,0.0,0.0,0.0,1.0,90.0,64,0.5,0.5,0.25,0.25,Entropia potencial
2807402,0.0007360907658829123,0.5,0.0,0.17529443630635316,0.0,1.0,0.0,0.0,0.0,1.0,90.0,64,0.5,0.5,0.25,0.25,Entropia potencial
2807501,0.00014470590449745425,0.5,0.0,0.17505788236179898,0.0,1.0,0.0,0.0,0.0,1.0,90.0,64,0.5,0.5,0.25,0.25,Entropia potencial
2807600,0.0004986946830953535,0.5,0.0,0.17519947787323814,0.0,1.0,0.0,0.0,0.0,1.0,90.0,64,0.5,0.5,0.25,0.25,Entropia potencial
2900108,6.152916075686787e-05,0.5,0.0,0.17502461166430275,0.0,1.0,0.0,0.0,0.0,1.0,90.0,64,0.5,0.5,0.25,0.25,Entropia potencial
2900207,0.00019572789490343194,0.5,0.0,0.17507829115796136,0.0,1.0,0.0,0.0,0.0,1.0,90.0,64,0.5,0.5,0.25,0.25,Entropia potencial
2900306,0.00014428832402772876,0.5,0.0,0.1750577153296111,0.0,1.0,0.0,0.0,0.0,1.0,90.0,64,0.5,0.5,0.25,0.25,Entropia potencial
2900355,0.0003672350653970395,0.5,0.0,0.1751468940261588,0.0,1.0,0.0,0.0,0.0,1.0,90.0,64,0.5,0.5,0.25,0.25,Entropia potencial
2900405,0.00014681706449249678,0.5,0.0,0.17505872682579698,0.0,1.0,0.0,0.0,0.0,1.0,90.0,64,0.5,0.5,0.25,0.25,Entropia potencial
2900504,7.290426418533938e-05,0.5,0.0,0.17502916170567412,0.0,1.0,0.0,0.0,0.0,1.0,90.0,64,0.5,0.5,0.25,0.25,Entropia potencial
2900603,4.500248864745384e-05,0.5,0.0,0.17501800099545897,0.0,1.0,0.0,0.0,0.0,1.0,90.0,64,0.5,0.5,0.25,0.25,Entropia potencial
2900702,0.00542318416176691,0.5,0.0,0.17716927366470675,0.0,1.0,0.0,0.0,0.0,1.0,90.0,64,0.5,0.5,0.25,0.25,Entropia potencial
2900801,0.0003644430906614825,0.5,0.0,0.1751457772362646,0.0,1.0,0.0,0.0,0.0,1.0,90.0,64,0.5,0.5,0.25,0.25,Entropia potencial
2900900,5.310143542863601e-05,0.5,0.0,0.17502124057417145,0.0,1.0,0.0,0.0,0.0,1.0,90.0,64,0.5,0.5,0.25,0.25,Entropia potencial
2901007,0.0005424169440242313,0.5,0.0,0.17521696677760967,0.0,1.0,0.0,0.0,0.0,1.0,90.0,64,0.5,0.5,0.25,0.25,Entropia potencial
2901106,0.0004888344981811014,0.5,0.0,0.17519553379927244,0.0,1.0,0.0,0.0,0.0,1.0,90.0,64,0.5,0.5,0.25,0.25,Entropia potencial
2901155,0.00016055599052933837,0.5,0.0,0.17506422239621172,0.0,1.0,0.0,0.0,0.0,1.0,90.0,64,0.5,0.5,0.25,0.25,Entropia potencial
2901205,0.00025298716321163847,0.5,0.0,0.17510119486528464,0.0,1.0,0.0,0.0,0.0,1.0,90.0,64,0.5,0.5,0.25,0.25,Entropia potencial
2901304,0.00015015559391880838,0.5,0.0,0.1750600622375675,0.0,1.0,0.0,0.0,0.0,1.0,90.0,64,0.5,0.5,0.25,0.25,Entropia potencial
2901353,0.00021313835757661941,0.5,0.0,0.17508525534303063,0.0,1.0,0.0,0.0,0.0,1.0,90.0,64,0.5,0.5,0.25,0.25,Entropia potencial
2901403,0.00019267902889156282,0.5,0.0,0.1750770716115566,0.0,1.0,0.0,0.0,0.0,1.0,90.0,64,0.5,0.5,0.25,0.25,Entropia potencial
2901502,7.53103734235551e-05,0.5,0.0,0.17503012414936941,0.0,1.0,0.0,0.0,0.0,1.0,90.0,64,0.5,0.5,0.25,0.25,Entropia potencial
2901601,0.00015974831589928704,0.5,0.0,0.1750638993263597,0.0,1.0,0.0,0.0,0.0,1.0,90.0,64,0.5,0.5,0.25,0.25,Entropia potencial
2901700,0.000118446964529071,0.5,0.0,0.1750473787858116,0.0,1.0,0.0,0.0,0.0,1.0,90.0,64,0.5,0.5,0.25,0.25,Entropia potencial
2901809,7.653668568907804e-05,0.5,0.0,0.1750306146742756,0.0,1.0,0.0,0.0,0.0,1.0,90.0,64,0.5,0.5,0.25,0.25,Entropia potencial
2901908,0.00015542556516331865,0.5,0.0,0.17506217022606532,0.0,1.0,0.0,0.0,0.0,1.0,90.0,64,0.5,0.5,0.25,0.25,Entropia potencial
2901957,6.710042423902818e-05,0.5,0.0,0.1750268401696956,0.0,1.0,0.0,0.0,0.0,1.0,90.0,64,0.5,0.5,0.25,0.25,Entropia potencial
2902005,0.0001520732925823072,0.5,0.0,0.1750608293170329,0.0,1.0,0.0,0.0,0.0,1.0,90.0,64,0.5,0.5,0.25,0.25,Entropia potencial
2902054,0.00042029315703008373,0.5,0.0,0.17516811726281203,0.0,1.0,0.0,0.0,0.0,1.0,90.0,64,0.5,0.5,0.25,0.25,Entropia potencial
2902104,0.0005589214156529764,0.5,0.0,0.17522356856626117,0.0,1.0,0.0,0.0,0.0,1.0,90.0,64,0.5,0.5,0.25,0.25,Entropia potencial
2902203,0.0001121208847041664,0.5,0.0,0.17504484835388165,0.0,1.0,0.0,0.0,0.0,1.0,90.0,64,0.5,0.5,0.25,0.25,Entropia potencial
2902252,9.955964130852529e-05,0.5,0.0,0.1750398238565234,0.0,1.0,0.0,0.0,0.0,1.0,90.0,64,0.5,0.5,0.25,0.25,Entropia potencial
2902302,7.420774955033058e-05,0.5,0.0,0.17502968309982012,0.0,1.0,0.0,0.0,0.0,1.0,90.0,64,0.5,0.5,0.25,0.25,Entropia potencial
2902401,0.000139300616037438,0.5,0.0,0.17505572024641497,0.0,1.0,0.0,0.0,0.0,1.0,90.0,64,0.5,0.5,0.25,0.25,Entropia potencial
2902500,0.00035127714845904903,0.5,0.0,0.17514051085938362,0.0,1.0,0.0,0.0,0.0,1.0,90.0,64,0.5,0.5,0.25,0.25,Entropia potencial
2902609,0.0002059263728564491,0.5,0.0,0.17508237054914258,0.0,1.0,0.0,0.0,0.0,1.0,90.0,64,0.5,0.5,0.25,0.25,Entropia potencial
2902658,0.00011156692985318879,0.5,0.0,0.17504462677194127,0.0,1.0,0.0,0.0,0.0,1.0,90.0,64,0.5,0.5,0.25,0.25,Entropia potencial
2902708,0.000495100319558476,0.5,0.0,0.1751980401278234,0.0,1.0,0.0,0.0,0.0,1.0,90.0,64,0.5,0.5,0.25,0.25,Entropia potencial
2902807,0.00042991653681720047,0.5,0.0,0.17517196661472687,0.0,1.0,0.0,0.0,0.0,1.0,90.0,64,0.5,0.5,0.25,0.25,Entropia potencial
2902906,0.0005015934315712707,0.5,0.0,0.1752006373726285,0.0,1.0,0.0,0.0,0.0,1.0,90.0,64,0.5,0.5,0.25,0.25,Entropia potencial
2903003,0.00011775663529684129,0.5,0.0,0.1750471026541187,0.0,1.0,0.0,0.0,0.0,1.0,90.0,64,0.5,0.5,0.25,0.25,Entropia potencial
2903102,7.16198078037787e-05,0.5,0.0,0.1750286479231215,0.0,1.0,0.0,0.0,0.0,1.0,90.0,64,0.5,0.5,0.25,0.25,Entropia potencial
2903201,0.009239690994046767,0.5,0.0,0.1786958763976187,0.0,1.0,0.0,0.0,0.0,1.0,90.0,64,0.5,0.5,0.25,0.25,Entropia potencial
2903235,0.00010703697463097686,0.5,0.0,0.17504281478985237,0.0,1.0,0.0,0.0,0.0,1.0,90.0,64,0.5,0.5,0.25,0.25,Entropia potencial
2903276,0.0002726219026147055,0.5,0.0,0.17510904876104588,0.0,1.0,0.0,0.0,0.0,1.0,90.0,64,0.5,0.5,0.25,0.25,Entropia potencial
2903300,7.623962211441257e-05,0.5,0.0,0.17503049584884575,0.0,1.0,0.0,0.0,0.0,1.0,90.0,64,0.5,0.5,0.25,0.25,Entropia potencial
2903409,0.0003744290782995254,0.5,0.0,0.1751497716313198,0.0,1.0,0.0,0.0,0.0,1.0,90.0,64,0.5,0.5,0.25,0.25,Entropia potencial
2903508,0.00018445639371808222,0.5,0.0,0.17507378255748723,0.0,1.0,0.0,0.0,0.0,1.0,90.0,64,0.5,0.5,0.25,0.25,Entropia potencial
2903607,0.00014902971239916878,0.5,0.0,0.17505961188495966,0.0,1.0,0.0,0.0,0.0,1.0,90.0,64,0.5,0.5,0.25,0.25,Entropia potencial
2903706,0.00011609794224114688,0.5,0.0,0.17504643917689644,0.0,1.0,0.0,0.0,0.0,1.0,90.0,64,0.5,0.5,0.25,0.25,Entropia potencial
2903805,0.00015068417679187863,0.5,0.0,0.17506027367071675,0.0,1.0,0.0,0.0,0.0,1.0,90.0,64,0.5,0.5,0.25,0.25,Entropia potencial
2903904,0.0015411023954197069,0.5,0.0,0.17561644095816786,0.0,1.0,0.0,0.0,0.0,1.0,90.0,64,0.5,0.5,0.25,0.25,Entropia potencial
2903953,6.342254460820546e-05,0.5,0.0,0.17502536901784327,0.0,1.0,0.0,0.0,0.0,1.0,90.0,64,0.5,0.5,0.25,0.25,Entropia potencial
2904001,0.00011711282135744172,0.5,0.0,0.17504684512854296,0.0,1.0,0.0,0.0,0.0,1.0,90.0,64,0.5,0.5,0.25,0.25,Entropia potencial
2904050,0.00024259945259006213,0.5,0.0,0.17509703978103602,0.0,1.0,0.0,0.0,0.0,1.0,90.0,64,0.5,0.5,0.25,0.25,Entropia potencial
2904100,0.00018967667817252387,0.5,0.0,0.175075870671269,0.0,1.0,0.0,0.0,0.0,1.0,90.0,64,0.5,0.5,0.25,0.25,Entropia potencial
2904209,0.00010507593217188628,0.5,0.0,0.17504203037286875,0.0,1.0,0.0,0.0,0.0,1.0,90.0,64,0.5,0.5,0.25,0.25,Entropia potencial
2904308,0.0001357147098265295,0.5,0.0,0.1750542858839306,0.0,1.0,0.0,0.0,0.0,1.0,90.0,64,0.5,0.5,0.25,0.25,Entropia potencial
2904407,0.00011411047063840279,0.5,0.0,0.17504564418825536,0.0,1.0,0.0,0.0,0.0,1.0,90.0,64,0.5,0.5,0.25,0.25,Entropia potencial
2904506,9.059699011274635e-05,0.5,0.0,0.17503623879604507,0.0,1.0,0.0,0.0,0.0,1.0,90.0,64,0.5,0.5,0.25,0.25,Entropia potencial
2904605,0.002003797413361739,0.5,0.0,0.17580151896534468,0.0,1.0,0.0,0.0,0.0,1.0,90.0,64,0.5,0.5,0.25,0.25,Entropia potencial
2904704,0.00020208357536922848,0.5,0.0,0.1750808334301477,0.0,1.0,0.0,0.0,0.0,1.0,90.0,64,0.5,0.5,0.25,0.25,Entropia potencial
2904753,0.000162818325226079,0.5,0.0,0.17506512733009041,0.0,1.0,0.0,0.0,0.0,1.0,90.0,64,0.5,0.5,0.25,0.25,Entropia potencial
2904803,6.752963353196121e-05,0.5,0.0,0.17502701185341277,0.0,1.0,0.0,0.0,0.0,1.0,90.0,64,0.5,0.5,0.25,0.25,Entropia potencial
2904852,0.00014431686750287454,0.5,0.0,0.17505772674700115,0.0,1.0,0.0,0.0,0.0,1.0,90.0,64,0.5,0.5,0.25,0.25,Entropia potencial
2904902,0.0005254938347600146,0.5,0.0,0.175210197533904,0.0,1.0,0.0,0.0,0.0,1.0,90.0,64,0.5,0.5,0.25,0.25,Entropia potencial
2905008,0.00037998977012422433,0.5,0.0,0.17515199590804967,0.0,1.0,0.0,0.0,0.0,1.0,90.0,64,0.5,0.5,0.25,0.25,Entropia potencial
2905107,8.624569590163216e-05,0.5,0.0,0.17503449827836065,0.0,1.0,0.0,0.0,0.0,1.0,90.0,64,0.5,0.5,0.25,0.25,Entropia potencial
2905156,8.603531991815021e-05,0.5,0.0,0.17503441412796725,0.0,1.0,0.0,0.0,0.0,1.0,90.0,64,0.5,0.5,0.25,0.25,Entropia potencial
2905206,0.0011985373498746015,0.5,0.0,0.17547941493994984,0.0,1.0,0.0,0.0,0.0,1.0,90.0,64,0.5,0.5,0.25,0.25,Entropia potencial
2905305,0.00022673985206646274,0.5,0.0,0.17509069594082657,0.0,1.0,0.0,0.0,0.0,1.0,90.0,64,0.5,0.5,0.25,0.25,Entropia potencial
2905404,0.002333569696212798,0.5,0.0,0.17593342787848512,0.0,1.0,0.0,0.0,0.0,1.0,90.0,64,0.5,0.5,0.25,0.25,Entropia potencial
2905503,0.00010378407563010263,0.5,0.0,0.17504151363025203,0.0,1.0,0.0,0.0,0.0,1.0,90.0,64,0.5,0.5,0.25,0.25,Entropia potencial
2905602,0.0003917063380886992,0.5,0.0,0.17515668253523548,0.0,1.0,0.0,0.0,0.0,1.0,90.0,64,0.5,0.5,0.25,0.25,Entropia potencial
2905701,0.03218527476686549,0.5,0.0,0.1878741099067462,0.0,1.0,0.0,0.0,0.0,1.0,90.0,64,0.5,0.5,0.25,0.25,Entropia potencial
2905800,0.0005029984048478915,0.5,0.0,0.17520119936193915,0.0,1.0,0.0,0.0,0.0,1.0,90.0,64,0.5,0.5,0.25,0.25,Entropia potencial
2905909,0.00033389945792399193,0.5,0.0,0.17513355978316958,0.0,1.0,0.0,0.0,0.0,1.0,90.0,64,0.5,0.5,0.25,0.25,Entropia potencial
2906006,0.0017494200771939257,0.5,0.0,0.17569976803087756,0.0,1.0,0.0,0.0,0.0,1.0,90.0,64,0.5,0.5,0.25,0.25,Entropia potencial
2906105,7.830003815364035e-05,0.5,0.0,0.17503132001526145,0.0,1.0,0.0,0.0,0.0,1.0,90.0,64,0.5,0.5,0.25,0.25,Entropia potencial
2906204,0.0002637089382089951,0.5,0.0,0.17510548357528358,0.0,1.0,0.0,0.0,0.0,1.0,90.0,64,0.5,0.5,0.25,0.25,Entropia potencial
2906303,0.0004413392127042483,0.5,0.0,0.17517653568508168,0.0,1.0,0.0,0.0,0.0,1.0,90.0,64,0.5,0.5,0.25,0.25,Entropia potencial
2906402,5.540711392096838e-05,0.5,0.0,0.17502216284556837,0.0,1.0,0.0,0.0,0.0,1.0,90.0,64,0.5,0.5,0.25,0.25,Entropia potencial
2906501,0.007597544696610953,0.5,0.0,0.17803901787864437,0.0,1.0,0.0,0.0,0.0,1.0,90.0,64,0.5,0.5,0.25,0.25,Entropia potencial
2906600,0.000138788947816306,0.5,0.0,0.17505551557912652,0.0,1.0,0.0,0.0,0.0,1.0,90.0,64,0.5,0.5,0.25,0.25,Entropia potencial
2906709,0.00025580028126211823,0.5,0.0,0.17510232011250484,0.0,1.0,0.0,0.0,0.0,1.0,90.0,64,0.5,0.5,0.25,0.25,Entropia potencial
2906808,0.0004458543676060143,0.5,0.0,0.1751783417470424,0.0,1.0,0.0,0.0,0.0,1.0,90.0,64,0.5,0.5,0.25,0.25,Entropia potencial
2906824,0.00017384033529533956,0.5,0.0,0.17506953613411813,0.0,1.0,0.0,0.0,0.0,1.0,90.0,64,0.5,0.5,0.25,0.25,Entropia potencial
2906857,0.00012023991763452524,0.5,0.0,0.1750480959670538,0.0,1.0,0.0,0.0,0.0,1.0,90.0,64,0.5,0.5,0.25,0.25,Entropia potencial
2906873,0.000722278895409587,0.5,0.0,0.1752889115581638,0.0,1.0,0.0,0.0,0.0,1.0,90.0,64,0.5,0.5,0.25,0.25,Entropia potencial
2906899,8.205826238116975e-05,0.5,0.0,0.17503282330495246,0.0,1.0,0.0,0.0,0.0,1.0,90.0,64,0.5,0.5,0.25,0.25,Entropia potencial
2906907,0.0003724912934868499,0.5,0.0,0.17514899651739474,0.0,1.0,0.0,0.0,0.0,1.0,90.0,64,0.5,0.5,0.25,0.25,Entropia potencial
2907004,0.00013151141881987498,0.5,0.0,0.17505260456752794,0.0,1.0,0.0,0.0,0.0,1.0,90.0,64,0.5,0.5,0.25,0.25,Entropia potencial
2907103,0.000334615159134129,0.5,0.0,0.17513384606365365,0.0,1.0,0.0,0.0,0.0,1.0,90.0,64,0.5,0.5,0.25,0.25,Entropia potencial
2907202,0.0009612607268163566,0.5,0.0,0.17538450429072652,0.0,1.0,0.0,0.0,0.0,1.0,90.0,64,0.5,0.5,0.25,0.25,Entropia potencial
2907301,0.0003662191291149985,0.5,0.0,0.17514648765164598,0.0,1.0,0.0,0.0,0.0,1.0,90.0,64,0.5,0.5,0.25,0.25,Entropia potencial
2907400,7.314741230695168e-05,0.5,0.0,0.17502925896492277,0.0,1.0,0.0,0.0,0.0,1.0,90.0,64,0.5,0.5,0.25,0.25,Entropia potencial
2907509,0.0008990148076836054,0.5,0.0,0.17535960592307342,0.0,1.0,0.0,0.0,0.0,1.0,90.0,64,0.5,0.5,0.25,0.25,Entropia potencial
2907558,7.016091907410485e-05,0.5,0.0,0.17502806436762963,0.0,1.0,0.0,0.0,0.0,1.0,90.0,64,0.5,0.5,0.25,0.25,Entropia potencial
2907608,0.00016588093439264795,0.5,0.0,0.17506635237375706,0.0,1.0,0.0,0.0,0.0,1.0,90.0,64,0.5,0.5,0.25,0.25,Entropia potencial
2907707,0.0001039141070168779,0.5,0.0,0.17504156564280673,0.0,1.0,0.0,0.0,0.0,1.0,90.0,64,0.5,0.5,0.25,0.25,Entropia potencial
2907806,0.00044926055564007886,0.5,0.0,0.175179704222256,0.0,1.0,0.0,0.0,0.0,1.0,90.0,64,0.5,0.5,0.25,0.25,Entropia potencial
2907905,0.0001672119060670388,0.5,0.0,0.1750668847624268,0.0,1.0,0.0,0.0,0.0,1.0,90.0,64,0.5,0.5,0.25,0.25,Entropia potencial
2908002,0.00021160969590770028,0.5,0.0,0.17508464387836306,0.0,1.0,0.0,0.0,0.0,1.0,90.0,64,0.5,0.5,0.25,0.25,Entropia potencial
2908101,0.000680601193033745,0.5,0.0,0.1752722404772135,0.0,1.0,0.0,0.0,0.0,1.0,90.0,64,0.5,0.5,0.25,0.25,Entropia potencial
2908200,0.00041701488605130216,0.5,0.0,0.17516680595442052,0.0,1.0,0.0,0.0,0.0,1.0,90.0,64,0.5,0.5,0.25,0.25,Entropia potencial
2908309,0.00021004191910617396,0.5,0.0,0.17508401676764246,0.0,1.0,0.0,0.0,0.0,1.0,90.0,64,0.5,0.5,0.25,0.25,Entropia potencial
2908408,0.0010450611983471659,0.5,0.0,0.17541802447933885,0.0,1.0,0.0,0.0,0.0,1.0,90.0,64,0.5,0.5,0.25,0.25,Entropia potencial
2908507,0.0030297905131457686,0.5,0.0,0.1762119162052583,0.0,1.0,0.0,0.0,0.0,1.0,90.0,64,0.5,0.5,0.25,0.25,Entropia potencial
2908606,0.0003279106139721061,0.5,0.0,0.17513116424558883,0.0,1.0,0.0,0.0,0.0,1.0,90.0,64,0.5,0.5,0.25,0.25,Entropia potencial
2908705,0.0001803704481092493,0.5,0.0,0.1750721481792437,0.0,1.0,0.0,0.0,0.0,1.0,90.0,64,0.5,0.5,0.25,0.25,Entropia potencial
2908804,3.884132667894716e-05,0.5,0.0,0.17501553653067156,0.0,1.0,0.0,0.0,0.0,1.0,90.0,64,0.5,0.5,0.25,0.25,Entropia potencial
2908903,0.0002721630926808805,0.5,0.0,0.17510886523707234,0.0,1.0,0.0,0.0,0.0,1.0,90.0,64,0.5,0.5,0.25,0.25,Entropia potencial
2909000,5.6088985827228995e-05,0.5,0.0,0.1750224355943309,0.0,1.0,0.0,0.0,0.0,1.0,90.0,64,0.5,0.5,0.25,0.25,Entropia potencial
2909109,0.00017076398297407078,0.5,0.0,0.17506830559318962,0.0,1.0,0.0,0.0,0.0,1.0,90.0,64,0.5,0.5,0.25,0.25,Entropia potencial
2909208,0.00019893745010871443,0.5,0.0,0.17507957498004348,0.0,1.0,0.0,0.0,0.0,1.0,90.0,64,0.5,0.5,0.25,0.25,Entropia potencial
2909307,0.004323188402587301,0.5,0.0,0.17672927536103492,0.0,1.0,0.0,0.0,0.0,1.0,90.0,64,0.5,0.5,0.25,0.25,Entropia potencial
2909406,0.00017373990454945624,0.5,0.0,0.17506949596181978,0.0,1.0,0.0,0.0,0.0,1.0,90.0,64,0.5,0.5,0.25,0.25,Entropia potencial
2909505,2.8913483156941968e-05,0.5,0.0,0.17501156539326276,0.0,1.0,0.0,0.0,0.0,1.0,90.0,64,0.5,0.5,0.25,0.25,Entropia potencial
2909604,0.0002087786060395361,0.5,0.0,0.1750835114424158,0.0,1.0,0.0,0.0,0.0,1.0,90.0,64,0.5,0.5,0.25,0.25,Entropia potencial
2909703,0.00017671794045633394,0.5,0.0,0.17507068717618252,0.0,1.0,0.0,0.0,0.0,1.0,90.0,64,0.5,0.5,0.25,0.25,Entropia potencial
2909802,0.001207382655672559,0.5,0.0,0.17548295306226902,0.0,1.0,0.0,0.0,0.0,1.0,90.0,64,0.5,0.5,0.25,0.25,Entropia potencial
2909901,0.00041294585509440746,0.5,0.0,0.17516517834203776,0.0,1.0,0.0,0.0,0.0,1.0,90.0,64,0.5,0.5,0.25,0.25,Entropia potencial
2910008,0.00013063185691908612,0.5,0.0,0.17505225274276762,0.0,1.0,0.0,0.0,0.0,1.0,90.0,64,0.5,0.5,0.25,0.25,Entropia potencial
2910057,0.0023129496783343283,0.5,0.0,0.17592517987133371,0.0,1.0,0.0,0.0,0.0,1.0,90.0,64,0.5,0.5,0.25,0.25,Entropia potencial
2910107,0.00014443949872942685,0.5,0.0,0.17505777579949175,0.0,1.0,0.0,0.0,0.0,1.0,90.0,64,0.5,0.5,0.25,0.25,Entropia potencial
2910206,2.9574211748279767e-05,0.5,0.0,0.1750118296846993,0.0,1.0,0.0,0.0,0.0,1.0,90.0,64,0.5,0.5,0.25,0.25,Entropia potencial
2910305,7.130688674292111e-05,0.5,0.0,0.17502852275469716,0.0,1.0,0.0,0.0,0.0,1.0,90.0,64,0.5,0.5,0.25,0.25,Entropia potencial
2910404,0.00024072509772215509,0.5,0.0,0.17509629003908886,0.0,1.0,0.0,0.0,0.0,1.0,90.0,64,0.5,0.5,0.25,0.25,Entropia potencial
2910503,0.0008695167118690477,0.5,0.0,0.17534780668474761,0.0,1.0,0.0,0.0,0.0,1.0,90.0,64,0.5,0.5,0.25,0.25,Entropia potencial
2910602,0.0008918059944606735,0.5,0.0,0.17535672239778427,0.0,1.0,0.0,0.0,0.0,1.0,90.0,64,0.5,0.5,0.25,0.25,Entropia potencial
2910701,0.0008854323421771925,0.5,0.0,0.17535417293687086,0.0,1.0,0.0,0.0,0.0,1.0,90.0,64,0.5,0.5,0.25,0.25,Entropia potencial
2910727,0.004151593487336764,0.5,0.0,0.1766606373949347,0.0,1.0,0.0,0.0,0.0,1.0,90.0,64,0.5,0.5,0.25,0.25,Entropia potencial
2910750,0.00027015024910022903,0.5,0.0,0.17510806009964008,0.0,1.0,0.0,0.0,0.0,1.0,90.0,64,0.5,0.5,0.25,0.25,Entropia potencial
2910776,5.3513730069630795e-05,0.5,0.0,0.17502140549202785,0.0,1.0,0.0,0.0,0.0,1.0,90.0,64,0.5,0.5,0.25,0.25,Entropia potencial
2910800,0.020724734374288147,0.5,0.0,0.18328989374971524,0.0,1.0,0.0,0.0,0.0,1.0,90.0,64,0.5,0.5,0.25,0.25,Entropia potencial
2910859,0.0001585188321365257,0.5,0.0,0.1750634075328546,0.0,1.0,0.0,0.0,0.0,1.0,90.0,64,0.5,0.5,0.25,0.25,Entropia potencial
2910909,5.878370131414106e-05,0.5,0.0,0.17502351348052564,0.0,1.0,0.0,0.0,0.0,1.0,90.0,64,0.5,0.5,0.25,0.25,Entropia potencial
2911006,0.0001008758126624702,0.5,0.0,0.175040350325065,0.0,1.0,0.0,0.0,0.0,1.0,90.0,64,0.5,0.5,0.25,0.25,Entropia potencial
2911105,0.006307582595844377,0.5,0.0,0.17752303303833775,0.0,1.0,0.0,0.0,0.0,1.0,90.0,64,0.5,0.5,0.25,0.25,Entropia potencial
2911204,0.0005199680294049383,0.5,0.0,0.17520798721176195,0.0,1.0,0.0,0.0,0.0,1.0,90.0,64,0.5,0.5,0.25,0.25,Entropia potencial
2911253,3.607260958980526e-05,0.5,0.0,0.1750144290438359,0.0,1.0,0.0,0.0,0.0,1.0,90.0,64,0.5,0.5,0.25,0.25,Entropia potencial
2911303,0.00012331732712154018,0.5,0.0,0.1750493269308486,0.0,1.0,0.0,0.0,0.0,1.0,90.0,64,0.5,0.5,0.25,0.25,Entropia potencial
2911402,0.0002139396892121939,0.5,0.0,0.17508557587568488,0.0,1.0,0.0,0.0,0.0,1.0,90.0,64,0.5,0.5,0.25,0.25,Entropia potencial
2911501,6.207148678463793e-05,0.5,0.0,0.17502482859471385,0.0,1.0,0.0,0.0,0.0,1.0,90.0,64,0.5,0.5,0.25,0.25,Entropia potencial
2911600,0.00023216099801267112,0.5,0.0,0.17509286439920504,0.0,1.0,0.0,0.0,0.0,1.0,90.0,64,0.5,0.5,0.25,0.25,Entropia potencial
2911659,6.08272027014306e-05,0.5,0.0,0.17502433088108055,0.0,1.0,0.0,0.0,0.0,1.0,90.0,64,0.5,0.5,0.25,0.25,Entropia potencial
2911709,0.001931813940541288,0.5,0.0,0.1757727255762165,0.0,1.0,0.0,0.0,0.0,1.0,90.0,64,0.5,0.5,0.25,0.25,Entropia potencial
2911808,0.00027896383992580216,0.5,0.0,0.1751115855359703,0.0,1.0,0.0,0.0,0.0,1.0,90.0,64,0.5,0.5,0.25,0.25,Entropia potencial
2911857,0.00013821807831339015,0.5,0.0,0.17505528723132535,0.0,1.0,0.0,0.0,0.0,1.0,90.0,64,0.5,0.5,0.25,0.25,Entropia potencial
2911907,0.00028026098229631656,0.5,0.0,0.17511210439291852,0.0,1.0,0.0,0.0,0.0,1.0,90.0,64,0.5,0.5,0.25,0.25,Entropia potencial
2912004,9.228951247231725e-05,0.5,0.0,0.17503691580498892,0.0,1.0,0.0,0.0,0.0,1.0,90.0,64,0.5,0.5,0.25,0.25,Entropia potencial
2912103,0.00022130073430257001,0.5,0.0,0.17508852029372102,0.0,1.0,0.0,0.0,0.0,1.0,90.0,64,0.5,0.5,0.25,0.25,Entropia potencial
2912202,0.0005022922181294697,0.5,0.0,0.17520091688725178,0.0,1.0,0.0,0.0,0.0,1.0,90.0,64,0.5,0.5,0.25,0.25,Entropia potencial
2912301,0.00018855608248161498,0.5,0.0,0.17507542243299262,0.0,1.0,0.0,0.0,0.0,1.0,90.0,64,0.5,0.5,0.25,0.25,Entropia potencial
2912400,0.00017136656744937086,0.5,0.0,0.17506854662697974,0.0,1.0,0.0,0.0,0.0,1.0,90.0,64,0.5,0.5,0.25,0.25,Entropia potencial
2912509,0.00011911192178339335,0.5,0.0,0.17504764476871335,0.0,1.0,0.0,0.0,0.0,1.0,90.0,64,0.5,0.5,0.25,0.25,Entropia potencial
2912608,2.2354826867886464e-05,0.5,0.0,0.17500894193074715,0.0,1.0,0.0,0.0,0.0,1.0,90.0,64,0.5,0.5,0.25,0.25,Entropia potencial
2912707,0.00030974956361915894,0.5,0.0,0.17512389982544765,0.0,1.0,0.0,0.0,0.0,1.0,90.0,64,0.5,0.5,0.25,0.25,Entropia potencial
2912806,0.00044298839126822746,0.5,0.0,0.17517719535650728,0.0,1.0,0.0,0.0,0.0,1.0,90.0,64,0.5,0.5,0.25,0.25,Entropia potencial
2912905,0.00023762548775447124,0.5,0.0,0.17509505019510177,0.0,1.0,0.0,0.0,0.0,1.0,90.0,64,0.5,0.5,0.25,0.25,Entropia potencial
2913002,0.00010895044463149112,0.5,0.0,0.1750435801778526,0.0,1.0,0.0,0.0,0.0,1.0,90.0,64,0.5,0.5,0.25,0.25,Entropia potencial
2913101,0.00015272027801894517,0.5,0.0,0.17506108811120757,0.0,1.0,0.0,0.0,0.0,1.0,90.0,64,0.5,0.5,0.25,0.25,Entropia potencial
2913200,0.0004878841061753211,0.5,0.0,0.17519515364247013,0.0,1.0,0.0,0.0,0.0,1.0,90.0,64,0.5,0.5,0.25,0.25,Entropia potencial
2913309,4.575519065870586e-05,0.5,0.0,0.17501830207626348,0.0,1.0,0.0,0.0,0.0,1.0,90.0,64,0.5,0.5,0.25,0.25,Entropia potencial
2913408,0.00020297793759046332,0.5,0.0,0.17508119117503618,0.0,1.0,0.0,0.0,0.0,1.0,90.0,64,0.5,0.5,0.25,0.25,Entropia potencial
2913457,0.00021622422438960346,0.5,0.0,0.17508648968975582,0.0,1.0,0.0,0.0,0.0,1.0,90.0,64,0.5,0.5,0.25,0.25,Entropia potencial
2913507,0.00023926303749524283,0.5,0.0,0.1750957052149981,0.0,1.0,0.0,0.0,0.0,1.0,90.0,64,0.5,0.5,0.25,0.25,Entropia potencial
2913606,0.007066016559771969,0.5,0.0,0.17782640662390878,0.0,1.0,0.0,0.0,0.0,1.0,90.0,64,0.5,0.5,0.25,0.25,Entropia potencial
2913705,0.000684469362498873,0.5,0.0,0.17527378774499955,0.0,1.0,0.0,0.0,0.0,1.0,90.0,64,0.5,0.5,0.25,0.25,Entropia potencial
2913804,0.0001106947681126229,0.5,0.0,0.17504427790724503,0.0,1.0,0.0,0.0,0.0,1.0,90.0,64,0.5,0.5,0.25,0.25,Entropia potencial
2913903,0.0006552070146457047,0.5,0.0,0.17526208280585828,0.0,1.0,0.0,0.0,0.0,1.0,90.0,64,0.5,0.5,0.25,0.25,Entropia potencial
2914000,0.0007871761862336585,0.5,0.0,0.17531487047449346,0.0,1.0,0.0,0.0,0.0,1.0,90.0,64,0.5,0.5,0.25,0.25,Entropia potencial
2914109,0.00010533810927692913,0.5,0.0,0.17504213524371076,0.0,1.0,0.0,0.0,0.0,1.0,90.0,64,0.5,0.5,0.25,0.25,Entropia potencial
2914208,5.917062397722848e-05,0.5,0.0,0.17502366824959087,0.0,1.0,0.0,0.0,0.0,1.0,90.0,64,0.5,0.5,0.25,0.25,Entropia potencial
2914307,0.00010188329161854205,0.5,0.0,0.1750407533166474,0.0,1.0,0.0,0.0,0.0,1.0,90.0,64,0.5,0.5,0.25,0.25,Entropia potencial
2914406,0.0007882830387698675,0.5,0.0,0.17531531321550795,0.0,1.0,0.0,0.0,0.0,1.0,90.0,64,0.5,0.5,0.25,0.25,Entropia potencial
2914505,0.0003294731049449018,0.5,0.0,0.17513178924197795,0.0,1.0,0.0,0.0,0.0,1.0,90.0,64,0.5,0.5,0.25,0.25,Entropia potencial
2914604,0.0018594139444168575,0.5,0.0,0.17574376557776672,0.0,1.0,0.0,0.0,0.0,1.0,90.0,64,0.5,0.5,0.25,0.25,Entropia potencial
2914653,0.0005582501154041773,0.5,0.0,0.17522330004616166,0.0,1.0,0.0,0.0,0.0,1.0,90.0,64,0.5,0.5,0.25,0.25,Entropia potencial
2914703,0.0012042185585943604,0.5,0.0,0.17548168742343773,0.0,1.0,0.0,0.0,0.0,1.0,90.0,64,0.5,0.5,0.25,0.25,Entropia potencial
2914802,0.005031996892059566,0.5,0.0,0.17701279875682382,0.0,1.0,0.0,0.0,0.0,1.0,90.0,64,0.5,0.5,0.25,0.25,Entropia potencial
2914901,0.00048796762226926624,0.5,0.0,0.17519518704890769,0.0,1.0,0.0,0.0,0.0,1.0,90.0,64,0.5,0.5,0.25,0.25,Entropia potencial
2915007,0.00011482088601980919,0.5,0.0,0.1750459283544079,0.0,1.0,0.0,0.0,0.0,1.0,90.0,64,0.5,0.5,0.25,0.25,Entropia potencial
2915106,0.00013062445675886313,0.5,0.0,0.17505224978270353,0.0,1.0,0.0,0.0,0.0,1.0,90.0,64,0.5,0.5,0.25,0.25,Entropia potencial
2915205,0.0009039834866904656,0.5,0.0,0.17536159339467616,0.0,1.0,0.0,0.0,0.0,1.0,90.0,64,0.5,0.5,0.25,0.25,Entropia potencial
2915304,0.0001251335378734095,0.5,0.0,0.17505005341514934,0.0,1.0,0.0,0.0,0.0,1.0,90.0,64,0.5,0.5,0.25,0.25,Entropia potencial
2915353,0.00013640715339025152,0.5,0.0,0.1750545628613561,0.0,1.0,0.0,0.0,0.0,1.0,90.0,64,0.5,0.5,0.25,0.25,Entropia potencial
2915403,0.00010220784150260717,0.5,0.0,0.17504088313660104,0.0,1.0,0.0,0.0,0.0,1.0,90.0,64,0.5,0.5,0.25,0.25,Entropia potencial
2915502,0.0003364377128804752,0.5,0.0,0.17513457508515218,0.0,1.0,0.0,0.0,0.0,1.0,90.0,64,0.5,0.5,0.25,0.25,Entropia potencial
2915601,0.0013086559626555778,0.5,0.0,0.17552346238506222,0.0,1.0,0.0,0.0,0.0,1.0,90.0,64,0.5,0.5,0.25,0.25,Entropia potencial
2915700,8.553422335447962e-05,0.5,0.0,0.17503421368934177,0.0,1.0,0.0,0.0,0.0,1.0,90.0,64,0.5,0.5,0.25,0.25,Entropia potencial
2915809,0.00035001594972390343,0.5,0.0,0.17514000637988955,0.0,1.0,0.0,0.0,0.0,1.0,90.0,64,0.5,0.5,0.25,0.25,Entropia potencial
2915908,8.586934489600615e-05,0.5,0.0,0.1750343477379584,0.0,1.0,0.0,0.0,0.0,1.0,90.0,64,0.5,0.5,0.25,0.25,Entropia potencial
2916005,0.0003010818616665532,0.5,0.0,0.1751204327446666,0.0,1.0,0.0,0.0,0.0,1.0,90.0,64,0.5,0.5,0.25,0.25,Entropia potencial
2916104,0.00027991846059456703,0.5,0.0,0.17511196738423782,0.0,1.0,0.0,0.0,0.0,1.0,90.0,64,0.5,0.5,0.25,0.25,Entropia potencial
2916203,0.00011076982688059889,0.5,0.0,0.17504430793075224,0.0,1.0,0.0,0.0,0.0,1.0,90.0,64,0.5,0.5,0.25,0.25,Entropia potencial
2916302,0.00029213506795696634,0.5,0.0,0.17511685402718277,0.0,1.0,0.0,0.0,0.0,1.0,90.0,64,0.5,0.5,0.25,0.25,Entropia potencial
2916401,0.0017828751443962872,0.5,0.0,0.1757131500577585,0.0,1.0,0.0,0.0,0.0,1.0,90.0,64,0.5,0.5,0.25,0.25,Entropia potencial
2916500,0.0004576734806478648,0.5,0.0,0.17518306939225914,0.0,1.0,0.0,0.0,0.0,1.0,90.0,64,0.5,0.5,0.25,0.25,Entropia potencial
2916609,9.507831571063582e-05,0.5,0.0,0.17503803132628423,0.0,1.0,0.0,0.0,0.0,1.0,90.0,64,0.5,0.5,0.25,0.25,Entropia potencial
2916708,7.901996802676202e-05,0.5,0.0,0.17503160798721068,0.0,1.0,0.0,0.0,0.0,1.0,90.0,64,0.5,0.5,0.25,0.25,Entropia potencial
2916807,0.00035437041543225604,0.5,0.0,0.1751417481661729,0.0,1.0,0.0,0.0,0.0,1.0,90.0,64,0.5,0.5,0.25,0.25,Entropia potencial
2916856,0.0005279136871529301,0.5,0.0,0.17521116547486115,0.0,1.0,0.0,0.0,0.0,1.0,90.0,64,0.5,0.5,0.25,0.25,Entropia potencial
2916906,0.0001128418717430342,0.5,0.0,0.1750451367486972,0.0,1.0,0.0,0.0,0.0,1.0,90.0,64,0.5,0.5,0.25,0.25,Entropia potencial
2917003,0.0003880739165849605,0.5,0.0,0.17515522956663399,0.0,1.0,0.0,0.0,0.0,1.0,90.0,64,0.5,0.5,0.25,0.25,Entropia potencial
2917102,0.0002568278463673668,0.5,0.0,0.17510273113854694,0.0,1.0,0.0,0.0,0.0,1.0,90.0,64,0.5,0.5,0.25,0.25,Entropia potencial
2917201,0.0002711196700894399,0.5,0.0,0.17510844786803575,0.0,1.0,0.0,0.0,0.0,1.0,90.0,64,0.5,0.5,0.25,0.25,Entropia potencial
2917300,0.0003866139706895405,0.5,0.0,0.17515464558827581,0.0,1.0,0.0,0.0,0.0,1.0,90.0,64,0.5,0.5,0.25,0.25,Entropia potencial
2917334,0.00013607097468297885,0.5,0.0,0.17505442838987317,0.0,1.0,0.0,0.0,0.0,1.0,90.0,64,0.5,0.5,0.25,0.25,Entropia potencial
2917359,0.001738149633174322,0.5,0.0,0.17569525985326973,0.0,1.0,0.0,0.0,0.0,1.0,90.0,64,0.5,0.5,0.25,0.25,Entropia potencial
2917409,0.00012156454631443927,0.5,0.0,0.17504862581852576,0.0,1.0,0.0,0.0,0.0,1.0,90.0,64,0.5,0.5,0.25,0.25,Entropia potencial
2917508,0.0018979148637255474,0.5,0.0,0.1757591659454902,0.0,1.0,0.0,0.0,0.0,1.0,90.0,64,0.5,0.5,0.25,0.25,Entropia potencial
2917607,0.0007709708925110712,0.5,0.0,0.1753083883570044,0.0,1.0,0.0,0.0,0.0,1.0,90.0,64,0.5,0.5,0.25,0.25,Entropia potencial
2917706,0.0008922658615602446,0.5,0.0,0.17535690634462409,0.0,1.0,0.0,0.0,0.0,1.0,90.0,64,0.5,0.5,0.25,0.25,Entropia potencial
2917805,0.00021241525620625934,0.5,0.0,0.1750849661024825,0.0,1.0,0.0,0.0,0.0,1.0,90.0,64,0.5,0.5,0.25,0.25,Entropia potencial
2917904,0.00017175243294671212,0.5,0.0,0.17506870097317867,0.0,1.0,0.0,0.0,0.0,1.0,90.0,64,0.5,0.5,0.25,0.25,Entropia potencial
2918001,0.0037983288672749707,0.5,0.0,0.17651933154690996,0.0,1.0,0.0,0.0,0.0,1.0,90.0,64,0.5,0.5,0.25,0.25,Entropia potencial
2918100,0.0006242066863058814,0.5,0.0,0.17524968267452234,0.0,1.0,0.0,0.0,0.0,1.0,90.0,64,0.5,0.5,0.25,0.25,Entropia potencial
2918209,0.00014963969703469184,0.5,0.0,0.17505985587881387,0.0,1.0,0.0,0.0,0.0,1.0,90.0,64,0.5,0.5,0.25,0.25,Entropia potencial
2918308,0.00019755362014701655,0.5,0.0,0.17507902144805879,0.0,1.0,0.0,0.0,0.0,1.0,90.0,64,0.5,0.5,0.25,0.25,Entropia potencial
2918357,0.000304821056910652,0.5,0.0,0.17512192842276425,0.0,1.0,0.0,0.0,0.0,1.0,90.0,64,0.5,0.5,0.25,0.25,Entropia potencial
2918407,0.005798470601486556,0.5,0.0,0.17731938824059462,0.0,1.0,0.0,0.0,0.0,1.0,90.0,64,0.5,0.5,0.25,0.25,Entropia potencial
2918456,0.0001246292698125005,0.5,0.0,0.175049851707925,0.0,1.0,0.0,0.0,0.0,1.0,90.0,64,0.5,0.5,0.25,0.25,Entropia potencial
2918506,0.00011904637750713266,0.5,0.0,0.17504761855100284,0.0,1.0,0.0,0.0,0.0,1.0,90.0,64,0.5,0.5,0.25,0.25,Entropia potencial
2918555,6.117606739765695e-05,0.5,0.0,0.17502447042695904,0.0,1.0,0.0,0.0,0.0,1.0,90.0,64,0.5,0.5,0.25,0.25,Entropia potencial
2918605,6.182305283429493e-05,0.5,0.0,0.1750247292211337,0.0,1.0,0.0,0.0,0.0,1.0,90.0,64,0.5,0.5,0.25,0.25,Entropia potencial
2918704,4.5500413713886006e-05,0.5,0.0,0.17501820016548555,0.0,1.0,0.0,0.0,0.0,1.0,90.0,64,0.5,0.5,0.25,0.25,Entropia potencial
2918753,0.00011822284539088923,0.5,0.0,0.17504728913815634,0.0,1.0,0.0,0.0,0.0,1.0,90.0,64,0.5,0.5,0.25,0.25,Entropia potencial
2918803,0.00031045257884034237,0.5,0.0,0.17512418103153612,0.0,1.0,0.0,0.0,0.0,1.0,90.0,64,0.5,0.5,0.25,0.25,Entropia potencial
2918902,0.00010901704607349798,0.5,0.0,0.1750436068184294,0.0,1.0,0.0,0.0,0.0,1.0,90.0,64,0.5,0.5,0.25,0.25,Entropia potencial
2919009,5.6653512335668005e-05,0.5,0.0,0.17502266140493425,0.0,1.0,0.0,0.0,0.0,1.0,90.0,64,0.5,0.5,0.25,0.25,Entropia potencial
2919058,6.700633648762168e-05,0.5,0.0,0.17502680253459504,0.0,1.0,0.0,0.0,0.0,1.0,90.0,64,0.5,0.5,0.25,0.25,Entropia potencial
2919108,5.7430529159081256e-05,0.5,0.0,0.17502297221166363,0.0,1.0,0.0,0.0,0.0,1.0,90.0,64,0.5,0.5,0.25,0.25,Entropia potencial
2919157,0.0003317650402825343,0.5,0.0,0.175132706016113,0.0,1.0,0.0,0.0,0.0,1.0,90.0,64,0.5,0.5,0.25,0.25,Entropia potencial
2919207,0.008439535983947742,0.5,0.0,0.17837581439357908,0.0,1.0,0.0,0.0,0.0,1.0,90.0,64,0.5,0.5,0.25,0.25,Entropia potencial
2919306,0.0001727704835602454,0.5,0.0,0.17506910819342408,0.0,1.0,0.0,0.0,0.0,1.0,90.0,64,0.5,0.5,0.25,0.25,Entropia potencial
2919405,0.00014227653761282344,0.5,0.0,0.1750569106150451,0.0,1.0,0.0,0.0,0.0,1.0,90.0,64,0.5,0.5,0.25,0.25,Entropia potencial
2919504,0.0006370163636518655,0.5,0.0,0.17525480654546075,0.0,1.0,0.0,0.0,0.0,1.0,90.0,64,0.5,0.5,0.25,0.25,Entropia potencial
2919553,0.012599171331115397,0.5,0.0,0.18003966853244616,0.0,1.0,0.0,0.0,0.0,1.0,90.0,64,0.5,0.5,0.25,0.25,Entropia potencial
2919603,8.375712773521748e-05,0.5,0.0,0.17503350285109406,0.0,1.0,0.0,0.0,0.0,1.0,90.0,64,0.5,0.5,0.25,0.25,Entropia potencial
2919702,0.00024391033811527635,0.5,0.0,0.1750975641352461,0.0,1.0,0.0,0.0,0.0,1.0,90.0,64,0.5,0.5,0.25,0.25,Entropia potencial
2919801,0.00047050747280601016,0.5,0.0,0.17518820298912238,0.0,1.0,0.0,0.0,0.0,1.0,90.0,64,0.5,0.5,0.25,0.25,Entropia potencial
2919900,5.68882031313112e-05,0.5,0.0,0.17502275528125252,0.0,1.0,0.0,0.0,0.0,1.0,90.0,64,0.5,0.5,0.25,0.25,Entropia potencial
2919926,0.000590955652092525,0.5,0.0,0.175236382260837,0.0,1.0,0.0,0.0,0.0,1.0,90.0,64,0.5,0.5,0.25,0.25,Entropia potencial
2919959,5.060652426774449e-05,0.5,0.0,0.17502024260970708,0.0,1.0,0.0,0.0,0.0,1.0,90.0,64,0.5,0.5,0.25,0.25,Entropia potencial
2920007,0.00016620442711096694,0.5,0.0,0.17506648177084438,0.0,1.0,0.0,0.0,0.0,1.0,90.0,64,0.5,0.5,0.25,0.25,Entropia potencial
2920106,0.0001655014118897835,0.5,0.0,0.1750662005647559,0.0,1.0,0.0,0.0,0.0,1.0,90.0,64,0.5,0.5,0.25,0.25,Entropia potencial
2920205,0.00019815303312507819,0.5,0.0,0.17507926121325001,0.0,1.0,0.0,0.0,0.0,1.0,90.0,64,0.5,0.5,0.25,0.25,Entropia potencial
2920304,7.507673979365805e-05,0.5,0.0,0.17503003069591747,0.0,1.0,0.0,0.0,0.0,1.0,90.0,64,0.5,0.5,0.25,0.25,Entropia potencial
2920403,0.00013368600875968595,0.5,0.0,0.17505347440350386,0.0,1.0,0.0,0.0,0.0,1.0,90.0,64,0.5,0.5,0.25,0.25,Entropia potencial
2920452,9.010117937780647e-05,0.5,0.0,0.17503604047175111,0.0,1.0,0.0,0.0,0.0,1.0,90.0,64,0.5,0.5,0.25,0.25,Entropia potencial
2920502,0.000634574310778281,0.5,0.0,0.1752538297243113,0.0,1.0,0.0,0.0,0.0,1.0,90.0,64,0.5,0.5,0.25,0.25,Entropia potencial
2920601,0.00043244844877920693,0.5,0.0,0.17517297937951168,0.0,1.0,0.0,0.0,0.0,1.0,90.0,64,0.5,0.5,0.25,0.25,Entropia potencial
2920700,0.0003970661684216314,0.5,0.0,0.17515882646736863,0.0,1.0,0.0,0.0,0.0,1.0,90.0,64,0.5,0.5,0.25,0.25,Entropia potencial
2920809,8.367572597276467e-05,0.5,0.0,0.1750334702903891,0.0,1.0,0.0,0.0,0.0,1.0,90.0,64,0.5,0.5,0.25,0.25,Entropia potencial
2920908,0.0001681654695700575,0.5,0.0,0.175067266187828,0.0,1.0,0.0,0.0,0.0,1.0,90.0,64,0.5,0.5,0.25,0.25,Entropia potencial
2921005,0.001730353035796536,0.5,0.0,0.17569214121431861,0.0,1.0,0.0,0.0,0.0,1.0,90.0,64,0.5,0.5,0.25,0.25,Entropia potencial
2921054,8.191660217118692e-05,0.5,0.0,0.17503276664086848,0.0,1.0,0.0,0.0,0.0,1.0,90.0,64,0.5,0.5,0.25,0.25,Entropia potencial
2921104,0.000491766018795149,0.5,0.0,0.17519670640751805,0.0,1.0,0.0,0.0,0.0,1.0,90.0,64,0.5,0.5,0.25,0.25,Entropia potencial
2921203,0.0003040863267170844,0.5,0.0,0.17512163453068683,0.0,1.0,0.0,0.0,0.0,1.0,90.0,64,0.5,0.5,0.25,0.25,Entropia potencial
2921302,0.00016250646133096755,0.5,0.0,0.17506500258453236,0.0,1.0,0.0,0.0,0.0,1.0,90.0,64,0.5,0.5,0.25,0.25,Entropia potencial
2921401,0.00013787344228014835,0.5,0.0,0.17505514937691205,0.0,1.0,0.0,0.0,0.0,1.0,90.0,64,0.5,0.5,0.25,0.25,Entropia potencial
2921450,7.56317518103818e-05,0.5,0.0,0.17503025270072414,0.0,1.0,0.0,0.0,0.0,1.0,90.0,64,0.5,0.5,0.25,0.25,Entropia potencial
2921500,0.0005215368633722108,0.5,0.0,0.17520861474534888,0.0,1.0,0.0,0.0,0.0,1.0,90.0,64,0.5,0.5,0.25,0.25,Entropia potencial
2921609,6.982156886959376e-05,0.5,0.0,0.17502792862754782,0.0,1.0,0.0,0.0,0.0,1.0,90.0,64,0.5,0.5,0.25,0.25,Entropia potencial
2921708,0.0007569475888885177,0.5,0.0,0.17530277903555538,0.0,1.0,0.0,0.0,0.0,1.0,90.0,64,0.5,0.5,0.25,0.25,Entropia potencial
2921807,9.85595625126764e-05,0.5,0.0,0.17503942382500506,0.0,1.0,0.0,0.0,0.0,1.0,90.0,64,0.5,0.5,0.25,0.25,Entropia potencial
2921906,0.000570816644628549,0.5,0.0,0.1752283266578514,0.0,1.0,0.0,0.0,0.0,1.0,90.0,64,0.5,0.5,0.25,0.25,Entropia potencial
2922003,0.0031157613459534043,0.5,0.0,0.17624630453838136,0.0,1.0,0.0,0.0,0.0,1.0,90.0,64,0.5,0.5,0.25,0.25,Entropia potencial
2922052,0.0002473313264697869,0.5,0.0,0.1750989325305879,0.0,1.0,0.0,0.0,0.0,1.0,90.0,64,0.5,0.5,0.25,0.25,Entropia potencial
2922102,0.000178720212379524,0.5,0.0,0.1750714880849518,0.0,1.0,0.0,0.0,0.0,1.0,90.0,64,0.5,0.5,0.25,0.25,Entropia potencial
2922201,5.988526802161944e-05,0.5,0.0,0.17502395410720864,0.0,1.0,0.0,0.0,0.0,1.0,90.0,64,0.5,0.5,0.25,0.25,Entropia potencial
2922250,0.00022607912347512494,0.5,0.0,0.17509043164939003,0.0,1.0,0.0,0.0,0.0,1.0,90.0,64,0.5,0.5,0.25,0.25,Entropia potencial
2922300,0.00031709369405759683,0.5,0.0,0.17512683747762303,0.0,1.0,0.0,0.0,0.0,1.0,90.0,64,0.5,0.5,0.25,0.25,Entropia potencial
2922409,0.0005639355527869207,0.5,0.0,0.17522557422111476,0.0,1.0,0.0,0.0,0.0,1.0,90.0,64,0.5,0.5,0.25,0.25,Entropia potencial
2922508,0.0004126096763871348,0.5,0.0,0.17516504387055484,0.0,1.0,0.0,0.0,0.0,1.0,90.0,64,0.5,0.5,0.25,0.25,Entropia potencial
2922607,0.00018936587144315856,0.5,0.0,0.17507574634857725,0.0,1.0,0.0,0.0,0.0,1.0,90.0,64,0.5,0.5,0.25,0.25,Entropia potencial
2922656,0.00015894064126923573,0.5,0.0,0.17506357625650767,0.0,1.0,0.0,0.0,0.0,1.0,90.0,64,0.5,0.5,0.25,0.25,Entropia potencial
2922706,0.00018509280749725877,0.5,0.0,0.1750740371229989,0.0,1.0,0.0,0.0,0.0,1.0,90.0,64,0.5,0.5,0.25,0.25,Entropia potencial
2922730,8.563888276334752e-05,0.5,0.0,0.17503425555310534,0.0,1.0,0.0,0.0,0.0,1.0,90.0,64,0.5,0.5,0.25,0.25,Entropia potencial
2922755,9.054730332267775e-05,0.5,0.0,0.17503621892132906,0.0,1.0,0.0,0.0,0.0,1.0,90.0,64,0.5,0.5,0.25,0.25,Entropia potencial
2922805,6.362340609997216e-05,0.5,0.0,0.17502544936243997,0.0,1.0,0.0,0.0,0.0,1.0,90.0,64,0.5,0.5,0.25,0.25,Entropia potencial
2922854,6.585508299007469e-05,0.5,0.0,0.17502634203319603,0.0,1.0,0.0,0.0,0.0,1.0,90.0,64,0.5,0.5,0.25,0.25,Entropia potencial
2922904,0.00028594430534756776,0.5,0.0,0.175114377722139,0.0,1.0,0.0,0.0,0.0,1.0,90.0,64,0.5,0.5,0.25,0.25,Entropia potencial
2923001,0.0006607529061499576,0.5,0.0,0.17526430116245997,0.0,1.0,0.0,0.0,0.0,1.0,90.0,64,0.5,0.5,0.25,0.25,Entropia potencial
2923035,9.936089414825088e-05,0.5,0.0,0.1750397443576593,0.0,1.0,0.0,0.0,0.0,1.0,90.0,64,0.5,0.5,0.25,0.25,Entropia potencial
2923050,9.900462929180155e-05,0.5,0.0,0.17503960185171671,0.0,1.0,0.0,0.0,0.0,1.0,90.0,64,0.5,0.5,0.25,0.25,Entropia potencial
2923100,0.0002640789462201443,0.5,0.0,0.17510563157848805,0.0,1.0,0.0,0.0,0.0,1.0,90.0,64,0.5,0.5,0.25,0.25,Entropia potencial
2923209,0.00037059262380678167,0.5,0.0,0.1751482370495227,0.0,1.0,0.0,0.0,0.0,1.0,90.0,64,0.5,0.5,0.25,0.25,Entropia potencial
2923308,9.054413182543932e-05,0.5,0.0,0.17503621765273017,0.0,1.0,0.0,0.0,0.0,1.0,90.0,64,0.5,0.5,0.25,0.25,Entropia potencial
2923357,0.00027496986773688345,0.5,0.0,0.17510998794709473,0.0,1.0,0.0,0.0,0.0,1.0,90.0,64,0.5,0.5,0.25,0.25,Entropia potencial
2923407,0.0002523116342998547,0.5,0.0,0.17510092465371993,0.0,1.0,0.0,0.0,0.0,1.0,90.0,64,0.5,0.5,0.25,0.25,Entropia potencial
2923506,0.0001211057363806143,0.5,0.0,0.17504844229455224,0.0,1.0,0.0,0.0,0.0,1.0,90.0,64,0.5,0.5,0.25,0.25,Entropia potencial
2923605,0.00027811705016314364,0.5,0.0,0.17511124682006524,0.0,1.0,0.0,0.0,0.0,1.0,90.0,64,0.5,0.5,0.25,0.25,Entropia potencial
2923704,0.0002821807952913076,0.5,0.0,0.1751128723181165,0.0,1.0,0.0,0.0,0.0,1.0,90.0,64,0.5,0.5,0.25,0.25,Entropia potencial
2923803,0.0005835153195711884,0.5,0.0,0.17523340612782845,0.0,1.0,0.0,0.0,0.0,1.0,90.0,64,0.5,0.5,0.25,0.25,Entropia potencial
2923902,0.00010340138162999977,0.5,0.0,0.175041360552652,0.0,1.0,0.0,0.0,0.0,1.0,90.0,64,0.5,0.5,0.25,0.25,Entropia potencial
2924009,0.004216247630039223,0.5,0.0,0.17668649905201567,0.0,1.0,0.0,0.0,0.0,1.0,90.0,64,0.5,0.5,0.25,0.25,Entropia potencial
2924058,0.00015004564868120978,0.5,0.0,0.17506001825947248,0.0,1.0,0.0,0.0,0.0,1.0,90.0,64,0.5,0.5,0.25,0.25,Entropia potencial
2924108,3.7127661004453456e-05,0.5,0.0,0.17501485106440176,0.0,1.0,0.0,0.0,0.0,1.0,90.0,64,0.5,0.5,0.25,0.25,Entropia potencial
2924207,0.0001572164039372806,0.5,0.0,0.1750628865615749,0.0,1.0,0.0,0.0,0.0,1.0,90.0,64,0.5,0.5,0.25,0.25,Entropia potencial
2924306,0.00020322954303804476,0.5,0.0,0.1750812918172152,0.0,1.0,0.0,0.0,0.0,1.0,90.0,64,0.5,0.5,0.25,0.25,Entropia potencial
2924405,0.0003094599002047164,0.5,0.0,0.17512378396008188,0.0,1.0,0.0,0.0,0.0,1.0,90.0,64,0.5,0.5,0.25,0.25,Entropia potencial
2924504,0.00023908226215265277,0.5,0.0,0.17509563290486105,0.0,1.0,0.0,0.0,0.0,1.0,90.0,64,0.5,0.5,0.25,0.25,Entropia potencial
2924603,0.00017652659345628253,0.5,0.0,0.1750706106373825,0.0,1.0,0.0,0.0,0.0,1.0,90.0,64,0.5,0.5,0.25,0.25,Entropia potencial
2924652,0.00010635193122747783,0.5,0.0,0.17504254077249098,0.0,1.0,0.0,0.0,0.0,1.0,90.0,64,0.5,0.5,0.25,0.25,Entropia potencial
2924678,0.00012460389783459312,0.5,0.0,0.17504984155913383,0.0,1.0,0.0,0.0,0.0,1.0,90.0,64,0.5,0.5,0.25,0.25,Entropia potencial
2924702,6.640692350956002e-05,0.5,0.0,0.17502656276940382,0.0,1.0,0.0,0.0,0.0,1.0,90.0,64,0.5,0.5,0.25,0.25,Entropia potencial
2924801,0.0001868434739728674,0.5,0.0,0.17507473738958915,0.0,1.0,0.0,0.0,0.0,1.0,90.0,64,0.5,0.5,0.25,0.25,Entropia potencial
2924900,6.249012442010957e-05,0.5,0.0,0.17502499604976804,0.0,1.0,0.0,0.0,0.0,1.0,90.0,64,0.5,0.5,0.25,0.25,Entropia potencial
2925006,0.0003075231725577871,0.5,0.0,0.1751230092690231,0.0,1.0,0.0,0.0,0.0,1.0,90.0,64,0.5,0.5,0.25,0.25,Entropia potencial
2925105,0.0006362097461875603,0.5,0.0,0.175254483898475,0.0,1.0,0.0,0.0,0.0,1.0,90.0,64,0.5,0.5,0.25,0.25,Entropia potencial
2925204,0.002947094779819676,0.5,0.0,0.17617883791192787,0.0,1.0,0.0,0.0,0.0,1.0,90.0,64,0.5,0.5,0.25,0.25,Entropia potencial
2925253,0.00016435227272372881,0.5,0.0,0.17506574090908947,0.0,1.0,0.0,0.0,0.0,1.0,90.0,64,0.5,0.5,0.25,0.25,Entropia potencial
2925303,0.004672158815388272,0.5,0.0,0.1768688635261553,0.0,1.0,0.0,0.0,0.0,1.0,90.0,64,0.5,0.5,0.25,0.25,Entropia potencial
2925402,0.0001154329849868245,0.5,0.0,0.1750461731939947,0.0,1.0,0.0,0.0,0.0,1.0,90.0,64,0.5,0.5,0.25,0.25,Entropia potencial
2925501,0.000738623735010665,0.5,0.0,0.17529544949400425,0.0,1.0,0.0,0.0,0.0,1.0,90.0,64,0.5,0.5,0.25,0.25,Entropia potencial
2925600,0.00013163299288068114,0.5,0.0,0.17505265319715227,0.0,1.0,0.0,0.0,0.0,1.0,90.0,64,0.5,0.5,0.25,0.25,Entropia potencial
2925709,9.535317880463235e-05,0.5,0.0,0.17503814127152184,0.0,1.0,0.0,0.0,0.0,1.0,90.0,64,0.5,0.5,0.25,0.25,Entropia potencial
2925758,0.00036427288697635387,0.5,0.0,0.17514570915479052,0.0,1.0,0.0,0.0,0.0,1.0,90.0,64,0.5,0.5,0.25,0.25,Entropia potencial
2925808,0.00027645307127871857,0.5,0.0,0.17511058122851147,0.0,1.0,0.0,0.0,0.0,1.0,90.0,64,0.5,0.5,0.25,0.25,Entropia potencial
2925907,0.0002644500113970396,0.5,0.0,0.17510578000455881,0.0,1.0,0.0,0.0,0.0,1.0,90.0,64,0.5,0.5,0.25,0.25,Entropia potencial
2925931,7.867427482777409e-05,0.5,0.0,0.1750314697099311,0.0,1.0,0.0,0.0,0.0,1.0,90.0,64,0.5,0.5,0.25,0.25,Entropia potencial
2925956,0.0004256847023354002,0.5,0.0,0.17517027388093415,0.0,1.0,0.0,0.0,0.0,1.0,90.0,64,0.5,0.5,0.25,0.25,Entropia potencial
2926004,0.0005309466956786072,0.5,0.0,0.17521237867827144,0.0,1.0,0.0,0.0,0.0,1.0,90.0,64,0.5,0.5,0.25,0.25,Entropia potencial
2926103,0.0001620825378667652,0.5,0.0,0.1750648330151467,0.0,1.0,0.0,0.0,0.0,1.0,90.0,64,0.5,0.5,0.25,0.25,Entropia potencial
2926202,0.0022067034636814643,0.5,0.0,0.17588268138547258,0.0,1.0,0.0,0.0,0.0,1.0,90.0,64,0.5,0.5,0.25,0.25,Entropia potencial
2926301,0.0005133099995357456,0.5,0.0,0.17520532399981428,0.0,1.0,0.0,0.0,0.0,1.0,90.0,64,0.5,0.5,0.25,0.25,Entropia potencial
2926400,0.0003535310258298205,0.5,0.0,0.1751414124103319,0.0,1.0,0.0,0.0,0.0,1.0,90.0,64,0.5,0.5,0.25,0.25,Entropia potencial
2926509,0.00016017435369498166,0.5,0.0,0.17506406974147798,0.0,1.0,0.0,0.0,0.0,1.0,90.0,64,0.5,0.5,0.25,0.25,Entropia potencial
2926608,0.0008291678668361042,0.5,0.0,0.17533166714673443,0.0,1.0,0.0,0.0,0.0,1.0,90.0,64,0.5,0.5,0.25,0.25,Entropia potencial
2926657,0.0001024488752927272,0.5,0.0,0.17504097955011708,0.0,1.0,0.0,0.0,0.0,1.0,90.0,64,0.5,0.5,0.25,0.25,Entropia potencial
2926707,0.0001590474150095959,0.5,0.0,0.17506361896600384,0.0,1.0,0.0,0.0,0.0,1.0,90.0,64,0.5,0.5,0.25,0.25,Entropia potencial
2926806,0.00011507354863313674,0.5,0.0,0.17504602941945324,0.0,1.0,0.0,0.0,0.0,1.0,90.0,64,0.5,0.5,0.25,0.25,Entropia potencial
2926905,8.942882196326113e-05,0.5,0.0,0.1750357715287853,0.0,1.0,0.0,0.0,0.0,1.0,90.0,64,0.5,0.5,0.25,0.25,Entropia potencial
2927002,0.0011474677870100475,0.5,0.0,0.175458987114804,0.0,1.0,0.0,0.0,0.0,1.0,90.0,64,0.5,0.5,0.25,0.25,Entropia potencial
2927101,0.00013756792137951376,0.5,0.0,0.17505502716855179,0.0,1.0,0.0,0.0,0.0,1.0,90.0,64,0.5,0.5,0.25,0.25,Entropia potencial
2927200,0.000476895925409937,0.5,0.0,0.17519075837016396,0.0,1.0,0.0,0.0,0.0,1.0,90.0,64,0.5,0.5,0.25,0.25,Entropia potencial
2927309,0.00020197045863439144,0.5,0.0,0.17508078818345374,0.0,1.0,0.0,0.0,0.0,1.0,90.0,64,0.5,0.5,0.25,0.25,Entropia potencial
2927408,0.07267295632008385,0.5,0.0,0.20406918252803352,0.0,1.0,0.0,0.0,0.0,1.0,90.0,64,0.5,0.5,0.25,0.25,Entropia potencial
2927507,0.00018868294237115184,0.5,0.0,0.17507547317694844,0.0,1.0,0.0,0.0,0.0,1.0,90.0,64,0.5,0.5,0.25,0.25,Entropia potencial
2927606,0.0001293992016590863,0.5,0.0,0.1750517596806636,0.0,1.0,0.0,0.0,0.0,1.0,90.0,64,0.5,0.5,0.25,0.25,Entropia potencial
2927705,0.0006125376907999829,0.5,0.0,0.17524501507631998,0.0,1.0,0.0,0.0,0.0,1.0,90.0,64,0.5,0.5,0.25,0.25,Entropia potencial
2927804,5.932497017616498e-05,0.5,0.0,0.17502372998807045,0.0,1.0,0.0,0.0,0.0,1.0,90.0,64,0.5,0.5,0.25,0.25,Entropia potencial
2927903,7.412951928511619e-05,0.5,0.0,0.17502965180771404,0.0,1.0,0.0,0.0,0.0,1.0,90.0,64,0.5,0.5,0.25,0.25,Entropia potencial
2928000,0.0006321967450152111,0.5,0.0,0.17525287869800607,0.0,1.0,0.0,0.0,0.0,1.0,90.0,64,0.5,0.5,0.25,0.25,Entropia potencial
2928059,0.00012962649229450652,0.5,0.0,0.1750518505969178,0.0,1.0,0.0,0.0,0.0,1.0,90.0,64,0.5,0.5,0.25,0.25,Entropia potencial
2928109,0.0006632224453329417,0.5,0.0,0.17526528897813318,0.0,1.0,0.0,0.0,0.0,1.0,90.0,64,0.5,0.5,0.25,0.25,Entropia potencial
2928208,0.0004009079087431059,0.5,0.0,0.17516036316349723,0.0,1.0,0.0,0.0,0.0,1.0,90.0,64,0.5,0.5,0.25,0.25,Entropia potencial
2928307,5.531408333530802e-05,0.5,0.0,0.1750221256333341,0.0,1.0,0.0,0.0,0.0,1.0,90.0,64,0.5,0.5,0.25,0.25,Entropia potencial
2928406,0.00032490297742433647,0.5,0.0,0.1751299611909697,0.0,1.0,0.0,0.0,0.0,1.0,90.0,64,0.5,0.5,0.25,0.25,Entropia potencial
2928505,0.00013260769969862266,0.5,0.0,0.17505304307987943,0.0,1.0,0.0,0.0,0.0,1.0,90.0,64,0.5,0.5,0.25,0.25,Entropia potencial
2928604,0.0012712809248665276,0.5,0.0,0.1755085123699466,0.0,1.0,0.0,0.0,0.0,1.0,90.0,64,0.5,0.5,0.25,0.25,Entropia potencial
2928703,0.002872143842749809,0.5,0.0,0.1761488575370999,0.0,1.0,0.0,0.0,0.0,1.0,90.0,64,0.5,0.5,0.25,0.25,Entropia potencial
2928802,0.0011731304854976075,0.5,0.0,0.17546925219419904,0.0,1.0,0.0,0.0,0.0,1.0,90.0,64,0.5,0.5,0.25,0.25,Entropia potencial
2928901,0.010036630105946033,0.5,0.0,0.1790146520423784,0.0,1.0,0.0,0.0,0.0,1.0,90.0,64,0.5,0.5,0.25,0.25,Entropia potencial
2928950,8.119772946381139e-05,0.5,0.0,0.17503247909178551,0.0,1.0,0.0,0.0,0.0,1.0,90.0,64,0.5,0.5,0.25,0.25,Entropia potencial
2929008,0.00017973720582731113,0.5,0.0,0.1750718948823309,0.0,1.0,0.0,0.0,0.0,1.0,90.0,64,0.5,0.5,0.25,0.25,Entropia potencial
2929057,0.0002421966724407826,0.5,0.0,0.1750968786689763,0.0,1.0,0.0,0.0,0.0,1.0,90.0,64,0.5,0.5,0.25,0.25,Entropia potencial
2929107,0.0002480364560224626,0.5,0.0,0.17509921458240899,0.0,1.0,0.0,0.0,0.0,1.0,90.0,64,0.5,0.5,0.25,0.25,Entropia potencial
2929206,0.02678939508198989,0.5,0.0,0.18571575803279594,0.0,1.0,0.0,0.0,0.0,1.0,90.0,64,0.5,0.5,0.25,0.25,Entropia potencial
2929255,0.00016726265002285355,0.5,0.0,0.17506690506000913,0.0,1.0,0.0,0.0,0.0,1.0,90.0,64,0.5,0.5,0.25,0.25,Entropia potencial
2929305,0.0014175260626903623,0.5,0.0,0.17556701042507614,0.0,1.0,0.0,0.0,0.0,1.0,90.0,64,0.5,0.5,0.25,0.25,Entropia potencial
2929354,4.684618570872283e-05,0.5,0.0,0.17501873847428348,0.0,1.0,0.0,0.0,0.0,1.0,90.0,64,0.5,0.5,0.25,0.25,Entropia potencial
2929370,0.00012168083454651473,0.5,0.0,0.1750486723338186,0.0,1.0,0.0,0.0,0.0,1.0,90.0,64,0.5,0.5,0.25,0.25,Entropia potencial
2929404,0.00015584631713028255,0.5,0.0,0.1750623385268521,0.0,1.0,0.0,0.0,0.0,1.0,90.0,64,0.5,0.5,0.25,0.25,Entropia potencial
2929503,0.0010962185059686495,0.5,0.0,0.17543848740238746,0.0,1.0,0.0,0.0,0.0,1.0,90.0,64,0.5,0.5,0.25,0.25,Entropia potencial
2929602,0.00026247099712026467,0.5,0.0,0.17510498839884808,0.0,1.0,0.0,0.0,0.0,1.0,90.0,64,0.5,0.5,0.25,0.25,Entropia potencial
2929701,0.0003137414214765854,0.5,0.0,0.1751254965685906,0.0,1.0,0.0,0.0,0.0,1.0,90.0,64,0.5,0.5,0.25,0.25,Entropia potencial
2929750,0.000142333624563115,0.5,0.0,0.17505693344982523,0.0,1.0,0.0,0.0,0.0,1.0,90.0,64,0.5,0.5,0.25,0.25,Entropia potencial
2929800,9.378645916885216e-05,0.5,0.0,0.17503751458366754,0.0,1.0,0.0,0.0,0.0,1.0,90.0,64,0.5,0.5,0.25,0.25,Entropia potencial
2929909,0.0007499692377982445,0.5,0.0,0.17529998769511929,0.0,1.0,0.0,0.0,0.0,1.0,90.0,64,0.5,0.5,0.25,0.25,Entropia potencial
2930006,9.583313205338011e-05,0.5,0.0,0.17503833325282134,0.0,1.0,0.0,0.0,0.0,1.0,90.0,64,0.5,0.5,0.25,0.25,Entropia potencial
2930105,0.001196713738962509,0.5,0.0,0.17547868549558499,0.0,1.0,0.0,0.0,0.0,1.0,90.0,64,0.5,0.5,0.25,0.25,Entropia potencial
2930154,0.0004824714175550819,0.5,0.0,0.17519298856702203,0.0,1.0,0.0,0.0,0.0,1.0,90.0,64,0.5,0.5,0.25,0.25,Entropia potencial
2930204,0.0015571057704847813,0.5,0.0,0.1756228423081939,0.0,1.0,0.0,0.0,0.0,1.0,90.0,64,0.5,0.5,0.25,0.25,Entropia potencial
2930303,0.00020599508862994824,0.5,0.0,0.17508239803545197,0.0,1.0,0.0,0.0,0.0,1.0,90.0,64,0.5,0.5,0.25,0.25,Entropia potencial
2930402,0.00015059431770345668,0.5,0.0,0.17506023772708137,0.0,1.0,0.0,0.0,0.0,1.0,90.0,64,0.5,0.5,0.25,0.25,Entropia potencial
2930501,0.0013023531404770883,0.5,0.0,0.17552094125619083,0.0,1.0,0.0,0.0,0.0,1.0,90.0,64,0.5,0.5,0.25,0.25,Entropia potencial
2930600,0.0001179976690869613,0.5,0.0,0.17504719906763477,0.0,1.0,0.0,0.0,0.0,1.0,90.0,64,0.5,0.5,0.25,0.25,Entropia potencial
2930709,0.007825577462384947,0.5,0.0,0.17813023098495398,0.0,1.0,0.0,0.0,0.0,1.0,90.0,64,0.5,0.5,0.25,0.25,Entropia potencial
2930758,0.0001179479822968927,0.5,0.0,0.17504717919291873,0.0,1.0,0.0,0.0,0.0,1.0,90.0,64,0.5,0.5,0.25,0.25,Entropia potencial
2930766,0.00013645155435158942,0.5,0.0,0.17505458062174062,0.0,1.0,0.0,0.0,0.0,1.0,90.0,64,0.5,0.5,0.25,0.25,Entropia potencial
2930774,0.0009847498925298517,0.5,0.0,0.17539389995701193,0.0,1.0,0.0,0.0,0.0,1.0,90.0,64,0.5,0.5,0.25,0.25,Entropia potencial
2930808,0.00014444584172390368,0.5,0.0,0.17505777833668956,0.0,1.0,0.0,0.0,0.0,1.0,90.0,64,0.5,0.5,0.25,0.25,Entropia potencial
2930907,0.00033906371259388816,0.5,0.0,0.17513562548503755,0.0,1.0,0.0,0.0,0.0,1.0,90.0,64,0.5,0.5,0.25,0.25,Entropia potencial
2931004,0.00027259441630530585,0.5,0.0,0.17510903776652212,0.0,1.0,0.0,0.0,0.0,1.0,90.0,64,0.5,0.5,0.25,0.25,Entropia potencial
2931053,0.00020645072706653478,0.5,0.0,0.1750825802908266,0.0,1.0,0.0,0.0,0.0,1.0,90.0,64,0.5,0.5,0.25,0.25,Entropia potencial
2931103,5.39915689868863e-05,0.5,0.0,0.17502159662759476,0.0,1.0,0.0,0.0,0.0,1.0,90.0,64,0.5,0.5,0.25,0.25,Entropia potencial
2931202,0.00021776451488173014,0.5,0.0,0.1750871058059527,0.0,1.0,0.0,0.0,0.0,1.0,90.0,64,0.5,0.5,0.25,0.25,Entropia potencial
2931301,0.00015040297070340524,0.5,0.0,0.17506016118828135,0.0,1.0,0.0,0.0,0.0,1.0,90.0,64,0.5,0.5,0.25,0.25,Entropia potencial
2931350,0.0034961020951053473,0.5,0.0,0.17639844083804213,0.0,1.0,0.0,0.0,0.0,1.0,90.0,64,0.5,0.5,0.25,0.25,Entropia potencial
2931400,9.890419854591819e-05,0.5,0.0,0.17503956167941837,0.0,1.0,0.0,0.0,0.0,1.0,90.0,64,0.5,0.5,0.25,0.25,Entropia potencial
2931509,0.00019759379244536988,0.5,0.0,0.17507903751697815,0.0,1.0,0.0,0.0,0.0,1.0,90.0,64,0.5,0.5,0.25,0.25,Entropia potencial
2931608,0.0002242650270547479,0.5,0.0,0.17508970601082188,0.0,1.0,0.0,0.0,0.0,1.0,90.0,64,0.5,0.5,0.25,0.25,Entropia potencial
2931707,0.000162366915452477,0.5,0.0,0.17506494676618098,0.0,1.0,0.0,0.0,0.0,1.0,90.0,64,0.5,0.5,0.25,0.25,Entropia potencial
2931806,0.00013677927573289297,0.5,0.0,0.17505471171029316,0.0,1.0,0.0,0.0,0.0,1.0,90.0,64,0.5,0.5,0.25,0.25,Entropia potencial
2931905,0.0006474389607430645,0.5,0.0,0.1752589755842972,0.0,1.0,0.0,0.0,0.0,1.0,90.0,64,0.5,0.5,0.25,0.25,Entropia potencial
2932002,0.000270676717641807,0.5,0.0,0.1751082706870567,0.0,1.0,0.0,0.0,0.0,1.0,90.0,64,0.5,0.5,0.25,0.25,Entropia potencial
2932101,0.0002460933853810564,0.5,0.0,0.17509843735415243,0.0,1.0,0.0,0.0,0.0,1.0,90.0,64,0.5,0.5,0.25,0.25,Entropia potencial
2932200,0.0002837728869049952,0.5,0.0,0.17511350915476198,0.0,1.0,0.0,0.0,0.0,1.0,90.0,64,0.5,0.5,0.25,0.25,Entropia potencial
2932309,0.00022433374282824706,0.5,0.0,0.17508973349713128,0.0,1.0,0.0,0.0,0.0,1.0,90.0,64,0.5,0.5,0.25,0.25,Entropia potencial
2932408,0.00030324693711464886,0.5,0.0,0.17512129877484583,0.0,1.0,0.0,0.0,0.0,1.0,90.0,64,0.5,0.5,0.25,0.25,Entropia potencial
2932457,0.0002536679779521529,0.5,0.0,0.17510146719118086,0.0,1.0,0.0,0.0,0.0,1.0,90.0,64,0.5,0.5,0.25,0.25,Entropia potencial
2932507,0.00037988405354961026,0.5,0.0,0.17515195362141983,0.0,1.0,0.0,0.0,0.0,1.0,90.0,64,0.5,0.5,0.25,0.25,Entropia potencial
2932606,0.0001929422631623518,0.5,0.0,0.17507717690526492,0.0,1.0,0.0,0.0,0.0,1.0,90.0,64,0.5,0.5,0.25,0.25,Entropia potencial
2932705,0.0003137139351671857,0.5,0.0,0.17512548557406687,0.0,1.0,0.0,0.0,0.0,1.0,90.0,64,0.5,0.5,0.25,0.25,Entropia potencial
2932804,0.00018452299516008905,0.5,0.0,0.17507380919806403,0.0,1.0,0.0,0.0,0.0,1.0,90.0,64,0.5,0.5,0.25,0.25,Entropia potencial
2932903,0.002103054705266868,0.5,0.0,0.17584122188210674,0.0,1.0,0.0,0.0,0.0,1.0,90.0,64,0.5,0.5,0.25,0.25,Entropia potencial
2933000,0.0003075337442152485,0.5,0.0,0.17512301349768608,0.0,1.0,0.0,0.0,0.0,1.0,90.0,64,0.5,0.5,0.25,0.25,Entropia potencial
2933059,0.00011464856800318828,0.5,0.0,0.17504585942720127,0.0,1.0,0.0,0.0,0.0,1.0,90.0,64,0.5,0.5,0.25,0.25,Entropia potencial
2933109,0.00011814144362843641,0.5,0.0,0.17504725657745138,0.0,1.0,0.0,0.0,0.0,1.0,90.0,64,0.5,0.5,0.25,0.25,Entropia potencial
2933158,0.0002390716904951914,0.5,0.0,0.17509562867619807,0.0,1.0,0.0,0.0,0.0,1.0,90.0,64,0.5,0.5,0.25,0.25,Entropia potencial
2933174,0.00013587222752270444,0.5,0.0,0.17505434889100907,0.0,1.0,0.0,0.0,0.0,1.0,90.0,64,0.5,0.5,0.25,0.25,Entropia potencial
2933208,0.000674158824976765,0.5,0.0,0.17526966352999068,0.0,1.0,0.0,0.0,0.0,1.0,90.0,64,0.5,0.5,0.25,0.25,Entropia potencial
2933257,8.433116873537176e-05,0.5,0.0,0.17503373246749412,0.0,1.0,0.0,0.0,0.0,1.0,90.0,64,0.5,0.5,0.25,0.25,Entropia potencial
2933307,0.009835134314731658,0.5,0.0,0.17893405372589266,0.0,1.0,0.0,0.0,0.0,1.0,90.0,64,0.5,0.5,0.25,0.25,Entropia potencial
2933406,8.160050961309092e-05,0.5,0.0,0.17503264020384524,0.0,1.0,0.0,0.0,0.0,1.0,90.0,64,0.5,0.5,0.25,0.25,Entropia potencial
2933455,0.00018326073925919735,0.5,0.0,0.17507330429570367,0.0,1.0,0.0,0.0,0.0,1.0,90.0,64,0.5,0.5,0.25,0.25,Entropia potencial
2933505,0.00035286818290699044,0.5,0.0,0.1751411472731628,0.0,1.0,0.0,0.0,0.0,1.0,90.0,64,0.5,0.5,0.25,0.25,Entropia potencial
2933604,0.0005703166052306246,0.5,0.0,0.17522812664209225,0.0,1.0,0.0,0.0,0.0,1.0,90.0,64,0.5,0.5,0.25,0.25,Entropia potencial
3100104,0.0001675258842936425,0.5,0.0,0.17506701035371744,0.0,1.0,0.0,0.0,0.0,1.0,90.0,64,0.5,0.5,0.25,0.25,Entropia potencial
3100203,0.0005794832894154086,0.5,0.0,0.17523179331576616,0.0,1.0,0.0,0.0,0.0,1.0,90.0,64,0.5,0.5,0.25,0.25,Entropia potencial
3100302,0.0002970286881958506,0.5,0.0,0.17511881147527833,0.0,1.0,0.0,0.0,0.0,1.0,90.0,64,0.5,0.5,0.25,0.25,Entropia potencial
3100401,5.768953476688568e-05,0.5,0.0,0.17502307581390675,0.0,1.0,0.0,0.0,0.0,1.0,90.0,64,0.5,0.5,0.25,0.25,Entropia potencial
3100500,0.0001452873456578315,0.5,0.0,0.17505811493826312,0.0,1.0,0.0,0.0,0.0,1.0,90.0,64,0.5,0.5,0.25,0.25,Entropia potencial
3100609,0.0002139291175547325,0.5,0.0,0.17508557164702188,0.0,1.0,0.0,0.0,0.0,1.0,90.0,64,0.5,0.5,0.25,0.25,Entropia potencial
3100708,0.0002295878565865652,0.5,0.0,0.17509183514263463,0.0,1.0,0.0,0.0,0.0,1.0,90.0,64,0.5,0.5,0.25,0.25,Entropia potencial
3100807,9.501805726310581e-05,0.5,0.0,0.17503800722290522,0.0,1.0,0.0,0.0,0.0,1.0,90.0,64,0.5,0.5,0.25,0.25,Entropia potencial
3100906,0.0003061795148944425,0.5,0.0,0.17512247180595777,0.0,1.0,0.0,0.0,0.0,1.0,90.0,64,0.5,0.5,0.25,0.25,Entropia potencial
3101003,0.0002852074608225078,0.5,0.0,0.17511408298432898,0.0,1.0,0.0,0.0,0.0,1.0,90.0,64,0.5,0.5,0.25,0.25,Entropia potencial
3101102,0.000742703337625021,0.5,0.0,0.17529708133505,0.0,1.0,0.0,0.0,0.0,1.0,90.0,64,0.5,0.5,0.25,0.25,Entropia potencial
3101201,0.00011931595477239848,0.5,0.0,0.17504772638190894,0.0,1.0,0.0,0.0,0.0,1.0,90.0,64,0.5,0.5,0.25,0.25,Entropia potencial
3101300,3.2019436119102684e-05,0.5,0.0,0.17501280777444764,0.0,1.0,0.0,0.0,0.0,1.0,90.0,64,0.5,0.5,0.25,0.25,Entropia potencial
3101409,0.00016486922677359152,0.5,0.0,0.17506594769070943,0.0,1.0,0.0,0.0,0.0,1.0,90.0,64,0.5,0.5,0.25,0.25,Entropia potencial
3101508,0.0009456136166077313,0.5,0.0,0.17537824544664307,0.0,1.0,0.0,0.0,0.0,1.0,90.0,64,0.5,0.5,0.25,0.25,Entropia potencial
3101607,0.004092069770000324,0.5,0.0,0.17663682790800012,0.0,1.0,0.0,0.0,0.0,1.0,90.0,64,0.5,0.5,0.25,0.25,Entropia potencial
3101631,0.00014101533887767785,0.5,0.0,0.17505640613555107,0.0,1.0,0.0,0.0,0.0,1.0,90.0,64,0.5,0.5,0.25,0.25,Entropia potencial
3101706,0.0007594467287123938,0.5,0.0,0.17530377869148495,0.0,1.0,0.0,0.0,0.0,1.0,90.0,64,0.5,0.5,0.25,0.25,Entropia potencial
3101805,8.386178714408539e-05,0.5,0.0,0.17503354471485763,0.0,1.0,0.0,0.0,0.0,1.0,90.0,64,0.5,0.5,0.25,0.25,Entropia potencial
3101904,0.0006395355896249182,0.5,0.0,0.17525581423584996,0.0,1.0,0.0,0.0,0.0,1.0,90.0,64,0.5,0.5,0.25,0.25,Entropia potencial
3102001,0.0003233542296062407,0.5,0.0,0.1751293416918425,0.0,1.0,0.0,0.0,0.0,1.0,90.0,64,0.5,0.5,0.25,0.25,Entropia potencial
3102050,0.00012547394524366673,0.5,0.0,0.17505018957809745,0.0,1.0,0.0,0.0,0.0,1.0,90.0,64,0.5,0.5,0.25,0.25,Entropia potencial
3102100,0.00017275356890830717,0.5,0.0,0.17506910142756332,0.0,1.0,0.0,0.0,0.0,1.0,90.0,64,0.5,0.5,0.25,0.25,Entropia potencial
3102209,4.6663296034640524e-05,0.5,0.0,0.17501866531841384,0.0,1.0,0.0,0.0,0.0,1.0,90.0,64,0.5,0.5,0.25,0.25,Entropia potencial
3102308,0.0003604554614670406,0.5,0.0,0.1751441821845868,0.0,1.0,0.0,0.0,0.0,1.0,90.0,64,0.5,0.5,0.25,0.25,Entropia potencial
3102407,6.0060757535478754e-05,0.5,0.0,0.17502402430301417,0.0,1.0,0.0,0.0,0.0,1.0,90.0,64,0.5,0.5,0.25,0.25,Entropia potencial
3102506,4.980413546642387e-05,0.5,0.0,0.17501992165418656,0.0,1.0,0.0,0.0,0.0,1.0,90.0,64,0.5,0.5,0.25,0.25,Entropia potencial
3102605,0.001394133099059766,0.5,0.0,0.17555765323962388,0.0,1.0,0.0,0.0,0.0,1.0,90.0,64,0.5,0.5,0.25,0.25,Entropia potencial
3102704,0.00012806294415596475,0.5,0.0,0.17505122517766236,0.0,1.0,0.0,0.0,0.0,1.0,90.0,64,0.5,0.5,0.25,0.25,Entropia potencial
3102803,0.0003100413413650937,0.5,0.0,0.17512401653654602,0.0,1.0,0.0,0.0,0.0,1.0,90.0,64,0.5,0.5,0.25,0.25,Entropia potencial
3102852,0.00019200878580850976,0.5,0.0,0.1750768035143234,0.0,1.0,0.0,0.0,0.0,1.0,90.0,64,0.5,0.5,0.25,0.25,Entropia potencial
3102902,0.0001783650046888208,0.5,0.0,0.17507134600187552,0.0,1.0,0.0,0.0,0.0,1.0,90.0,64,0.5,0.5,0.25,0.25,Entropia potencial
3103009,0.0005066593698267759,0.5,0.0,0.1752026637479307,0.0,1.0,0.0,0.0,0.0,1.0,90.0,64,0.5,0.5,0.25,0.25,Entropia potencial
3103108,1.2613044517201997e-05,0.5,0.0,0.17500504521780688,0.0,1.0,0.0,0.0,0.0,1.0,90.0,64,0.5,0.5,0.25,0.25,Entropia potencial
3103207,5.107484869328472e-05,0.5,0.0,0.1750204299394773,0.0,1.0,0.0,0.0,0.0,1.0,90.0,64,0.5,0.5,0.25,0.25,Entropia potencial
3103306,1.4898636860357699e-05,0.5,0.0,0.17500595945474412,0.0,1.0,0.0,0.0,0.0,1.0,90.0,64,0.5,0.5,0.25,0.25,Entropia potencial
3103405,0.0007647325574430962,0.5,0.0,0.17530589302297722,0.0,1.0,0.0,0.0,0.0,1.0,90.0,64,0.5,0.5,0.25,0.25,Entropia potencial
3103504,0.0071323145952096765,0.5,0.0,0.17785292583808385,0.0,1.0,0.0,0.0,0.0,1.0,90.0,64,0.5,0.5,0.25,0.25,Entropia potencial
3103603,6.145727348613033e-05,0.5,0.0,0.17502458290939443,0.0,1.0,0.0,0.0,0.0,1.0,90.0,64,0.5,0.5,0.25,0.25,Entropia potencial
3103702,0.00015151616623409117,0.5,0.0,0.17506060646649363,0.0,1.0,0.0,0.0,0.0,1.0,90.0,64,0.5,0.5,0.25,0.25,Entropia potencial
3103751,0.0014001748012989587,0.5,0.0,0.17556006992051956,0.0,1.0,0.0,0.0,0.0,1.0,90.0,64,0.5,0.5,0.25,0.25,Entropia potencial
3103801,0.00020956619452041074,0.5,0.0,0.17508382647780815,0.0,1.0,0.0,0.0,0.0,1.0,90.0,64,0.5,0.5,0.25,0.25,Entropia potencial
3103900,0.0004156395134155734,0.5,0.0,0.1751662558053662,0.0,1.0,0.0,0.0,0.0,1.0,90.0,64,0.5,0.5,0.25,0.25,Entropia potencial
3104007,0.00910861829901154,0.5,0.0,0.1786434473196046,0.0,1.0,0.0,0.0,0.0,1.0,90.0,64,0.5,0.5,0.25,0.25,Entropia potencial
3104106,0.00040366499700904024,0.5,0.0,0.1751614659988036,0.0,1.0,0.0,0.0,0.0,1.0,90.0,64,0.5,0.5,0.25,0.25,Entropia potencial
3104205,0.0028694766135722964,0.5,0.0,0.1761477906454289,0.0,1.0,0.0,0.0,0.0,1.0,90.0,64,0.5,0.5,0.25,0.25,Entropia potencial
3104304,0.0003337895126863933,0.5,0.0,0.17513351580507455,0.0,1.0,0.0,0.0,0.0,1.0,90.0,64,0.5,0.5,0.25,0.25,Entropia potencial
3104403,2.50252275426373e-05,0.5,0.0,0.17501001009101705,0.0,1.0,0.0,0.0,0.0,1.0,90.0,64,0.5,0.5,0.25,0.25,Entropia potencial
3104452,6.254932570189343e-05,0.5,0.0,0.17502501973028076,0.0,1.0,0.0,0.0,0.0,1.0,90.0,64,0.5,0.5,0.25,0.25,Entropia potencial
3104502,0.00038427763439057006,0.5,0.0,0.1751537110537562,0.0,1.0,0.0,0.0,0.0,1.0,90.0,64,0.5,0.5,0.25,0.25,Entropia potencial
3104601,0.00035077288039814003,0.5,0.0,0.17514030915215925,0.0,1.0,0.0,0.0,0.0,1.0,90.0,64,0.5,0.5,0.25,0.25,Entropia potencial
3104700,0.00019169057891892148,0.5,0.0,0.17507667623156756,0.0,1.0,0.0,0.0,0.0,1.0,90.0,64,0.5,0.5,0.25,0.25,Entropia potencial
3104809,6.942090305180652e-05,0.5,0.0,0.17502776836122072,0.0,1.0,0.0,0.0,0.0,1.0,90.0,64,0.5,0.5,0.25,0.25,Entropia potencial
3104908,0.00040057278720157934,0.5,0.0,0.17516022911488063,0.0,1.0,0.0,0.0,0.0,1.0,90.0,64,0.5,0.5,0.25,0.25,Entropia potencial
3105004,9.72507913189545e-05,0.5,0.0,0.17503890031652758,0.0,1.0,0.0,0.0,0.0,1.0,90.0,64,0.5,0.5,0.25,0.25,Entropia potencial
3105103,0.0008753522667877432,0.5,0.0,0.17535014090671508,0.0,1.0,0.0,0.0,0.0,1.0,90.0,64,0.5,0.5,0.25,0.25,Entropia potencial
3105202,4.1741132320610475e-05,0.5,0.0,0.17501669645292822,0.0,1.0,0.0,0.0,0.0,1.0,90.0,64,0.5,0.5,0.25,0.25,Entropia potencial
3105301,8.16417390771904e-05,0.5,0.0,0.17503265669563087,0.0,1.0,0.0,0.0,0.0,1.0,90.0,64,0.5,0.5,0.25,0.25,Entropia potencial
3105400,0.001803682280611824,0.5,0.0,0.17572147291224471,0.0,1.0,0.0,0.0,0.0,1.0,90.0,64,0.5,0.5,0.25,0.25,Entropia potencial
3105509,4.611039834940906e-05,0.5,0.0,0.17501844415933976,0.0,1.0,0.0,0.0,0.0,1.0,90.0,64,0.5,0.5,0.25,0.25,Entropia potencial
3105608,0.004072493174713295,0.5,0.0,0.17662899726988532,0.0,1.0,0.0,0.0,0.0,1.0,90.0,64,0.5,0.5,0.25,0.25,Entropia potencial
3105707,7.466127365542484e-05,0.5,0.0,0.17502986450946215,0.0,1.0,0.0,0.0,0.0,1.0,90.0,64,0.5,0.5,0.25,0.25,Entropia potencial
3105905,0.0007808469349115155,0.5,0.0,0.1753123387739646,0.0,1.0,0.0,0.0,0.0,1.0,90.0,64,0.5,0.5,0.25,0.25,Entropia potencial
3106002,0.00039583985615610845,0.5,0.0,0.17515833594246244,0.0,1.0,0.0,0.0,0.0,1.0,90.0,64,0.5,0.5,0.25,0.25,Entropia potencial
3106101,4.8852686294897444e-05,0.5,0.0,0.17501954107451795,0.0,1.0,0.0,0.0,0.0,1.0,90.0,64,0.5,0.5,0.25,0.25,Entropia potencial
3106200,0.12195535934747248,0.5,0.0,0.22378214373898897,0.0,1.0,0.0,0.0,0.0,1.0,90.0,64,0.5,0.5,0.25,0.25,Entropia potencial
3106309,0.002670830941209517,0.5,0.0,0.17606833237648378,0.0,1.0,0.0,0.0,0.0,1.0,90.0,64,0.5,0.5,0.25,0.25,Entropia potencial
3106408,0.00022573660177337547,0.5,0.0,0.17509029464070933,0.0,1.0,0.0,0.0,0.0,1.0,90.0,64,0.5,0.5,0.25,0.25,Entropia potencial
3106507,0.00010884684238836935,0.5,0.0,0.17504353873695533,0.0,1.0,0.0,0.0,0.0,1.0,90.0,64,0.5,0.5,0.25,0.25,Entropia potencial
3106606,3.554402671673502e-05,0.5,0.0,0.1750142176106867,0.0,1.0,0.0,0.0,0.0,1.0,90.0,64,0.5,0.5,0.25,0.25,Entropia potencial
3106655,5.1370855102204056e-05,0.5,0.0,0.17502054834204087,0.0,1.0,0.0,0.0,0.0,1.0,90.0,64,0.5,0.5,0.25,0.25,Entropia potencial
3106705,0.05048608771728119,0.5,0.0,0.19519443508691248,0.0,1.0,0.0,0.0,0.0,1.0,90.0,64,0.5,0.5,0.25,0.25,Entropia potencial
3106804,2.51922597305275e-05,0.5,0.0,0.1750100769038922,0.0,1.0,0.0,0.0,0.0,1.0,90.0,64,0.5,0.5,0.25,0.25,Entropia potencial
3106903,0.00032065528545634404,0.5,0.0,0.17512826211418253,0.0,1.0,0.0,0.0,0.0,1.0,90.0,64,0.5,0.5,0.25,0.25,Entropia potencial
3107000,5.4182915986937725e-05,0.5,0.0,0.17502167316639478,0.0,1.0,0.0,0.0,0.0,1.0,90.0,64,0.5,0.5,0.25,0.25,Entropia potencial
3107109,0.0013704050138876429,0.5,0.0,0.17554816200555504,0.0,1.0,0.0,0.0,0.0,1.0,90.0,64,0.5,0.5,0.25,0.25,Entropia potencial
3107208,7.358190742861542e-05,0.5,0.0,0.17502943276297145,0.0,1.0,0.0,0.0,0.0,1.0,90.0,64,0.5,0.5,0.25,0.25,Entropia potencial
3107307,0.0015235671871884748,0.5,0.0,0.17560942687487538,0.0,1.0,0.0,0.0,0.0,1.0,90.0,64,0.5,0.5,0.25,0.25,Entropia potencial
3107406,0.0021356238675739637,0.5,0.0,0.17585424954702958,0.0,1.0,0.0,0.0,0.0,1.0,90.0,64,0.5,0.5,0.25,0.25,Entropia potencial
3107505,0.00012248850917656603,0.5,0.0,0.1750489954036706,0.0,1.0,0.0,0.0,0.0,1.0,90.0,64,0.5,0.5,0.25,0.25,Entropia potencial
3107604,0.00022168977129714972,0.5,0.0,0.17508867590851884,0.0,1.0,0.0,0.0,0.0,1.0,90.0,64,0.5,0.5,0.25,0.25,Entropia potencial
3107703,0.00016855662089612948,0.5,0.0,0.17506742264835845,0.0,1.0,0.0,0.0,0.0,1.0,90.0,64,0.5,0.5,0.25,0.25,Entropia potencial
3107802,0.00019021688986880166,0.5,0.0,0.17507608675594752,0.0,1.0,0.0,0.0,0.0,1.0,90.0,64,0.5,0.5,0.25,0.25,Entropia potencial
3107901,0.00017378959133952483,0.5,0.0,0.1750695158365358,0.0,1.0,0.0,0.0,0.0,1.0,90.0,64,0.5,0.5,0.25,0.25,Entropia potencial
3108008,0.0004647163188486526,0.5,0.0,0.17518588652753944,0.0,1.0,0.0,0.0,0.0,1.0,90.0,64,0.5,0.5,0.25,0.25,Entropia potencial
3108107,0.00016159835595503288,0.5,0.0,0.175064639342382,0.0,1.0,0.0,0.0,0.0,1.0,90.0,64,0.5,0.5,0.25,0.25,Entropia potencial
3108206,0.0004870922890314619,0.5,0.0,0.17519483691561258,0.0,1.0,0.0,0.0,0.0,1.0,90.0,64,0.5,0.5,0.25,0.25,Entropia potencial
3108255,9.170278548320929e-05,0.5,0.0,0.17503668111419327,0.0,1.0,0.0,0.0,0.0,1.0,90.0,64,0.5,0.5,0.25,0.25,Entropia potencial
3108305,0.00040866539098828467,0.5,0.0,0.1751634661563953,0.0,1.0,0.0,0.0,0.0,1.0,90.0,64,0.5,0.5,0.25,0.25,Entropia potencial
3108404,0.0003396483252515038,0.5,0.0,0.1751358593301006,0.0,1.0,0.0,0.0,0.0,1.0,90.0,64,0.5,0.5,0.25,0.25,Entropia potencial
3108503,5.8748814844518426e-05,0.5,0.0,0.1750234995259378,0.0,1.0,0.0,0.0,0.0,1.0,90.0,64,0.5,0.5,0.25,0.25,Entropia potencial
3108552,0.0004267661828937019,0.5,0.0,0.17517070647315747,0.0,1.0,0.0,0.0,0.0,1.0,90.0,64,0.5,0.5,0.25,0.25,Entropia potencial
3108602,0.0004462909770591703,0.5,0.0,0.17517851639082366,0.0,1.0,0.0,0.0,0.0,1.0,90.0,64,0.5,0.5,0.25,0.25,Entropia potencial
3108701,3.47574954016065e-05,0.5,0.0,0.17501390299816064,0.0,1.0,0.0,0.0,0.0,1.0,90.0,64,0.5,0.5,0.25,0.25,Entropia potencial
3108800,0.0001447989350831146,0.5,0.0,0.17505791957403324,0.0,1.0,0.0,0.0,0.0,1.0,90.0,64,0.5,0.5,0.25,0.25,Entropia potencial
3108909,0.00022720500499476455,0.5,0.0,0.1750908820019979,0.0,1.0,0.0,0.0,0.0,1.0,90.0,64,0.5,0.5,0.25,0.25,Entropia potencial
3109006,0.0028366812177955266,0.5,0.0,0.1761346724871182,0.0,1.0,0.0,0.0,0.0,1.0,90.0,64,0.5,0.5,0.25,0.25,Entropia potencial
3109105,0.00023184279112308285,0.5,0.0,0.1750927371164492,0.0,1.0,0.0,0.0,0.0,1.0,90.0,64,0.5,0.5,0.25,0.25,Entropia potencial
3109204,0.00017303054633379595,0.5,0.0,0.1750692122185335,0.0,1.0,0.0,0.0,0.0,1.0,90.0,64,0.5,0.5,0.25,0.25,Entropia potencial
3109253,2.8411329427525243e-05,0.5,0.0,0.175011364531771,0.0,1.0,0.0,0.0,0.0,1.0,90.0,64,0.5,0.5,0.25,0.25,Entropia potencial
3109303,0.0015006700342928183,0.5,0.0,0.17560026801371711,0.0,1.0,0.0,0.0,0.0,1.0,90.0,64,0.5,0.5,0.25,0.25,Entropia potencial
3109402,0.0008197020047451624,0.5,0.0,0.17532788080189807,0.0,1.0,0.0,0.0,0.0,1.0,90.0,64,0.5,0.5,0.25,0.25,Entropia potencial
3109451,0.00040013723491416945,0.5,0.0,0.17516005489396566,0.0,1.0,0.0,0.0,0.0,1.0,90.0,64,0.5,0.5,0.25,0.25,Entropia potencial
3109501,0.000383238440462114,0.5,0.0,0.17515329537618485,0.0,1.0,0.0,0.0,0.0,1.0,90.0,64,0.5,0.5,0.25,0.25,Entropia potencial
3109600,4.0408046314727346e-05,0.5,0.0,0.17501616321852587,0.0,1.0,0.0,0.0,0.0,1.0,90.0,64,0.5,0.5,0.25,0.25,Entropia potencial
3109709,0.0005720831291924253,0.5,0.0,0.17522883325167696,0.0,1.0,0.0,0.0,0.0,1.0,90.0,64,0.5,0.5,0.25,0.25,Entropia potencial
3109808,0.00014500191090637357,0.5,0.0,0.17505800076436254,0.0,1.0,0.0,0.0,0.0,1.0,90.0,64,0.5,0.5,0.25,0.25,Entropia potencial
3109907,0.00036329606582692007,0.5,0.0,0.17514531842633077,0.0,1.0,0.0,0.0,0.0,1.0,90.0,64,0.5,0.5,0.25,0.25,Entropia potencial
3110004,0.0010149774327092463,0.5,0.0,0.17540599097308368,0.0,1.0,0.0,0.0,0.0,1.0,90.0,64,0.5,0.5,0.25,0.25,Entropia potencial
3110103,9.45423326773426e-05,0.5,0.0,0.17503781693307094,0.0,1.0,0.0,0.0,0.0,1.0,90.0,64,0.5,0.5,0.25,0.25,Entropia potencial
3110202,0.00010045400352976013,0.5,0.0,0.17504018160141188,0.0,1.0,0.0,0.0,0.0,1.0,90.0,64,0.5,0.5,0.25,0.25,Entropia potencial
3110301,0.0003482568259223257,0.5,0.0,0.17513930273036893,0.0,1.0,0.0,0.0,0.0,1.0,90.0,64,0.5,0.5,0.25,0.25,Entropia potencial
3110400,7.080261868201212e-05,0.5,0.0,0.1750283210474728,0.0,1.0,0.0,0.0,0.0,1.0,90.0,64,0.5,0.5,0.25,0.25,Entropia potencial
3110509,0.001250537218595759,0.5,0.0,0.1755002148874383,0.0,1.0,0.0,0.0,0.0,1.0,90.0,64,0.5,0.5,0.25,0.25,Entropia potencial
3110608,0.002237665734054427,0.5,0.0,0.17589506629362175,0.0,1.0,0.0,0.0,0.0,1.0,90.0,64,0.5,0.5,0.25,0.25,Entropia potencial
3110707,0.0003765381239630757,0.5,0.0,0.17515061524958522,0.0,1.0,0.0,0.0,0.0,1.0,90.0,64,0.5,0.5,0.25,0.25,Entropia potencial
3110806,3.3625270887490056e-05,0.5,0.0,0.17501345010835498,0.0,1.0,0.0,0.0,0.0,1.0,90.0,64,0.5,0.5,0.25,0.25,Entropia potencial
3110905,0.0005099080401646656,0.5,0.0,0.17520396321606585,0.0,1.0,0.0,0.0,0.0,1.0,90.0,64,0.5,0.5,0.25,0.25,Entropia potencial
3111002,0.0005571083763983455,0.5,0.0,0.17522284335055932,0.0,1.0,0.0,0.0,0.0,1.0,90.0,64,0.5,0.5,0.25,0.25,Entropia potencial
3111101,0.0006012365889737412,0.5,0.0,0.1752404946355895,0.0,1.0,0.0,0.0,0.0,1.0,90.0,64,0.5,0.5,0.25,0.25,Entropia potencial
3111150,2.71617595155872e-05,0.5,0.0,0.17501086470380622,0.0,1.0,0.0,0.0,0.0,1.0,90.0,64,0.5,0.5,0.25,0.25,Entropia potencial
3111200,0.0014650414343163921,0.5,0.0,0.17558601657372655,0.0,1.0,0.0,0.0,0.0,1.0,90.0,64,0.5,0.5,0.25,0.25,Entropia potencial
3111309,0.00025549687469297595,0.5,0.0,0.17510219874987717,0.0,1.0,0.0,0.0,0.0,1.0,90.0,64,0.5,0.5,0.25,0.25,Entropia potencial
3111408,0.0008345805554563435,0.5,0.0,0.17533383222218252,0.0,1.0,0.0,0.0,0.0,1.0,90.0,64,0.5,0.5,0.25,0.25,Entropia potencial
3111507,0.0005945796162702946,0.5,0.0,0.1752378318465081,0.0,1.0,0.0,0.0,0.0,1.0,90.0,64,0.5,0.5,0.25,0.25,Entropia potencial
3111606,0.0009555636606104054,0.5,0.0,0.17538222546424415,0.0,1.0,0.0,0.0,0.0,1.0,90.0,64,0.5,0.5,0.25,0.25,Entropia potencial
3111705,6.908049568154928e-05,0.5,0.0,0.1750276321982726,0.0,1.0,0.0,0.0,0.0,1.0,90.0,64,0.5,0.5,0.25,0.25,Entropia potencial
3111804,0.0008803442034410185,0.5,0.0,0.1753521376813764,0.0,1.0,0.0,0.0,0.0,1.0,90.0,64,0.5,0.5,0.25,0.25,Entropia potencial
3111903,7.006683132269835e-05,0.5,0.0,0.17502802673252907,0.0,1.0,0.0,0.0,0.0,1.0,90.0,64,0.5,0.5,0.25,0.25,Entropia potencial
3112000,0.00044330448382632346,0.5,0.0,0.17517732179353052,0.0,1.0,0.0,0.0,0.0,1.0,90.0,64,0.5,0.5,0.25,0.25,Entropia potencial
3112059,4.154872815481291e-05,0.5,0.0,0.1750166194912619,0.0,1.0,0.0,0.0,0.0,1.0,90.0,64,0.5,0.5,0.25,0.25,Entropia potencial
3112109,0.00014449129985098772,0.5,0.0,0.17505779651994038,0.0,1.0,0.0,0.0,0.0,1.0,90.0,64,0.5,0.5,0.25,0.25,Entropia potencial
3112208,5.154845894755566e-05,0.5,0.0,0.17502061938357902,0.0,1.0,0.0,0.0,0.0,1.0,90.0,64,0.5,0.5,0.25,0.25,Entropia potencial
3112307,0.0010620012222633207,0.5,0.0,0.17542480048890532,0.0,1.0,0.0,0.0,0.0,1.0,90.0,64,0.5,0.5,0.25,0.25,Entropia potencial
3112406,0.00021981858792648106,0.5,0.0,0.17508792743517057,0.0,1.0,0.0,0.0,0.0,1.0,90.0,64,0.5,0.5,0.25,0.25,Entropia potencial
3112505,0.00012558600481275763,0.5,0.0,0.1750502344019251,0.0,1.0,0.0,0.0,0.0,1.0,90.0,64,0.5,0.5,0.25,0.25,Entropia potencial
3112604,0.0008462072643323964,0.5,0.0,0.17533848290573295,0.0,1.0,0.0,0.0,0.0,1.0,90.0,64,0.5,0.5,0.25,0.25,Entropia potencial
3112653,4.529426639338861e-05,0.5,0.0,0.17501811770655734,0.0,1.0,0.0,0.0,0.0,1.0,90.0,64,0.5,0.5,0.25,0.25,Entropia potencial
3112703,0.000637742636519464,0.5,0.0,0.17525509705460776,0.0,1.0,0.0,0.0,0.0,1.0,90.0,64,0.5,0.5,0.25,0.25,Entropia potencial
3112802,0.00040778794341898806,0.5,0.0,0.17516311517736757,0.0,1.0,0.0,0.0,0.0,1.0,90.0,64,0.5,0.5,0.25,0.25,Entropia potencial
3112901,0.00017249033463751819,0.5,0.0,0.175068996133855,0.0,1.0,0.0,0.0,0.0,1.0,90.0,64,0.5,0.5,0.25,0.25,Entropia potencial
3113008,0.00021525903206337722,0.5,0.0,0.17508610361282534,0.0,1.0,0.0,0.0,0.0,1.0,90.0,64,0.5,0.5,0.25,0.25,Entropia potencial
3113107,2.628748344352903e-05,0.5,0.0,0.17501051499337741,0.0,1.0,0.0,0.0,0.0,1.0,90.0,64,0.5,0.5,0.25,0.25,Entropia potencial
3113206,0.0009136385814499666,0.5,0.0,0.17536545543257998,0.0,1.0,0.0,0.0,0.0,1.0,90.0,64,0.5,0.5,0.25,0.25,Entropia potencial
3113305,0.000718237350762092,0.5,0.0,0.17528729494030482,0.0,1.0,0.0,0.0,0.0,1.0,90.0,64,0.5,0.5,0.25,0.25,Entropia potencial
3113404,0.0027769566389673206,0.5,0.0,0.1761107826555869,0.0,1.0,0.0,0.0,0.0,1.0,90.0,64,0.5,0.5,0.25,0.25,Entropia potencial
3113503,0.00016666746570777644,0.5,0.0,0.1750666669862831,0.0,1.0,0.0,0.0,0.0,1.0,90.0,64,0.5,0.5,0.25,0.25,Entropia potencial
3113602,0.0002449960473365626,0.5,0.0,0.17509799841893461,0.0,1.0,0.0,0.0,0.0,1.0,90.0,64,0.5,0.5,0.25,0.25,Entropia potencial
3113701,0.0005104577663526587,0.5,0.0,0.17520418310654104,0.0,1.0,0.0,0.0,0.0,1.0,90.0,64,0.5,0.5,0.25,0.25,Entropia potencial
3113800,1.8219194468984928e-05,0.5,0.0,0.1750072876777876,0.0,1.0,0.0,0.0,0.0,1.0,90.0,64,0.5,0.5,0.25,0.25,Entropia potencial
3113909,0.0003624397615725463,0.5,0.0,0.17514497590462902,0.0,1.0,0.0,0.0,0.0,1.0,90.0,64,0.5,0.5,0.25,0.25,Entropia potencial
3114006,0.0002805073019151673,0.5,0.0,0.17511220292076607,0.0,1.0,0.0,0.0,0.0,1.0,90.0,64,0.5,0.5,0.25,0.25,Entropia potencial
3114105,0.00032235520797613797,0.5,0.0,0.17512894208319044,0.0,1.0,0.0,0.0,0.0,1.0,90.0,64,0.5,0.5,0.25,0.25,Entropia potencial
3114204,0.0006941392575788199,0.5,0.0,0.17527765570303153,0.0,1.0,0.0,0.0,0.0,1.0,90.0,64,0.5,0.5,0.25,0.25,Entropia potencial
3114303,0.001223557291588508,0.5,0.0,0.17548942291663538,0.0,1.0,0.0,0.0,0.0,1.0,90.0,64,0.5,0.5,0.25,0.25,Entropia potencial
3114402,0.0009502154591006808,0.5,0.0,0.17538008618364026,0.0,1.0,0.0,0.0,0.0,1.0,90.0,64,0.5,0.5,0.25,0.25,Entropia potencial
3114501,0.0004896178579989915,0.5,0.0,0.17519584714319958,0.0,1.0,0.0,0.0,0.0,1.0,90.0,64,0.5,0.5,0.25,0.25,Entropia potencial
3114550,0.0004540156871662187,0.5,0.0,0.17518160627486648,0.0,1.0,0.0,0.0,0.0,1.0,90.0,64,0.5,0.5,0.25,0.25,Entropia potencial
3114600,0.00015308817169860207,0.5,0.0,0.17506123526867942,0.0,1.0,0.0,0.0,0.0,1.0,90.0,64,0.5,0.5,0.25,0.25,Entropia potencial
3114709,7.38609991855965e-05,0.5,0.0,0.17502954439967422,0.0,1.0,0.0,0.0,0.0,1.0,90.0,64,0.5,0.5,0.25,0.25,Entropia potencial
3114808,7.505559647873524e-05,0.5,0.0,0.1750300222385915,0.0,1.0,0.0,0.0,0.0,1.0,90.0,64,0.5,0.5,0.25,0.25,Entropia potencial
3114907,5.276314238987106e-05,0.5,0.0,0.17502110525695594,0.0,1.0,0.0,0.0,0.0,1.0,90.0,64,0.5,0.5,0.25,0.25,Entropia potencial
3115003,7.808014767844313e-05,0.5,0.0,0.17503123205907137,0.0,1.0,0.0,0.0,0.0,1.0,90.0,64,0.5,0.5,0.25,0.25,Entropia potencial
3115102,0.0005035375593784231,0.5,0.0,0.17520141502375136,0.0,1.0,0.0,0.0,0.0,1.0,90.0,64,0.5,0.5,0.25,0.25,Entropia potencial
3115201,5.258448137877332e-05,0.5,0.0,0.1750210337925515,0.0,1.0,0.0,0.0,0.0,1.0,90.0,64,0.5,0.5,0.25,0.25,Entropia potencial
3115300,0.0019033116948595945,0.5,0.0,0.17576132467794384,0.0,1.0,0.0,0.0,0.0,1.0,90.0,64,0.5,0.5,0.25,0.25,Entropia potencial
3115359,0.002240002070353397,0.5,0.0,0.17589600082814136,0.0,1.0,0.0,0.0,0.0,1.0,90.0,64,0.5,0.5,0.25,0.25,Entropia potencial
3115409,2.416469462527896e-05,0.5,0.0,0.1750096658778501,0.0,1.0,0.0,0.0,0.0,1.0,90.0,64,0.5,0.5,0.25,0.25,Entropia potencial
3115458,9.028195472039649e-05,0.5,0.0,0.17503611278188816,0.0,1.0,0.0,0.0,0.0,1.0,90.0,64,0.5,0.5,0.25,0.25,Entropia potencial
3115474,4.4913686724778044e-05,0.5,0.0,0.1750179654746899,0.0,1.0,0.0,0.0,0.0,1.0,90.0,64,0.5,0.5,0.25,0.25,Entropia potencial
3115508,0.0004044557569871533,0.5,0.0,0.17516178230279486,0.0,1.0,0.0,0.0,0.0,1.0,90.0,64,0.5,0.5,0.25,0.25,Entropia potencial
3115607,3.927370746911861e-06,0.5,0.0,0.17500157094829874,0.0,1.0,0.0,0.0,0.0,1.0,90.0,64,0.5,0.5,0.25,0.25,Entropia potencial
3115706,7.292857899750061e-05,0.5,0.0,0.175029171431599,0.0,1.0,0.0,0.0,0.0,1.0,90.0,64,0.5,0.5,0.25,0.25,Entropia potencial
3115805,0.0004376983338745405,0.5,0.0,0.1751750793335498,0.0,1.0,0.0,0.0,0.0,1.0,90.0,64,0.5,0.5,0.25,0.25,Entropia potencial
3115904,3.4827268340851774e-05,0.5,0.0,0.17501393090733633,0.0,1.0,0.0,0.0,0.0,1.0,90.0,64,0.5,0.5,0.25,0.25,Entropia potencial
3116001,0.00012548451690112814,0.5,0.0,0.17505019380676043,0.0,1.0,0.0,0.0,0.0,1.0,90.0,64,0.5,0.5,0.25,0.25,Entropia potencial
3116100,9.176092959924701e-05,0.5,0.0,0.17503670437183969,0.0,1.0,0.0,0.0,0.0,1.0,90.0,64,0.5,0.5,0.25,0.25,Entropia potencial
3116159,0.00041004710661849027,0.5,0.0,0.17516401884264737,0.0,1.0,0.0,0.0,0.0,1.0,90.0,64,0.5,0.5,0.25,0.25,Entropia potencial
3116209,2.339719229358097e-05,0.5,0.0,0.17500935887691743,0.0,1.0,0.0,0.0,0.0,1.0,90.0,64,0.5,0.5,0.25,0.25,Entropia potencial
3116308,5.508679269988782e-05,0.5,0.0,0.17502203471707994,0.0,1.0,0.0,0.0,0.0,1.0,90.0,64,0.5,0.5,0.25,0.25,Entropia potencial
3116407,0.00021272183427264006,0.5,0.0,0.17508508873370904,0.0,1.0,0.0,0.0,0.0,1.0,90.0,64,0.5,0.5,0.25,0.25,Entropia potencial
3116506,8.754283827214652e-05,0.5,0.0,0.17503501713530883,0.0,1.0,0.0,0.0,0.0,1.0,90.0,64,0.5,0.5,0.25,0.25,Entropia potencial
3116605,0.0013257556185994,0.5,0.0,0.17553030224743976,0.0,1.0,0.0,0.0,0.0,1.0,90.0,64,0.5,0.5,0.25,0.25,Entropia potencial
3116704,0.00013839356782724947,0.5,0.0,0.17505535742713088,0.0,1.0,0.0,0.0,0.0,1.0,90.0,64,0.5,0.5,0.25,0.25,Entropia potencial
3116803,0.00011450373629596702,0.5,0.0,0.17504580149451837,0.0,1.0,0.0,0.0,0.0,1.0,90.0,64,0.5,0.5,0.25,0.25,Entropia potencial
3116902,0.00015800082092091685,0.5,0.0,0.17506320032836836,0.0,1.0,0.0,0.0,0.0,1.0,90.0,64,0.5,0.5,0.25,0.25,Entropia potencial
3117009,5.936408530877218e-05,0.5,0.0,0.17502374563412348,0.0,1.0,0.0,0.0,0.0,1.0,90.0,64,0.5,0.5,0.25,0.25,Entropia potencial
3117108,0.0003372432731790342,0.5,0.0,0.1751348973092716,0.0,1.0,0.0,0.0,0.0,1.0,90.0,64,0.5,0.5,0.25,0.25,Entropia potencial
3117207,6.0726771955547256e-05,0.5,0.0,0.1750242907087822,0.0,1.0,0.0,0.0,0.0,1.0,90.0,64,0.5,0.5,0.25,0.25,Entropia potencial
3117306,0.0014197334247683035,0.5,0.0,0.1755678933699073,0.0,1.0,0.0,0.0,0.0,1.0,90.0,64,0.5,0.5,0.25,0.25,Entropia potencial
3117405,7.597427351213131e-05,0.5,0.0,0.17503038970940485,0.0,1.0,0.0,0.0,0.0,1.0,90.0,64,0.5,0.5,0.25,0.25,Entropia potencial
3117504,0.0037226188851993743,0.5,0.0,0.17648904755407974,0.0,1.0,0.0,0.0,0.0,1.0,90.0,64,0.5,0.5,0.25,0.25,Entropia potencial
3117603,0.00037308119197319633,0.5,0.0,0.17514923247678926,0.0,1.0,0.0,0.0,0.0,1.0,90.0,64,0.5,0.5,0.25,0.25,Entropia potencial
3117702,0.00036487335712016166,0.5,0.0,0.17514594934284805,0.0,1.0,0.0,0.0,0.0,1.0,90.0,64,0.5,0.5,0.25,0.25,Entropia potencial
3117801,0.00025160544758143287,0.5,0.0,0.17510064217903257,0.0,1.0,0.0,0.0,0.0,1.0,90.0,64,0.5,0.5,0.25,0.25,Entropia potencial
3117836,5.1066391367315605e-05,0.5,0.0,0.17502042655654693,0.0,1.0,0.0,0.0,0.0,1.0,90.0,64,0.5,0.5,0.25,0.25,Entropia potencial
3117876,0.0008032609630611858,0.5,0.0,0.17532130438522447,0.0,1.0,0.0,0.0,0.0,1.0,90.0,64,0.5,0.5,0.25,0.25,Entropia potencial
3117900,0.00023273081034984083,0.5,0.0,0.17509309232413992,0.0,1.0,0.0,0.0,0.0,1.0,90.0,64,0.5,0.5,0.25,0.25,Entropia potencial
3118007,0.008939978162021467,0.5,0.0,0.17857599126480858,0.0,1.0,0.0,0.0,0.0,1.0,90.0,64,0.5,0.5,0.25,0.25,Entropia potencial
3118106,3.61392110318121e-05,0.5,0.0,0.1750144556844127,0.0,1.0,0.0,0.0,0.0,1.0,90.0,64,0.5,0.5,0.25,0.25,Entropia potencial
3118205,0.0005424180011899775,0.5,0.0,0.17521696720047597,0.0,1.0,0.0,0.0,0.0,1.0,90.0,64,0.5,0.5,0.25,0.25,Entropia potencial
3118304,0.003148082074310157,0.5,0.0,0.17625923282972406,0.0,1.0,0.0,0.0,0.0,1.0,90.0,64,0.5,0.5,0.25,0.25,Entropia potencial
3118403,0.0005582057144428393,0.5,0.0,0.17522328228577713,0.0,1.0,0.0,0.0,0.0,1.0,90.0,64,0.5,0.5,0.25,0.25,Entropia potencial
3118502,1.1696481815298204e-05,0.5,0.0,0.17500467859272612,0.0,1.0,0.0,0.0,0.0,1.0,90.0,64,0.5,0.5,0.25,0.25,Entropia potencial
3118601,0.04500888344305225,0.5,0.0,0.1930035533772209,0.0,1.0,0.0,0.0,0.0,1.0,90.0,64,0.5,0.5,0.25,0.25,Entropia potencial
3118700,0.00026766168093381436,0.5,0.0,0.17510706467237352,0.0,1.0,0.0,0.0,0.0,1.0,90.0,64,0.5,0.5,0.25,0.25,Entropia potencial
3118809,0.0002958457197259194,0.5,0.0,0.17511833828789036,0.0,1.0,0.0,0.0,0.0,1.0,90.0,64,0.5,0.5,0.25,0.25,Entropia potencial
3118908,0.00013322191299713028,0.5,0.0,0.17505328876519885,0.0,1.0,0.0,0.0,0.0,1.0,90.0,64,0.5,0.5,0.25,0.25,Entropia potencial
3119005,0.00012091333221481672,0.5,0.0,0.17504836533288592,0.0,1.0,0.0,0.0,0.0,1.0,90.0,64,0.5,0.5,0.25,0.25,Entropia potencial
3119104,0.0005732565831706413,0.5,0.0,0.17522930263326825,0.0,1.0,0.0,0.0,0.0,1.0,90.0,64,0.5,0.5,0.25,0.25,Entropia potencial
3119203,0.00012117973798284412,0.5,0.0,0.17504847189519313,0.0,1.0,0.0,0.0,0.0,1.0,90.0,64,0.5,0.5,0.25,0.25,Entropia potencial
3119302,0.0019617053020134097,0.5,0.0,0.17578468212080536,0.0,1.0,0.0,0.0,0.0,1.0,90.0,64,0.5,0.5,0.25,0.25,Entropia potencial
3119401,0.002266005176211214,0.5,0.0,0.17590640207048447,0.0,1.0,0.0,0.0,0.0,1.0,90.0,64,0.5,0.5,0.25,0.25,Entropia potencial
3119500,9.758802719197331e-05,0.5,0.0,0.17503903521087677,0.0,1.0,0.0,0.0,0.0,1.0,90.0,64,0.5,0.5,0.25,0.25,Entropia potencial
3119609,4.6866271857899495e-05,0.5,0.0,0.17501874650874316,0.0,1.0,0.0,0.0,0.0,1.0,90.0,64,0.5,0.5,0.25,0.25,Entropia potencial
3119708,5.805742844654256e-05,0.5,0.0,0.1750232229713786,0.0,1.0,0.0,0.0,0.0,1.0,90.0,64,0.5,0.5,0.25,0.25,Entropia potencial
3119807,0.00018851908168050007,0.5,0.0,0.17507540763267218,0.0,1.0,0.0,0.0,0.0,1.0,90.0,64,0.5,0.5,0.25,0.25,Entropia potencial
3119906,3.4481575141863846e-05,0.5,0.0,0.17501379263005673,0.0,1.0,0.0,0.0,0.0,1.0,90.0,64,0.5,0.5,0.25,0.25,Entropia potencial
3119955,0.0004644023406220489,0.5,0.0,0.1751857609362488,0.0,1.0,0.0,0.0,0.0,1.0,90.0,64,0.5,0.5,0.25,0.25,Entropia potencial
3120003,2.597667671416373e-05,0.5,0.0,0.17501039067068566,0.0,1.0,0.0,0.0,0.0,1.0,90.0,64,0.5,0.5,0.25,0.25,Entropia potencial
3120102,5.0106484869820046e-05,0.5,0.0,0.1750200425939479,0.0,1.0,0.0,0.0,0.0,1.0,90.0,64,0.5,0.5,0.25,0.25,Entropia potencial
3120151,6.088957548045289e-05,0.5,0.0,0.17502435583019216,0.0,1.0,0.0,0.0,0.0,1.0,90.0,64,0.5,0.5,0.25,0.25,Entropia potencial
3120201,0.0003167173430519708,0.5,0.0,0.17512668693722078,0.0,1.0,0.0,0.0,0.0,1.0,90.0,64,0.5,0.5,0.25,0.25,Entropia potencial
3120300,4.0415446474950325e-05,0.5,0.0,0.17501616617858998,0.0,1.0,0.0,0.0,0.0,1.0,90.0,64,0.5,0.5,0.25,0.25,Entropia potencial
3120409,0.00015254267417359358,0.5,0.0,0.17506101706966942,0.0,1.0,0.0,0.0,0.0,1.0,90.0,64,0.5,0.5,0.25,0.25,Entropia potencial
3120508,0.0002677103105581368,0.5,0.0,0.17510708412422324,0.0,1.0,0.0,0.0,0.0,1.0,90.0,64,0.5,0.5,0.25,0.25,Entropia potencial
3120607,7.438641056142832e-05,0.5,0.0,0.17502975456422457,0.0,1.0,0.0,0.0,0.0,1.0,90.0,64,0.5,0.5,0.25,0.25,Entropia potencial
3120706,0.00018230188992744792,0.5,0.0,0.17507292075597097,0.0,1.0,0.0,0.0,0.0,1.0,90.0,64,0.5,0.5,0.25,0.25,Entropia potencial
3120805,0.00037366791896230425,0.5,0.0,0.17514946716758492,0.0,1.0,0.0,0.0,0.0,1.0,90.0,64,0.5,0.5,0.25,0.25,Entropia potencial
3120839,5.912833734738285e-05,0.5,0.0,0.17502365133493894,0.0,1.0,0.0,0.0,0.0,1.0,90.0,64,0.5,0.5,0.25,0.25,Entropia potencial
3120870,6.68477616257006e-05,0.5,0.0,0.17502673910465028,0.0,1.0,0.0,0.0,0.0,1.0,90.0,64,0.5,0.5,0.25,0.25,Entropia potencial
3120904,0.0024648527672315066,0.5,0.0,0.17598594110689258,0.0,1.0,0.0,0.0,0.0,1.0,90.0,64,0.5,0.5,0.25,0.25,Entropia potencial
3121001,6.192031208293984e-05,0.5,0.0,0.17502476812483317,0.0,1.0,0.0,0.0,0.0,1.0,90.0,64,0.5,0.5,0.25,0.25,Entropia potencial
3121100,0.00011134598221224543,0.5,0.0,0.1750445383928849,0.0,1.0,0.0,0.0,0.0,1.0,90.0,64,0.5,0.5,0.25,0.25,Entropia potencial
3121209,0.0002923739874155941,0.5,0.0,0.17511694959496624,0.0,1.0,0.0,0.0,0.0,1.0,90.0,64,0.5,0.5,0.25,0.25,Entropia potencial
3121258,0.0005366733625254502,0.5,0.0,0.17521466934501018,0.0,1.0,0.0,0.0,0.0,1.0,90.0,64,0.5,0.5,0.25,0.25,Entropia potencial
3121308,8.575622816116913e-05,0.5,0.0,0.17503430249126445,0.0,1.0,0.0,0.0,0.0,1.0,90.0,64,0.5,0.5,0.25,0.25,Entropia potencial
3121407,0.0002929015131229182,0.5,0.0,0.17511716060524915,0.0,1.0,0.0,0.0,0.0,1.0,90.0,64,0.5,0.5,0.25,0.25,Entropia potencial
3121506,3.9357223563063715e-05,0.5,0.0,0.1750157428894252,0.0,1.0,0.0,0.0,0.0,1.0,90.0,64,0.5,0.5,0.25,0.25,Entropia potencial
3121605,0.0010750392474104713,0.5,0.0,0.1754300156989642,0.0,1.0,0.0,0.0,0.0,1.0,90.0,64,0.5,0.5,0.25,0.25,Entropia potencial
3121704,2.9991792218005248e-05,0.5,0.0,0.1750119967168872,0.0,1.0,0.0,0.0,0.0,1.0,90.0,64,0.5,0.5,0.25,0.25,Entropia potencial
3121803,7.874721926425778e-05,0.5,0.0,0.1750314988877057,0.0,1.0,0.0,0.0,0.0,1.0,90.0,64,0.5,0.5,0.25,0.25,Entropia potencial
3121902,6.211271624873742e-05,0.5,0.0,0.1750248450864995,0.0,1.0,0.0,0.0,0.0,1.0,90.0,64,0.5,0.5,0.25,0.25,Entropia potencial
3122009,0.0004668327646724259,0.5,0.0,0.17518673310586896,0.0,1.0,0.0,0.0,0.0,1.0,90.0,64,0.5,0.5,0.25,0.25,Entropia potencial
3122108,4.5224493454143336e-05,0.5,0.0,0.17501808979738165,0.0,1.0,0.0,0.0,0.0,1.0,90.0,64,0.5,0.5,0.25,0.25,Entropia potencial
3122207,6.546921749273342e-05,0.5,0.0,0.17502618768699707,0.0,1.0,0.0,0.0,0.0,1.0,90.0,64,0.5,0.5,0.25,0.25,Entropia potencial
3122306,0.00927177597444213,0.5,0.0,0.17870871038977684,0.0,1.0,0.0,0.0,0.0,1.0,90.0,64,0.5,0.5,0.25,0.25,Entropia potencial
3122355,0.00021198816124481858,0.5,0.0,0.1750847952644979,0.0,1.0,0.0,0.0,0.0,1.0,90.0,64,0.5,0.5,0.25,0.25,Entropia potencial
3122405,0.00013360249266574083,0.5,0.0,0.1750534409970663,0.0,1.0,0.0,0.0,0.0,1.0,90.0,64,0.5,0.5,0.25,0.25,Entropia potencial
3122454,8.71453439515977e-05,0.5,0.0,0.17503485813758063,0.0,1.0,0.0,0.0,0.0,1.0,90.0,64,0.5,0.5,0.25,0.25,Entropia potencial
3122470,5.6239103363180944e-05,0.5,0.0,0.17502249564134525,0.0,1.0,0.0,0.0,0.0,1.0,90.0,64,0.5,0.5,0.25,0.25,Entropia potencial
3122504,5.825828993830925e-05,0.5,0.0,0.17502330331597532,0.0,1.0,0.0,0.0,0.0,1.0,90.0,64,0.5,0.5,0.25,0.25,Entropia potencial
3122603,4.889603009048921e-05,0.5,0.0,0.17501955841203617,0.0,1.0,0.0,0.0,0.0,1.0,90.0,64,0.5,0.5,0.25,0.25,Entropia potencial
3122702,9.98471903914755e-05,0.5,0.0,0.17503993887615657,0.0,1.0,0.0,0.0,0.0,1.0,90.0,64,0.5,0.5,0.25,0.25,Entropia potencial
3122801,2.7409136300184075e-05,0.5,0.0,0.17501096365452007,0.0,1.0,0.0,0.0,0.0,1.0,90.0,64,0.5,0.5,0.25,0.25,Entropia potencial
3122900,9.210450846674267e-05,0.5,0.0,0.1750368418033867,0.0,1.0,0.0,0.0,0.0,1.0,90.0,64,0.5,0.5,0.25,0.25,Entropia potencial
3123007,0.000369624259983317,0.5,0.0,0.1751478497039933,0.0,1.0,0.0,0.0,0.0,1.0,90.0,64,0.5,0.5,0.25,0.25,Entropia potencial
3123106,0.00016599827979046954,0.5,0.0,0.17506639931191617,0.0,1.0,0.0,0.0,0.0,1.0,90.0,64,0.5,0.5,0.25,0.25,Entropia potencial
3123205,0.0003391652005055176,0.5,0.0,0.1751356660802022,0.0,1.0,0.0,0.0,0.0,1.0,90.0,64,0.5,0.5,0.25,0.25,Entropia potencial
3123304,5.051560801357642e-05,0.5,0.0,0.1750202062432054,0.0,1.0,0.0,0.0,0.0,1.0,90.0,64,0.5,0.5,0.25,0.25,Entropia potencial
3123403,0.00010819457112300069,0.5,0.0,0.1750432778284492,0.0,1.0,0.0,0.0,0.0,1.0,90.0,64,0.5,0.5,0.25,0.25,Entropia potencial
3123502,6.687630510084639e-05,0.5,0.0,0.17502675052204034,0.0,1.0,0.0,0.0,0.0,1.0,90.0,64,0.5,0.5,0.25,0.25,Entropia potencial
3123528,0.00018397221180634988,0.5,0.0,0.17507358888472252,0.0,1.0,0.0,0.0,0.0,1.0,90.0,64,0.5,0.5,0.25,0.25,Entropia potencial
3123601,0.0009549166751737676,0.5,0.0,0.1753819666700695,0.0,1.0,0.0,0.0,0.0,1.0,90.0,64,0.5,0.5,0.25,0.25,Entropia potencial
3123700,0.00015493398309136334,0.5,0.0,0.17506197359323653,0.0,1.0,0.0,0.0,0.0,1.0,90.0,64,0.5,0.5,0.25,0.25,Entropia potencial
3123809,8.801327702917903e-05,0.5,0.0,0.17503520531081165,0.0,1.0,0.0,0.0,0.0,1.0,90.0,64,0.5,0.5,0.25,0.25,Entropia potencial
3123858,5.673385693237468e-05,0.5,0.0,0.17502269354277294,0.0,1.0,0.0,0.0,0.0,1.0,90.0,64,0.5,0.5,0.25,0.25,Entropia potencial
3123908,0.00036321677839595953,0.5,0.0,0.17514528671135837,0.0,1.0,0.0,0.0,0.0,1.0,90.0,64,0.5,0.5,0.25,0.25,Entropia potencial
3124005,0.000531170814816789,0.5,0.0,0.1752124683259267,0.0,1.0,0.0,0.0,0.0,1.0,90.0,64,0.5,0.5,0.25,0.25,Entropia potencial
3124104,0.0012539518639557929,0.5,0.0,0.1755015807455823,0.0,1.0,0.0,0.0,0.0,1.0,90.0,64,0.5,0.5,0.25,0.25,Entropia potencial
3124203,0.0008559828759869574,0.5,0.0,0.17534239315039477,0.0,1.0,0.0,0.0,0.0,1.0,90.0,64,0.5,0.5,0.25,0.25,Entropia potencial
3124302,0.00040625716741857665,0.5,0.0,0.1751625028669674,0.0,1.0,0.0,0.0,0.0,1.0,90.0,64,0.5,0.5,0.25,0.25,Entropia potencial
3124401,0.0001058888926306683,0.5,0.0,0.17504235555705225,0.0,1.0,0.0,0.0,0.0,1.0,90.0,64,0.5,0.5,0.25,0.25,Entropia potencial
3124500,0.0006145811921872724,0.5,0.0,0.1752458324768749,0.0,1.0,0.0,0.0,0.0,1.0,90.0,64,0.5,0.5,0.25,0.25,Entropia potencial
3124609,2.890291149948056e-05,0.5,0.0,0.1750115611645998,0.0,1.0,0.0,0.0,0.0,1.0,90.0,64,0.5,0.5,0.25,0.25,Entropia potencial
3124708,0.00012609133003941276,0.5,0.0,0.17505043653201574,0.0,1.0,0.0,0.0,0.0,1.0,90.0,64,0.5,0.5,0.25,0.25,Entropia potencial
3124807,0.00041737855106797444,0.5,0.0,0.17516695142042718,0.0,1.0,0.0,0.0,0.0,1.0,90.0,64,0.5,0.5,0.25,0.25,Entropia potencial
3124906,0.0002341611556043689,0.5,0.0,0.17509366446224173,0.0,1.0,0.0,0.0,0.0,1.0,90.0,64,0.5,0.5,0.25,0.25,Entropia potencial
3125002,4.220734241465843e-05,0.5,0.0,0.17501688293696585,0.0,1.0,0.0,0.0,0.0,1.0,90.0,64,0.5,0.5,0.25,0.25,Entropia potencial
3125101,0.018484562100249624,0.5,0.0,0.18239382484009983,0.0,1.0,0.0,0.0,0.0,1.0,90.0,64,0.5,0.5,0.25,0.25,Entropia potencial
3125200,4.408804027704234e-05,0.5,0.0,0.1750176352161108,0.0,1.0,0.0,0.0,0.0,1.0,90.0,64,0.5,0.5,0.25,0.25,Entropia potencial
3125309,5.617461625266638e-05,0.5,0.0,0.17502246984650105,0.0,1.0,0.0,0.0,0.0,1.0,90.0,64,0.5,0.5,0.25,0.25,Entropia potencial
3125408,6.404627239842835e-05,0.5,0.0,0.17502561850895937,0.0,1.0,0.0,0.0,0.0,1.0,90.0,64,0.5,0.5,0.25,0.25,Entropia potencial
3125507,3.02803984667016e-05,0.5,0.0,0.17501211215938667,0.0,1.0,0.0,0.0,0.0,1.0,90.0,64,0.5,0.5,0.25,0.25,Entropia potencial
3125606,5.9534288993900794e-05,0.5,0.0,0.17502381371559755,0.0,1.0,0.0,0.0,0.0,1.0,90.0,64,0.5,0.5,0.25,0.25,Entropia potencial
3125705,0.00027844371437870107,0.5,0.0,0.17511137748575148,0.0,1.0,0.0,0.0,0.0,1.0,90.0,64,0.5,0.5,0.25,0.25,Entropia potencial
3125804,2.8190381786581885e-05,0.5,0.0,0.1750112761527146,0.0,1.0,0.0,0.0,0.0,1.0,90.0,64,0.5,0.5,0.25,0.25,Entropia potencial
3125903,0.00013814936253989102,0.5,0.0,0.17505525974501596,0.0,1.0,0.0,0.0,0.0,1.0,90.0,64,0.5,0.5,0.25,0.25,Entropia potencial
3125952,0.0002129078954439608,0.5,0.0,0.17508516315817757,0.0,1.0,0.0,0.0,0.0,1.0,90.0,64,0.5,0.5,0.25,0.25,Entropia potencial
3126000,0.00014222685082275482,0.5,0.0,0.1750568907403291,0.0,1.0,0.0,0.0,0.0,1.0,90.0,64,0.5,0.5,0.25,0.25,Entropia potencial
3126109,0.002791670271822104,0.5,0.0,0.17611666810872884,0.0,1.0,0.0,0.0,0.0,1.0,90.0,64,0.5,0.5,0.25,0.25,Entropia potencial
3126208,0.0005143005638398793,0.5,0.0,0.17520572022553593,0.0,1.0,0.0,0.0,0.0,1.0,90.0,64,0.5,0.5,0.25,0.25,Entropia potencial
3126307,8.50923280725929e-05,0.5,0.0,0.17503403693122901,0.0,1.0,0.0,0.0,0.0,1.0,90.0,64,0.5,0.5,0.25,0.25,Entropia potencial
3126406,4.100217346405829e-05,0.5,0.0,0.1750164008693856,0.0,1.0,0.0,0.0,0.0,1.0,90.0,64,0.5,0.5,0.25,0.25,Entropia potencial
3126505,6.125112616563293e-05,0.5,0.0,0.17502450045046625,0.0,1.0,0.0,0.0,0.0,1.0,90.0,64,0.5,0.5,0.25,0.25,Entropia potencial
3126604,6.204611480673056e-05,0.5,0.0,0.1750248184459227,0.0,1.0,0.0,0.0,0.0,1.0,90.0,64,0.5,0.5,0.25,0.25,Entropia potencial
3126703,0.0005056307475557812,0.5,0.0,0.1752022522990223,0.0,1.0,0.0,0.0,0.0,1.0,90.0,64,0.5,0.5,0.25,0.25,Entropia potencial
3126752,7.553554972748302e-05,0.5,0.0,0.17503021421989098,0.0,1.0,0.0,0.0,0.0,1.0,90.0,64,0.5,0.5,0.25,0.25,Entropia potencial
3126802,5.9629433911053445e-05,0.5,0.0,0.17502385177356442,0.0,1.0,0.0,0.0,0.0,1.0,90.0,64,0.5,0.5,0.25,0.25,Entropia potencial
3126901,0.00015558731152247814,0.5,0.0,0.17506223492460898,0.0,1.0,0.0,0.0,0.0,1.0,90.0,64,0.5,0.5,0.25,0.25,Entropia potencial
3126950,2.303352727690865e-05,0.5,0.0,0.17500921341091075,0.0,1.0,0.0,0.0,0.0,1.0,90.0,64,0.5,0.5,0.25,0.25,Entropia potencial
3127008,0.0007693121994553768,0.5,0.0,0.17530772487978213,0.0,1.0,0.0,0.0,0.0,1.0,90.0,64,0.5,0.5,0.25,0.25,Entropia potencial
3127057,3.40153650478159e-05,0.5,0.0,0.1750136061460191,0.0,1.0,0.0,0.0,0.0,1.0,90.0,64,0.5,0.5,0.25,0.25,Entropia potencial
3127073,3.108807309675292e-05,0.5,0.0,0.17501243522923868,0.0,1.0,0.0,0.0,0.0,1.0,90.0,64,0.5,0.5,0.25,0.25,Entropia potencial
3127107,0.0032391230740362823,0.5,0.0,0.1762956492296145,0.0,1.0,0.0,0.0,0.0,1.0,90.0,64,0.5,0.5,0.25,0.25,Entropia potencial
3127206,8.000524650216494e-05,0.5,0.0,0.17503200209860084,0.0,1.0,0.0,0.0,0.0,1.0,90.0,64,0.5,0.5,0.25,0.25,Entropia potencial
3127305,9.440490113034433e-05,0.5,0.0,0.17503776196045212,0.0,1.0,0.0,0.0,0.0,1.0,90.0,64,0.5,0.5,0.25,0.25,Entropia potencial
3127339,4.735573959836253e-05,0.5,0.0,0.17501894229583934,0.0,1.0,0.0,0.0,0.0,1.0,90.0,64,0.5,0.5,0.25,0.25,Entropia potencial
3127354,2.8007492112499583e-05,0.5,0.0,0.175011202996845,0.0,1.0,0.0,0.0,0.0,1.0,90.0,64,0.5,0.5,0.25,0.25,Entropia potencial
3127370,3.201520745611812e-05,0.5,0.0,0.17501280608298245,0.0,1.0,0.0,0.0,0.0,1.0,90.0,64,0.5,0.5,0.25,0.25,Entropia potencial
3127388,5.718949536896122e-05,0.5,0.0,0.17502287579814757,0.0,1.0,0.0,0.0,0.0,1.0,90.0,64,0.5,0.5,0.25,0.25,Entropia potencial
3127404,9.023649659331245e-05,0.5,0.0,0.1750360945986373,0.0,1.0,0.0,0.0,0.0,1.0,90.0,64,0.5,0.5,0.25,0.25,Entropia potencial
3127503,6.012207314875491e-05,0.5,0.0,0.17502404882925948,0.0,1.0,0.0,0.0,0.0,1.0,90.0,64,0.5,0.5,0.25,0.25,Entropia potencial
3127602,0.0001769832890586152,0.5,0.0,0.17507079331562345,0.0,1.0,0.0,0.0,0.0,1.0,90.0,64,0.5,0.5,0.25,0.25,Entropia potencial
3127701,0.00846552006082213,0.5,0.0,0.17838620802432884,0.0,1.0,0.0,0.0,0.0,1.0,90.0,64,0.5,0.5,0.25,0.25,Entropia potencial
3127800,0.0005330028830548504,0.5,0.0,0.17521320115322192,0.0,1.0,0.0,0.0,0.0,1.0,90.0,64,0.5,0.5,0.25,0.25,Entropia potencial
3127909,3.0370257555123542e-05,0.5,0.0,0.17501214810302204,0.0,1.0,0.0,0.0,0.0,1.0,90.0,64,0.5,0.5,0.25,0.25,Entropia potencial
3128006,0.0011277178165406512,0.5,0.0,0.17545108712661625,0.0,1.0,0.0,0.0,0.0,1.0,90.0,64,0.5,0.5,0.25,0.25,Entropia potencial
3128105,0.00046392344453904727,0.5,0.0,0.1751855693778156,0.0,1.0,0.0,0.0,0.0,1.0,90.0,64,0.5,0.5,0.25,0.25,Entropia potencial
3128204,0.00010357264248087454,0.5,0.0,0.17504142905699233,0.0,1.0,0.0,0.0,0.0,1.0,90.0,64,0.5,0.5,0.25,0.25,Entropia potencial
3128253,4.936752601326786e-05,0.5,0.0,0.1750197470104053,0.0,1.0,0.0,0.0,0.0,1.0,90.0,64,0.5,0.5,0.25,0.25,Entropia potencial
3128303,0.0007646120405480362,0.5,0.0,0.1753058448162192,0.0,1.0,0.0,0.0,0.0,1.0,90.0,64,0.5,0.5,0.25,0.25,Entropia potencial
3128402,0.00017954268733002128,0.5,0.0,0.175071817074932,0.0,1.0,0.0,0.0,0.0,1.0,90.0,64,0.5,0.5,0.25,0.25,Entropia potencial
3128501,4.5235065111604744e-05,0.5,0.0,0.17501809402604462,0.0,1.0,0.0,0.0,0.0,1.0,90.0,64,0.5,0.5,0.25,0.25,Entropia potencial
3128600,0.0009489341742163586,0.5,0.0,0.17537957366968654,0.0,1.0,0.0,0.0,0.0,1.0,90.0,64,0.5,0.5,0.25,0.25,Entropia potencial
3128709,0.004113807212072465,0.5,0.0,0.176645522884829,0.0,1.0,0.0,0.0,0.0,1.0,90.0,64,0.5,0.5,0.25,0.25,Entropia potencial
3128808,0.00011646689308654988,0.5,0.0,0.1750465867572346,0.0,1.0,0.0,0.0,0.0,1.0,90.0,64,0.5,0.5,0.25,0.25,Entropia potencial
3128907,0.0003299551725251418,0.5,0.0,0.17513198206901004,0.0,1.0,0.0,0.0,0.0,1.0,90.0,64,0.5,0.5,0.25,0.25,Entropia potencial
3129004,0.00010464143705022255,0.5,0.0,0.17504185657482008,0.0,1.0,0.0,0.0,0.0,1.0,90.0,64,0.5,0.5,0.25,0.25,Entropia potencial
3129103,0.00020736306110545402,0.5,0.0,0.17508294522444218,0.0,1.0,0.0,0.0,0.0,1.0,90.0,64,0.5,0.5,0.25,0.25,Entropia potencial
3129202,0.00013243749601349404,0.5,0.0,0.1750529749984054,0.0,1.0,0.0,0.0,0.0,1.0,90.0,64,0.5,0.5,0.25,0.25,Entropia potencial
3129301,0.0002054612199281473,0.5,0.0,0.17508218448797125,0.0,1.0,0.0,0.0,0.0,1.0,90.0,64,0.5,0.5,0.25,0.25,Entropia potencial
3129400,9.458039064420366e-05,0.5,0.0,0.17503783215625768,0.0,1.0,0.0,0.0,0.0,1.0,90.0,64,0.5,0.5,0.25,0.25,Entropia potencial
3129509,0.0017128897148360417,0.5,0.0,0.17568515588593442,0.0,1.0,0.0,0.0,0.0,1.0,90.0,64,0.5,0.5,0.25,0.25,Entropia potencial
3129608,0.00012020185966766419,0.5,0.0,0.17504808074386705,0.0,1.0,0.0,0.0,0.0,1.0,90.0,64,0.5,0.5,0.25,0.25,Entropia potencial
3129657,3.573220221954802e-05,0.5,0.0,0.1750142928808878,0.0,1.0,0.0,0.0,0.0,1.0,90.0,64,0.5,0.5,0.25,0.25,Entropia potencial
3129707,0.0007479785946982619,0.5,0.0,0.17529919143787928,0.0,1.0,0.0,0.0,0.0,1.0,90.0,64,0.5,0.5,0.25,0.25,Entropia potencial
3129806,0.003226921266994329,0.5,0.0,0.17629076850679773,0.0,1.0,0.0,0.0,0.0,1.0,90.0,64,0.5,0.5,0.25,0.25,Entropia potencial
3129905,6.251126773503237e-05,0.5,0.0,0.175025004507094,0.0,1.0,0.0,0.0,0.0,1.0,90.0,64,0.5,0.5,0.25,0.25,Entropia potencial
3130002,4.408804027704234e-05,0.5,0.0,0.1750176352161108,0.0,1.0,0.0,0.0,0.0,1.0,90.0,64,0.5,0.5,0.25,0.25,Entropia potencial
3130051,9.893485635255627e-05,0.5,0.0,0.17503957394254102,0.0,1.0,0.0,0.0,0.0,1.0,90.0,64,0.5,0.5,0.25,0.25,Entropia potencial
3130101,0.001252809067784215,0.5,0.0,0.17550112362711368,0.0,1.0,0.0,0.0,0.0,1.0,90.0,64,0.5,0.5,0.25,0.25,Entropia potencial
3130200,0.0007842647517687876,0.5,0.0,0.1753137059007075,0.0,1.0,0.0,0.0,0.0,1.0,90.0,64,0.5,0.5,0.25,0.25,Entropia potencial
3130309,0.0005662919752350678,0.5,0.0,0.17522651679009402,0.0,1.0,0.0,0.0,0.0,1.0,90.0,64,0.5,0.5,0.25,0.25,Entropia potencial
3130408,0.0005740632006349465,0.5,0.0,0.17522962528025396,0.0,1.0,0.0,0.0,0.0,1.0,90.0,64,0.5,0.5,0.25,0.25,Entropia potencial
3130507,0.00028722136156890545,0.5,0.0,0.17511488854462756,0.0,1.0,0.0,0.0,0.0,1.0,90.0,64,0.5,0.5,0.25,0.25,Entropia potencial
3130556,0.00012572766502274045,0.5,0.0,0.17505029106600908,0.0,1.0,0.0,0.0,0.0,1.0,90.0,64,0.5,0.5,0.25,0.25,Entropia potencial
3130606,0.0001638501189943121,0.5,0.0,0.17506554004759772,0.0,1.0,0.0,0.0,0.0,1.0,90.0,64,0.5,0.5,0.25,0.25,Entropia potencial
3130655,7.070430226762105e-05,0.5,0.0,0.17502828172090704,0.0,1.0,0.0,0.0,0.0,1.0,90.0,64,0.5,0.5,0.25,0.25,Entropia potencial
3130705,0.0008887613571117889,0.5,0.0,0.1753555045428447,0.0,1.0,0.0,0.0,0.0,1.0,90.0,64,0.5,0.5,0.25,0.25,Entropia potencial
3130804,0.00012078647232527989,0.5,0.0,0.1750483145889301,0.0,1.0,0.0,0.0,0.0,1.0,90.0,64,0.5,0.5,0.25,0.25,Entropia potencial
3130903,0.0005083117198879935,0.5,0.0,0.1752033246879552,0.0,1.0,0.0,0.0,0.0,1.0,90.0,64,0.5,0.5,0.25,0.25,Entropia potencial
3131000,0.00013363420763812505,0.5,0.0,0.17505345368305525,0.0,1.0,0.0,0.0,0.0,1.0,90.0,64,0.5,0.5,0.25,0.25,Entropia potencial
3131109,8.838222787458206e-05,0.5,0.0,0.17503535289114983,0.0,1.0,0.0,0.0,0.0,1.0,90.0,64,0.5,0.5,0.25,0.25,Entropia potencial
3131158,0.0001801674722859903,0.5,0.0,0.1750720669889144,0.0,1.0,0.0,0.0,0.0,1.0,90.0,64,0.5,0.5,0.25,0.25,Entropia potencial
3131208,0.0003979002721953362,0.5,0.0,0.17515916010887814,0.0,1.0,0.0,0.0,0.0,1.0,90.0,64,0.5,0.5,0.25,0.25,Entropia potencial
3131307,0.020018508540733705,0.5,0.0,0.18300740341629346,0.0,1.0,0.0,0.0,0.0,1.0,90.0,64,0.5,0.5,0.25,0.25,Entropia potencial
3131406,0.00020755757960274384,0.5,0.0,0.1750830230318411,0.0,1.0,0.0,0.0,0.0,1.0,90.0,64,0.5,0.5,0.25,0.25,Entropia potencial
3131505,0.00018784460993446242,0.5,0.0,0.17507513784397377,0.0,1.0,0.0,0.0,0.0,1.0,90.0,64,0.5,0.5,0.25,0.25,Entropia potencial
3131604,0.0003417425705946081,0.5,0.0,0.17513669702823784,0.0,1.0,0.0,0.0,0.0,1.0,90.0,64,0.5,0.5,0.25,0.25,Entropia potencial
3131703,0.00775997187051096,0.5,0.0,0.17810398874820438,0.0,1.0,0.0,0.0,0.0,1.0,90.0,64,0.5,0.5,0.25,0.25,Entropia potencial
3131802,0.00014842607075812256,0.5,0.0,0.17505937042830325,0.0,1.0,0.0,0.0,0.0,1.0,90.0,64,0.5,0.5,0.25,0.25,Entropia potencial
3131901,0.00765155529458127,0.5,0.0,0.1780606221178325,0.0,1.0,0.0,0.0,0.0,1.0,90.0,64,0.5,0.5,0.25,0.25,Entropia potencial
3132008,4.3406168370781724e-05,0.5,0.0,0.1750173624673483,0.0,1.0,0.0,0.0,0.0,1.0,90.0,64,0.5,0.5,0.25,0.25,Entropia potencial
3132107,0.00023677764082606655,0.5,0.0,0.17509471105633043,0.0,1.0,0.0,0.0,0.0,1.0,90.0,64,0.5,0.5,0.25,0.25,Entropia potencial
3132206,0.0004505111827177631,0.5,0.0,0.1751802044730871,0.0,1.0,0.0,0.0,0.0,1.0,90.0,64,0.5,0.5,0.25,0.25,Entropia potencial
3132305,0.00011017358539977564,0.5,0.0,0.1750440694341599,0.0,1.0,0.0,0.0,0.0,1.0,90.0,64,0.5,0.5,0.25,0.25,Entropia potencial
3132404,0.004334713623551725,0.5,0.0,0.17673388544942067,0.0,1.0,0.0,0.0,0.0,1.0,90.0,64,0.5,0.5,0.25,0.25,Entropia potencial
3132503,0.0006503694241913659,0.5,0.0,0.17526014776967652,0.0,1.0,0.0,0.0,0.0,1.0,90.0,64,0.5,0.5,0.25,0.25,Entropia potencial
3132602,4.700158907340547e-05,0.5,0.0,0.17501880063562936,0.0,1.0,0.0,0.0,0.0,1.0,90.0,64,0.5,0.5,0.25,0.25,Entropia potencial
3132701,0.00036941811266281955,0.5,0.0,0.17514776724506512,0.0,1.0,0.0,0.0,0.0,1.0,90.0,64,0.5,0.5,0.25,0.25,Entropia potencial
3132800,2.082087937023664e-05,0.5,0.0,0.1750083283517481,0.0,1.0,0.0,0.0,0.0,1.0,90.0,64,0.5,0.5,0.25,0.25,Entropia potencial
3132909,0.00034452503083844983,0.5,0.0,0.17513781001233536,0.0,1.0,0.0,0.0,0.0,1.0,90.0,64,0.5,0.5,0.25,0.25,Entropia potencial
3133006,0.0008288158306426395,0.5,0.0,0.17533152633225704,0.0,1.0,0.0,0.0,0.0,1.0,90.0,64,0.5,0.5,0.25,0.25,Entropia potencial
3133105,0.0005676578333790813,0.5,0.0,0.17522706313335162,0.0,1.0,0.0,0.0,0.0,1.0,90.0,64,0.5,0.5,0.25,0.25,Entropia potencial
3133204,0.00014645762813880902,0.5,0.0,0.17505858305125552,0.0,1.0,0.0,0.0,0.0,1.0,90.0,64,0.5,0.5,0.25,0.25,Entropia potencial
3133303,0.0003532847062109698,0.5,0.0,0.17514131388248438,0.0,1.0,0.0,0.0,0.0,1.0,90.0,64,0.5,0.5,0.25,0.25,Entropia potencial
3133402,0.0005599225516145714,0.5,0.0,0.17522396902064583,0.0,1.0,0.0,0.0,0.0,1.0,90.0,64,0.5,0.5,0.25,0.25,Entropia potencial
3133501,0.0006563688398007131,0.5,0.0,0.17526254753592027,0.0,1.0,0.0,0.0,0.0,1.0,90.0,64,0.5,0.5,0.25,0.25,Entropia potencial
3133600,0.0013262546008315783,0.5,0.0,0.17553050184033261,0.0,1.0,0.0,0.0,0.0,1.0,90.0,64,0.5,0.5,0.25,0.25,Entropia potencial
3133709,0.0032335888113552372,0.5,0.0,0.17629343552454207,0.0,1.0,0.0,0.0,0.0,1.0,90.0,64,0.5,0.5,0.25,0.25,Entropia potencial
3133758,0.0008570442703960824,0.5,0.0,0.17534281770815843,0.0,1.0,0.0,0.0,0.0,1.0,90.0,64,0.5,0.5,0.25,0.25,Entropia potencial
3133808,0.005607140516087068,0.5,0.0,0.17724285620643482,0.0,1.0,0.0,0.0,0.0,1.0,90.0,64,0.5,0.5,0.25,0.25,Entropia potencial
3133907,5.845280843559909e-05,0.5,0.0,0.17502338112337423,0.0,1.0,0.0,0.0,0.0,1.0,90.0,64,0.5,0.5,0.25,0.25,Entropia potencial
3134004,0.00012998698581394042,0.5,0.0,0.17505199479432557,0.0,1.0,0.0,0.0,0.0,1.0,90.0,64,0.5,0.5,0.25,0.25,Entropia potencial
3134103,0.00012705440803414673,0.5,0.0,0.17505082176321365,0.0,1.0,0.0,0.0,0.0,1.0,90.0,64,0.5,0.5,0.25,0.25,Entropia potencial
3134202,0.004615756908500185,0.5,0.0,0.17684630276340008,0.0,1.0,0.0,0.0,0.0,1.0,90.0,64,0.5,0.5,0.25,0.25,Entropia potencial
3134301,8.65787031116664e-05,0.5,0.0,0.17503463148124465,0.0,1.0,0.0,0.0,0.0,1.0,90.0,64,0.5,0.5,0.25,0.25,Entropia potencial
3134400,0.0025188612508703313,0.5,0.0,0.1760075445003481,0.0,1.0,0.0,0.0,0.0,1.0,90.0,64,0.5,0.5,0.25,0.25,Entropia potencial
3134509,0.00016265129303818878,0.5,0.0,0.17506506051721527,0.0,1.0,0.0,0.0,0.0,1.0,90.0,64,0.5,0.5,0.25,0.25,Entropia potencial
3134608,0.00032820133455229475,0.5,0.0,0.1751312805338209,0.0,1.0,0.0,0.0,0.0,1.0,90.0,64,0.5,0.5,0.25,0.25,Entropia potencial
3134707,0.00012820566153169373,0.5,0.0,0.17505128226461267,0.0,1.0,0.0,0.0,0.0,1.0,90.0,64,0.5,0.5,0.25,0.25,Entropia potencial
3134806,0.00017187929283624898,0.5,0.0,0.17506875171713449,0.0,1.0,0.0,0.0,0.0,1.0,90.0,64,0.5,0.5,0.25,0.25,Entropia potencial
3134905,0.0014100836158375334,0.5,0.0,0.175564033446335,0.0,1.0,0.0,0.0,0.0,1.0,90.0,64,0.5,0.5,0.25,0.25,Entropia potencial
3135001,0.00011124132280337752,0.5,0.0,0.17504449652912135,0.0,1.0,0.0,0.0,0.0,1.0,90.0,64,0.5,0.5,0.25,0.25,Entropia potencial
3135050,0.0008700156941012261,0.5,0.0,0.17534800627764047,0.0,1.0,0.0,0.0,0.0,1.0,90.0,64,0.5,0.5,0.25,0.25,Entropia potencial
3135076,5.722226750709158e-05,0.5,0.0,0.17502288890700282,0.0,1.0,0.0,0.0,0.0,1.0,90.0,64,0.5,0.5,0.25,0.25,Entropia potencial
3135100,0.0017390640815447337,0.5,0.0,0.17569562563261787,0.0,1.0,0.0,0.0,0.0,1.0,90.0,64,0.5,0.5,0.25,0.25,Entropia potencial
3135209,0.0009326781365379565,0.5,0.0,0.17537307125461518,0.0,1.0,0.0,0.0,0.0,1.0,90.0,64,0.5,0.5,0.25,0.25,Entropia potencial
3135308,8.669710567523415e-05,0.5,0.0,0.17503467884227009,0.0,1.0,0.0,0.0,0.0,1.0,90.0,64,0.5,0.5,0.25,0.25,Entropia potencial
3135357,7.301632375443027e-05,0.5,0.0,0.17502920652950177,0.0,1.0,0.0,0.0,0.0,1.0,90.0,64,0.5,0.5,0.25,0.25,Entropia potencial
3135407,0.0018524133928459153,0.5,0.0,0.17574096535713835,0.0,1.0,0.0,0.0,0.0,1.0,90.0,64,0.5,0.5,0.25,0.25,Entropia potencial
3135456,6.183256732601019e-05,0.5,0.0,0.1750247330269304,0.0,1.0,0.0,0.0,0.0,1.0,90.0,64,0.5,0.5,0.25,0.25,Entropia potencial
3135506,0.0002504785088960471,0.5,0.0,0.1751001914035584,0.0,1.0,0.0,0.0,0.0,1.0,90.0,64,0.5,0.5,0.25,0.25,Entropia potencial
3135605,0.0001350275520915382,0.5,0.0,0.1750540110208366,0.0,1.0,0.0,0.0,0.0,1.0,90.0,64,0.5,0.5,0.25,0.25,Entropia potencial
3135704,0.00012599512795651398,0.5,0.0,0.17505039805118258,0.0,1.0,0.0,0.0,0.0,1.0,90.0,64,0.5,0.5,0.25,0.25,Entropia potencial
3135803,0.00030875265632054845,0.5,0.0,0.17512350106252822,0.0,1.0,0.0,0.0,0.0,1.0,90.0,64,0.5,0.5,0.25,0.25,Entropia potencial
3135902,9.770220109255647e-05,0.5,0.0,0.17503908088043701,0.0,1.0,0.0,0.0,0.0,1.0,90.0,64,0.5,0.5,0.25,0.25,Entropia potencial
3136009,0.00016869616677462002,0.5,0.0,0.17506747846670984,0.0,1.0,0.0,0.0,0.0,1.0,90.0,64,0.5,0.5,0.25,0.25,Entropia potencial
3136108,9.767048612017227e-05,0.5,0.0,0.17503906819444806,0.0,1.0,0.0,0.0,0.0,1.0,90.0,64,0.5,0.5,0.25,0.25,Entropia potencial
3136207,0.005275623909754877,0.5,0.0,0.17711024956390195,0.0,1.0,0.0,0.0,0.0,1.0,90.0,64,0.5,0.5,0.25,0.25,Entropia potencial
3136306,0.0023609280885571677,0.5,0.0,0.17594437123542286,0.0,1.0,0.0,0.0,0.0,1.0,90.0,64,0.5,0.5,0.25,0.25,Entropia potencial
3136405,5.386576626309558e-05,0.5,0.0,0.17502154630650524,0.0,1.0,0.0,0.0,0.0,1.0,90.0,64,0.5,0.5,0.25,0.25,Entropia potencial
3136504,0.00010566265916099425,0.5,0.0,0.17504226506366438,0.0,1.0,0.0,0.0,0.0,1.0,90.0,64,0.5,0.5,0.25,0.25,Entropia potencial
3136520,3.686654106515676e-05,0.5,0.0,0.17501474661642605,0.0,1.0,0.0,0.0,0.0,1.0,90.0,64,0.5,0.5,0.25,0.25,Entropia potencial
3136553,6.628323511726159e-05,0.5,0.0,0.1750265132940469,0.0,1.0,0.0,0.0,0.0,1.0,90.0,64,0.5,0.5,0.25,0.25,Entropia potencial
3136579,3.2811253262961894e-05,0.5,0.0,0.17501312450130518,0.0,1.0,0.0,0.0,0.0,1.0,90.0,64,0.5,0.5,0.25,0.25,Entropia potencial
3136603,0.00011960138952385639,0.5,0.0,0.17504784055580952,0.0,1.0,0.0,0.0,0.0,1.0,90.0,64,0.5,0.5,0.25,0.25,Entropia potencial
3136652,0.0018466719256786264,0.5,0.0,0.17573866877027144,0.0,1.0,0.0,0.0,0.0,1.0,90.0,64,0.5,0.5,0.25,0.25,Entropia potencial
3136702,0.02304261361649673,0.5,0.0,0.18421704544659867,0.0,1.0,0.0,0.0,0.0,1.0,90.0,64,0.5,0.5,0.25,0.25,Entropia potencial
3136801,3.7572727783578586e-05,0.5,0.0,0.1750150290911134,0.0,1.0,0.0,0.0,0.0,1.0,90.0,64,0.5,0.5,0.25,0.25,Entropia potencial
3136900,0.0003130965503714397,0.5,0.0,0.17512523862014856,0.0,1.0,0.0,0.0,0.0,1.0,90.0,64,0.5,0.5,0.25,0.25,Entropia potencial
3136959,5.303377682088303e-05,0.5,0.0,0.17502121351072833,0.0,1.0,0.0,0.0,0.0,1.0,90.0,64,0.5,0.5,0.25,0.25,Entropia potencial
3137007,0.00013587434185419672,0.5,0.0,0.17505434973674167,0.0,1.0,0.0,0.0,0.0,1.0,90.0,64,0.5,0.5,0.25,0.25,Entropia potencial
3137106,0.00024196938180536242,0.5,0.0,0.17509678775272214,0.0,1.0,0.0,0.0,0.0,1.0,90.0,64,0.5,0.5,0.25,0.25,Entropia potencial
3137205,0.002712863851276062,0.5,0.0,0.1760851455405104,0.0,1.0,0.0,0.0,0.0,1.0,90.0,64,0.5,0.5,0.25,0.25,Entropia potencial
3137304,3.823662787215481e-05,0.5,0.0,0.17501529465114884,0.0,1.0,0.0,0.0,0.0,1.0,90.0,64,0.5,0.5,0.25,0.25,Entropia potencial
3137403,0.0003521641105200609,0.5,0.0,0.17514086564420803,0.0,1.0,0.0,0.0,0.0,1.0,90.0,64,0.5,0.5,0.25,0.25,Entropia potencial
3137502,0.0006875520578146186,0.5,0.0,0.17527502082312585,0.0,1.0,0.0,0.0,0.0,1.0,90.0,64,0.5,0.5,0.25,0.25,Entropia potencial
3137536,0.00031376679345449275,0.5,0.0,0.17512550671738178,0.0,1.0,0.0,0.0,0.0,1.0,90.0,64,0.5,0.5,0.25,0.25,Entropia potencial
3137601,0.002740209557631478,0.5,0.0,0.17609608382305258,0.0,1.0,0.0,0.0,0.0,1.0,90.0,64,0.5,0.5,0.25,0.25,Entropia potencial
3137700,0.0005675383736497674,0.5,0.0,0.1752270153494599,0.0,1.0,0.0,0.0,0.0,1.0,90.0,64,0.5,0.5,0.25,0.25,Entropia potencial
3137809,0.0004967103829898479,0.5,0.0,0.17519868415319592,0.0,1.0,0.0,0.0,0.0,1.0,90.0,64,0.5,0.5,0.25,0.25,Entropia potencial
3137908,3.625338493239528e-05,0.5,0.0,0.17501450135397295,0.0,1.0,0.0,0.0,0.0,1.0,90.0,64,0.5,0.5,0.25,0.25,Entropia potencial
3138005,8.237858360225031e-05,0.5,0.0,0.1750329514334409,0.0,1.0,0.0,0.0,0.0,1.0,90.0,64,0.5,0.5,0.25,0.25,Entropia potencial
3138104,0.0001899251121228669,0.5,0.0,0.17507597004484912,0.0,1.0,0.0,0.0,0.0,1.0,90.0,64,0.5,0.5,0.25,0.25,Entropia potencial
3138203,0.0035171745799231656,0.5,0.0,0.17640686983196927,0.0,1.0,0.0,0.0,0.0,1.0,90.0,64,0.5,0.5,0.25,0.25,Entropia potencial
3138302,3.904218817071384e-05,0.5,0.0,0.1750156168752683,0.0,1.0,0.0,0.0,0.0,1.0,90.0,64,0.5,0.5,0.25,0.25,Entropia potencial
3138351,5.450006571077986e-05,0.5,0.0,0.1750218000262843,0.0,1.0,0.0,0.0,0.0,1.0,90.0,64,0.5,0.5,0.25,0.25,Entropia potencial
3138401,0.001225805883130549,0.5,0.0,0.1754903223532522,0.0,1.0,0.0,0.0,0.0,1.0,90.0,64,0.5,0.5,0.25,0.25,Entropia potencial
3138500,8.953559570362132e-05,0.5,0.0,0.17503581423828143,0.0,1.0,0.0,0.0,0.0,1.0,90.0,64,0.5,0.5,0.25,0.25,Entropia potencial
3138609,0.0003585271911460804,0.5,0.0,0.17514341087645843,0.0,1.0,0.0,0.0,0.0,1.0,90.0,64,0.5,0.5,0.25,0.25,Entropia potencial
3138625,0.0004071441294795885,0.5,0.0,0.17516285765179182,0.0,1.0,0.0,0.0,0.0,1.0,90.0,64,0.5,0.5,0.25,0.25,Entropia potencial
3138658,8.233946846964311e-05,0.5,0.0,0.17503293578738785,0.0,1.0,0.0,0.0,0.0,1.0,90.0,64,0.5,0.5,0.25,0.25,Entropia potencial
3138674,0.00018072248430271406,0.5,0.0,0.17507228899372107,0.0,1.0,0.0,0.0,0.0,1.0,90.0,64,0.5,0.5,0.25,0.25,Entropia potencial
3138682,5.491447468326693e-05,0.5,0.0,0.1750219657898733,0.0,1.0,0.0,0.0,0.0,1.0,90.0,64,0.5,0.5,0.25,0.25,Entropia potencial
3138708,0.00015623852562210067,0.5,0.0,0.17506249541024882,0.0,1.0,0.0,0.0,0.0,1.0,90.0,64,0.5,0.5,0.25,0.25,Entropia potencial
3138807,0.0007496542024058947,0.5,0.0,0.17529986168096234,0.0,1.0,0.0,0.0,0.0,1.0,90.0,64,0.5,0.5,0.25,0.25,Entropia potencial
3138906,0.00010174163140855923,0.5,0.0,0.17504069665256342,0.0,1.0,0.0,0.0,0.0,1.0,90.0,64,0.5,0.5,0.25,0.25,Entropia potencial
3139003,0.0015404934679499299,0.5,0.0,0.17561619738717996,0.0,1.0,0.0,0.0,0.0,1.0,90.0,64,0.5,0.5,0.25,0.25,Entropia potencial
3139102,0.00037997391263803223,0.5,0.0,0.1751519895650552,0.0,1.0,0.0,0.0,0.0,1.0,90.0,64,0.5,0.5,0.25,0.25,Entropia potencial
3139201,0.0002519204829737827,0.5,0.0,0.1751007681931895,0.0,1.0,0.0,0.0,0.0,1.0,90.0,64,0.5,0.5,0.25,0.25,Entropia potencial
3139250,4.992148086424546e-05,0.5,0.0,0.1750199685923457,0.0,1.0,0.0,0.0,0.0,1.0,90.0,64,0.5,0.5,0.25,0.25,Entropia potencial
3139300,0.0002644743262092008,0.5,0.0,0.17510578973048366,0.0,1.0,0.0,0.0,0.0,1.0,90.0,64,0.5,0.5,0.25,0.25,Entropia potencial
3139409,0.004341437197697178,0.5,0.0,0.17673657487907887,0.0,1.0,0.0,0.0,0.0,1.0,90.0,64,0.5,0.5,0.25,0.25,Entropia potencial
3139508,0.0005668797593899219,0.5,0.0,0.17522675190375595,0.0,1.0,0.0,0.0,0.0,1.0,90.0,64,0.5,0.5,0.25,0.25,Entropia potencial
3139607,0.0005610399758082419,0.5,0.0,0.1752244159903233,0.0,1.0,0.0,0.0,0.0,1.0,90.0,64,0.5,0.5,0.25,0.25,Entropia potencial
3139706,0.0002561798037649827,0.5,0.0,0.175102471921506,0.0,1.0,0.0,0.0,0.0,1.0,90.0,64,0.5,0.5,0.25,0.25,Entropia potencial
3139805,0.00022348061007111165,0.5,0.0,0.17508939224402845,0.0,1.0,0.0,0.0,0.0,1.0,90.0,64,0.5,0.5,0.25,0.25,Entropia potencial
3139904,0.00022096772709253576,0.5,0.0,0.17508838709083702,0.0,1.0,0.0,0.0,0.0,1.0,90.0,64,0.5,0.5,0.25,0.25,Entropia potencial
3140001,0.005359053316108791,0.5,0.0,0.1771436213264435,0.0,1.0,0.0,0.0,0.0,1.0,90.0,64,0.5,0.5,0.25,0.25,Entropia potencial
3140100,4.50902334043835e-05,0.5,0.0,0.17501803609336175,0.0,1.0,0.0,0.0,0.0,1.0,90.0,64,0.5,0.5,0.25,0.25,Entropia potencial
3140159,0.00020067965925835393,0.5,0.0,0.17508027186370334,0.0,1.0,0.0,0.0,0.0,1.0,90.0,64,0.5,0.5,0.25,0.25,Entropia potencial
3140209,6.886800536657504e-05,0.5,0.0,0.1750275472021466,0.0,1.0,0.0,0.0,0.0,1.0,90.0,64,0.5,0.5,0.25,0.25,Entropia potencial
3140308,4.213651230966701e-05,0.5,0.0,0.17501685460492386,0.0,1.0,0.0,0.0,0.0,1.0,90.0,64,0.5,0.5,0.25,0.25,Entropia potencial
3140407,2.9447351858742908e-05,0.5,0.0,0.1750117789407435,0.0,1.0,0.0,0.0,0.0,1.0,90.0,64,0.5,0.5,0.25,0.25,Entropia potencial
3140506,0.0005362008094369254,0.5,0.0,0.17521448032377476,0.0,1.0,0.0,0.0,0.0,1.0,90.0,64,0.5,0.5,0.25,0.25,Entropia potencial
3140530,0.0004240852105614896,0.5,0.0,0.1751696340842246,0.0,1.0,0.0,0.0,0.0,1.0,90.0,64,0.5,0.5,0.25,0.25,Entropia potencial
3140555,9.178101574842368e-05,0.5,0.0,0.17503671240629937,0.0,1.0,0.0,0.0,0.0,1.0,90.0,64,0.5,0.5,0.25,0.25,Entropia potencial
3140605,4.687790068110704e-05,0.5,0.0,0.17501875116027243,0.0,1.0,0.0,0.0,0.0,1.0,90.0,64,0.5,0.5,0.25,0.25,Entropia potencial
3140704,0.0011155984684268966,0.5,0.0,0.17544623938737075,0.0,1.0,0.0,0.0,0.0,1.0,90.0,64,0.5,0.5,0.25,0.25,Entropia potencial
3140803,0.0007452437069129966,0.5,0.0,0.17529809748276518,0.0,1.0,0.0,0.0,0.0,1.0,90.0,64,0.5,0.5,0.25,0.25,Entropia potencial
3140852,0.00016009506626402112,0.5,0.0,0.1750640380265056,0.0,1.0,0.0,0.0,0.0,1.0,90.0,64,0.5,0.5,0.25,0.25,Entropia potencial
3140902,0.0006802417566800572,0.5,0.0,0.17527209670267202,0.0,1.0,0.0,0.0,0.0,1.0,90.0,64,0.5,0.5,0.25,0.25,Entropia potencial
3141009,0.00017595995261635123,0.5,0.0,0.17507038398104652,0.0,1.0,0.0,0.0,0.0,1.0,90.0,64,0.5,0.5,0.25,0.25,Entropia potencial
3141108,0.0018810879565442295,0.5,0.0,0.17575243518261768,0.0,1.0,0.0,0.0,0.0,1.0,90.0,64,0.5,0.5,0.25,0.25,Entropia potencial
3141207,8.296636775710441e-05,0.5,0.0,0.17503318654710284,0.0,1.0,0.0,0.0,0.0,1.0,90.0,64,0.5,0.5,0.25,0.25,Entropia potencial
3141306,0.000267079182607691,0.5,0.0,0.17510683167304306,0.0,1.0,0.0,0.0,0.0,1.0,90.0,64,0.5,0.5,0.25,0.25,Entropia potencial
3141405,0.0002698901863266785,0.5,0.0,0.17510795607453067,0.0,1.0,0.0,0.0,0.0,1.0,90.0,64,0.5,0.5,0.25,0.25,Entropia potencial
3141504,6.443742372450032e-05,0.5,0.0,0.1750257749694898,0.0,1.0,0.0,0.0,0.0,1.0,90.0,64,0.5,0.5,0.25,0.25,Entropia potencial
3141603,0.00015827462684916721,0.5,0.0,0.17506330985073965,0.0,1.0,0.0,0.0,0.0,1.0,90.0,64,0.5,0.5,0.25,0.25,Entropia potencial
3141702,4.888334410153553e-05,0.5,0.0,0.1750195533376406,0.0,1.0,0.0,0.0,0.0,1.0,90.0,64,0.5,0.5,0.25,0.25,Entropia potencial
3141801,0.00034362221129124586,0.5,0.0,0.1751374488845165,0.0,1.0,0.0,0.0,0.0,1.0,90.0,64,0.5,0.5,0.25,0.25,Entropia potencial
3141900,0.0001563484708596993,0.5,0.0,0.17506253938834387,0.0,1.0,0.0,0.0,0.0,1.0,90.0,64,0.5,0.5,0.25,0.25,Entropia potencial
3142007,0.00015322348891410803,0.5,0.0,0.17506128939556564,0.0,1.0,0.0,0.0,0.0,1.0,90.0,64,0.5,0.5,0.25,0.25,Entropia potencial
3142106,0.00017062126559834183,0.5,0.0,0.17506824850623934,0.0,1.0,0.0,0.0,0.0,1.0,90.0,64,0.5,0.5,0.25,0.25,Entropia potencial
3142205,0.00028433952774492647,0.5,0.0,0.17511373581109796,0.0,1.0,0.0,0.0,0.0,1.0,90.0,64,0.5,0.5,0.25,0.25,Entropia potencial
3142254,3.104790079839958e-05,0.5,0.0,0.17501241916031934,0.0,1.0,0.0,0.0,0.0,1.0,90.0,64,0.5,0.5,0.25,0.25,Entropia potencial
3142304,7.280171910796375e-05,0.5,0.0,0.17502912068764317,0.0,1.0,0.0,0.0,0.0,1.0,90.0,64,0.5,0.5,0.25,0.25,Entropia potencial
3142403,0.00013602340222440253,0.5,0.0,0.17505440936088976,0.0,1.0,0.0,0.0,0.0,1.0,90.0,64,0.5,0.5,0.25,0.25,Entropia potencial
3142502,2.2687834077920715e-05,0.5,0.0,0.17500907513363115,0.0,1.0,0.0,0.0,0.0,1.0,90.0,64,0.5,0.5,0.25,0.25,Entropia potencial
3142601,0.0002619350140869714,0.5,0.0,0.1751047740056348,0.0,1.0,0.0,0.0,0.0,1.0,90.0,64,0.5,0.5,0.25,0.25,Entropia potencial
3142700,0.00016776903241525482,0.5,0.0,0.1750671076129661,0.0,1.0,0.0,0.0,0.0,1.0,90.0,64,0.5,0.5,0.25,0.25,Entropia potencial
3142809,0.0008561361650201478,0.5,0.0,0.17534245446600805,0.0,1.0,0.0,0.0,0.0,1.0,90.0,64,0.5,0.5,0.25,0.25,Entropia potencial
3142908,0.00027558408103539107,0.5,0.0,0.17511023363241415,0.0,1.0,0.0,0.0,0.0,1.0,90.0,64,0.5,0.5,0.25,0.25,Entropia potencial
3143005,0.00040384471518588414,0.5,0.0,0.17516153788607433,0.0,1.0,0.0,0.0,0.0,1.0,90.0,64,0.5,0.5,0.25,0.25,Entropia potencial
3143104,0.0022151333033411887,0.5,0.0,0.17588605332133647,0.0,1.0,0.0,0.0,0.0,1.0,90.0,64,0.5,0.5,0.25,0.25,Entropia potencial
3143153,2.5920646929618287e-05,0.5,0.0,0.17501036825877184,0.0,1.0,0.0,0.0,0.0,1.0,90.0,64,0.5,0.5,0.25,0.25,Entropia potencial
3143203,0.000640699529111419,0.5,0.0,0.17525627981164454,0.0,1.0,0.0,0.0,0.0,1.0,90.0,64,0.5,0.5,0.25,0.25,Entropia potencial
3143302,0.013035873814857072,0.5,0.0,0.1802143495259428,0.0,1.0,0.0,0.0,0.0,1.0,90.0,64,0.5,0.5,0.25,0.25,Entropia potencial
3143401,0.0006727633661918595,0.5,0.0,0.17526910534647674,0.0,1.0,0.0,0.0,0.0,1.0,90.0,64,0.5,0.5,0.25,0.25,Entropia potencial
3143450,6.962387887506548e-05,0.5,0.0,0.17502784955155,0.0,1.0,0.0,0.0,0.0,1.0,90.0,64,0.5,0.5,0.25,0.25,Entropia potencial
3143500,0.00048714514731876897,0.5,0.0,0.17519485805892748,0.0,1.0,0.0,0.0,0.0,1.0,90.0,64,0.5,0.5,0.25,0.25,Entropia potencial
3143609,3.538862335205237e-05,0.5,0.0,0.17501415544934082,0.0,1.0,0.0,0.0,0.0,1.0,90.0,64,0.5,0.5,0.25,0.25,Entropia potencial
3143708,2.8890225510526878e-05,0.5,0.0,0.1750115560902042,0.0,1.0,0.0,0.0,0.0,1.0,90.0,64,0.5,0.5,0.25,0.25,Entropia potencial
3143807,0.00012468212809980752,0.5,0.0,0.1750498728512399,0.0,1.0,0.0,0.0,0.0,1.0,90.0,64,0.5,0.5,0.25,0.25,Entropia potencial
3143906,0.002972356812489449,0.5,0.0,0.17618894272499577,0.0,1.0,0.0,0.0,0.0,1.0,90.0,64,0.5,0.5,0.25,0.25,Entropia potencial
3144003,0.0006496642946386902,0.5,0.0,0.17525986571785546,0.0,1.0,0.0,0.0,0.0,1.0,90.0,64,0.5,0.5,0.25,0.25,Entropia potencial
3144102,0.000695065334772439,0.5,0.0,0.17527802613390897,0.0,1.0,0.0,0.0,0.0,1.0,90.0,64,0.5,0.5,0.25,0.25,Entropia potencial
3144201,1.6872365308401964e-05,0.5,0.0,0.17500674894612334,0.0,1.0,0.0,0.0,0.0,1.0,90.0,64,0.5,0.5,0.25,0.25,Entropia potencial
3144300,0.0010560884942451571,0.5,0.0,0.17542243539769806,0.0,1.0,0.0,0.0,0.0,1.0,90.0,64,0.5,0.5,0.25,0.25,Entropia potencial
3144359,7.995555971209633e-05,0.5,0.0,0.17503198222388483,0.0,1.0,0.0,0.0,0.0,1.0,90.0,64,0.5,0.5,0.25,0.25,Entropia potencial
3144375,5.5632290224896306e-05,0.5,0.0,0.17502225291608994,0.0,1.0,0.0,0.0,0.0,1.0,90.0,64,0.5,0.5,0.25,0.25,Entropia potencial
3144409,0.00012967089325584442,0.5,0.0,0.17505186835730233,0.0,1.0,0.0,0.0,0.0,1.0,90.0,64,0.5,0.5,0.25,0.25,Entropia potencial
3144508,0.001055711086073785,0.5,0.0,0.1754222844344295,0.0,1.0,0.0,0.0,0.0,1.0,90.0,64,0.5,0.5,0.25,0.25,Entropia potencial
3144607,0.0006449620213998574,0.5,0.0,0.17525798480855992,0.0,1.0,0.0,0.0,0.0,1.0,90.0,64,0.5,0.5,0.25,0.25,Entropia potencial
3144656,0.000163638685845084,0.5,0.0,0.17506545547433802,0.0,1.0,0.0,0.0,0.0,1.0,90.0,64,0.5,0.5,0.25,0.25,Entropia potencial
3144672,0.00014687415144278837,0.5,0.0,0.1750587496605771,0.0,1.0,0.0,0.0,0.0,1.0,90.0,64,0.5,0.5,0.25,0.25,Entropia potencial
3144706,0.0004909118288722674,0.5,0.0,0.1751963647315489,0.0,1.0,0.0,0.0,0.0,1.0,90.0,64,0.5,0.5,0.25,0.25,Entropia potencial
3144805,0.012790025691929122,0.5,0.0,0.18011601027677163,0.0,1.0,0.0,0.0,0.0,1.0,90.0,64,0.5,0.5,0.25,0.25,Entropia potencial
3144904,4.320319254752275e-05,0.5,0.0,0.175017281277019,0.0,1.0,0.0,0.0,0.0,1.0,90.0,64,0.5,0.5,0.25,0.25,Entropia potencial
3145000,0.0012266896736943223,0.5,0.0,0.17549067586947772,0.0,1.0,0.0,0.0,0.0,1.0,90.0,64,0.5,0.5,0.25,0.25,Entropia potencial
3145059,0.00011050236394682535,0.5,0.0,0.1750442009455787,0.0,1.0,0.0,0.0,0.0,1.0,90.0,64,0.5,0.5,0.25,0.25,Entropia potencial
3145109,0.0005794388884540708,0.5,0.0,0.1752317755553816,0.0,1.0,0.0,0.0,0.0,1.0,90.0,64,0.5,0.5,0.25,0.25,Entropia potencial
3145208,0.003474207135337032,0.5,0.0,0.1763896828541348,0.0,1.0,0.0,0.0,0.0,1.0,90.0,64,0.5,0.5,0.25,0.25,Entropia potencial
3145307,0.0003710863202102292,0.5,0.0,0.17514843452808407,0.0,1.0,0.0,0.0,0.0,1.0,90.0,64,0.5,0.5,0.25,0.25,Entropia potencial
3145356,0.0001058888926306683,0.5,0.0,0.17504235555705225,0.0,1.0,0.0,0.0,0.0,1.0,90.0,64,0.5,0.5,0.25,0.25,Entropia potencial
3145372,6.891029199642067e-05,0.5,0.0,0.17502756411679857,0.0,1.0,0.0,0.0,0.0,1.0,90.0,64,0.5,0.5,0.25,0.25,Entropia potencial
3145406,1.7362890214611144e-05,0.5,0.0,0.17500694515608584,0.0,1.0,0.0,0.0,0.0,1.0,90.0,64,0.5,0.5,0.25,0.25,Entropia potencial
3145455,0.00014869670518913455,0.5,0.0,0.17505947868207564,0.0,1.0,0.0,0.0,0.0,1.0,90.0,64,0.5,0.5,0.25,0.25,Entropia potencial
3145505,3.449426113081753e-05,0.5,0.0,0.17501379770445233,0.0,1.0,0.0,0.0,0.0,1.0,90.0,64,0.5,0.5,0.25,0.25,Entropia potencial
3145604,0.0013481368746109399,0.5,0.0,0.17553925474984436,0.0,1.0,0.0,0.0,0.0,1.0,90.0,64,0.5,0.5,0.25,0.25,Entropia potencial
3145703,1.736711887759571e-05,0.5,0.0,0.17500694684755103,0.0,1.0,0.0,0.0,0.0,1.0,90.0,64,0.5,0.5,0.25,0.25,Entropia potencial
3145802,4.403412482398916e-05,0.5,0.0,0.17501761364992957,0.0,1.0,0.0,0.0,0.0,1.0,90.0,64,0.5,0.5,0.25,0.25,Entropia potencial
3145851,5.447892239585706e-05,0.5,0.0,0.17502179156895833,0.0,1.0,0.0,0.0,0.0,1.0,90.0,64,0.5,0.5,0.25,0.25,Entropia potencial
3145877,0.00015131107607933993,0.5,0.0,0.1750605244304317,0.0,1.0,0.0,0.0,0.0,1.0,90.0,64,0.5,0.5,0.25,0.25,Entropia potencial
3145901,0.005251905339074469,0.5,0.0,0.17710076213562978,0.0,1.0,0.0,0.0,0.0,1.0,90.0,64,0.5,0.5,0.25,0.25,Entropia potencial
3146008,0.0011860670227331284,0.5,0.0,0.17547442680909325,0.0,1.0,0.0,0.0,0.0,1.0,90.0,64,0.5,0.5,0.25,0.25,Entropia potencial
3146107,0.007701432374484177,0.5,0.0,0.17808057294979365,0.0,1.0,0.0,0.0,0.0,1.0,90.0,64,0.5,0.5,0.25,0.25,Entropia potencial
3146206,5.6740199926851525e-05,0.5,0.0,0.17502269607997073,0.0,1.0,0.0,0.0,0.0,1.0,90.0,64,0.5,0.5,0.25,0.25,Entropia potencial
3146255,4.34209686912277e-05,0.5,0.0,0.17501736838747647,0.0,1.0,0.0,0.0,0.0,1.0,90.0,64,0.5,0.5,0.25,0.25,Entropia potencial
3146305,0.0002144883582344408,0.5,0.0,0.17508579534329377,0.0,1.0,0.0,0.0,0.0,1.0,90.0,64,0.5,0.5,0.25,0.25,Entropia potencial
3146404,7.161875063803256e-05,0.5,0.0,0.1750286475002552,0.0,1.0,0.0,0.0,0.0,1.0,90.0,64,0.5,0.5,0.25,0.25,Entropia potencial
3146503,0.0006426373139240944,0.5,0.0,0.17525705492556962,0.0,1.0,0.0,0.0,0.0,1.0,90.0,64,0.5,0.5,0.25,0.25,Entropia potencial
3146552,4.55501005039546e-05,0.5,0.0,0.17501822004020157,0.0,1.0,0.0,0.0,0.0,1.0,90.0,64,0.5,0.5,0.25,0.25,Entropia potencial
3146602,9.383403162742846e-06,0.5,0.0,0.17500375336126509,0.0,1.0,0.0,0.0,0.0,1.0,90.0,64,0.5,0.5,0.25,0.25,Entropia potencial
3146701,8.908524309576547e-05,0.5,0.0,0.1750356340972383,0.0,1.0,0.0,0.0,0.0,1.0,90.0,64,0.5,0.5,0.25,0.25,Entropia potencial
3146750,5.5428257235891196e-05,0.5,0.0,0.17502217130289435,0.0,1.0,0.0,0.0,0.0,1.0,90.0,64,0.5,0.5,0.25,0.25,Entropia potencial
3146909,0.00037316999389587214,0.5,0.0,0.17514926799755834,0.0,1.0,0.0,0.0,0.0,1.0,90.0,64,0.5,0.5,0.25,0.25,Entropia potencial
3147006,0.006837948907528354,0.5,0.0,0.17773517956301133,0.0,1.0,0.0,0.0,0.0,1.0,90.0,64,0.5,0.5,0.25,0.25,Entropia potencial
3147105,0.004818099489477218,0.5,0.0,0.17692723979579086,0.0,1.0,0.0,0.0,0.0,1.0,90.0,64,0.5,0.5,0.25,0.25,Entropia potencial
3147204,0.0008134848129921103,0.5,0.0,0.17532539392519683,0.0,1.0,0.0,0.0,0.0,1.0,90.0,64,0.5,0.5,0.25,0.25,Entropia potencial
3147303,0.0006749633281095778,0.5,0.0,0.17526998533124383,0.0,1.0,0.0,0.0,0.0,1.0,90.0,64,0.5,0.5,0.25,0.25,Entropia potencial
3147402,0.0010475043083864966,0.5,0.0,0.1754190017233546,0.0,1.0,0.0,0.0,0.0,1.0,90.0,64,0.5,0.5,0.25,0.25,Entropia potencial
3147501,5.515233697614853e-06,0.5,0.0,0.17500220609347902,0.0,1.0,0.0,0.0,0.0,1.0,90.0,64,0.5,0.5,0.25,0.25,Entropia potencial
3147600,0.0006794848260058207,0.5,0.0,0.17527179393040232,0.0,1.0,0.0,0.0,0.0,1.0,90.0,64,0.5,0.5,0.25,0.25,Entropia potencial
3147709,0.0003763383196370551,0.5,0.0,0.17515053532785482,0.0,1.0,0.0,0.0,0.0,1.0,90.0,64,0.5,0.5,0.25,0.25,Entropia potencial
3147808,2.9291948494060255e-05,0.5,0.0,0.1750117167793976,0.0,1.0,0.0,0.0,0.0,1.0,90.0,64,0.5,0.5,0.25,0.25,Entropia potencial
3147907,0.0037143613635562713,0.5,0.0,0.17648574454542248,0.0,1.0,0.0,0.0,0.0,1.0,90.0,64,0.5,0.5,0.25,0.25,Entropia potencial
3147956,3.771015933057685e-05,0.5,0.0,0.17501508406373223,0.0,1.0,0.0,0.0,0.0,1.0,90.0,64,0.5,0.5,0.25,0.25,Entropia potencial
3148004,0.00753567195698659,0.5,0.0,0.17801426878279464,0.0,1.0,0.0,0.0,0.0,1.0,90.0,64,0.5,0.5,0.25,0.25,Entropia potencial
3148103,0.004650320942570248,0.5,0.0,0.17686012837702808,0.0,1.0,0.0,0.0,0.0,1.0,90.0,64,0.5,0.5,0.25,0.25,Entropia potencial
3148202,0.00011969442010951675,0.5,0.0,0.17504787776804379,0.0,1.0,0.0,0.0,0.0,1.0,90.0,64,0.5,0.5,0.25,0.25,Entropia potencial
3148301,0.00012805448682999565,0.5,0.0,0.17505122179473198,0.0,1.0,0.0,0.0,0.0,1.0,90.0,64,0.5,0.5,0.25,0.25,Entropia potencial
3148400,5.5641804716611575e-05,0.5,0.0,0.17502225672188662,0.0,1.0,0.0,0.0,0.0,1.0,90.0,64,0.5,0.5,0.25,0.25,Entropia potencial
3148509,8.168508287278215e-05,0.5,0.0,0.1750326740331491,0.0,1.0,0.0,0.0,0.0,1.0,90.0,64,0.5,0.5,0.25,0.25,Entropia potencial
3148608,0.00025406335794120945,0.5,0.0,0.17510162534317647,0.0,1.0,0.0,0.0,0.0,1.0,90.0,64,0.5,0.5,0.25,0.25,Entropia potencial
3148707,0.0004089561115684733,0.5,0.0,0.17516358244462737,0.0,1.0,0.0,0.0,0.0,1.0,90.0,64,0.5,0.5,0.25,0.25,Entropia potencial
3148756,0.0001521145220464067,0.5,0.0,0.17506084580881856,0.0,1.0,0.0,0.0,0.0,1.0,90.0,64,0.5,0.5,0.25,0.25,Entropia potencial
3148806,4.4773083680541364e-05,0.5,0.0,0.1750179092334722,0.0,1.0,0.0,0.0,0.0,1.0,90.0,64,0.5,0.5,0.25,0.25,Entropia potencial
3148905,0.00011564018947306804,0.5,0.0,0.17504625607578922,0.0,1.0,0.0,0.0,0.0,1.0,90.0,64,0.5,0.5,0.25,0.25,Entropia potencial
3149002,3.903901667347543e-05,0.5,0.0,0.17501561560666937,0.0,1.0,0.0,0.0,0.0,1.0,90.0,64,0.5,0.5,0.25,0.25,Entropia potencial
3149101,0.00019193584137202607,0.5,0.0,0.1750767743365488,0.0,1.0,0.0,0.0,0.0,1.0,90.0,64,0.5,0.5,0.25,0.25,Entropia potencial
3149150,9.654249026904038e-05,0.5,0.0,0.1750386169961076,0.0,1.0,0.0,0.0,0.0,1.0,90.0,64,0.5,0.5,0.25,0.25,Entropia potencial
3149200,0.00026447009754621627,0.5,0.0,0.17510578803901847,0.0,1.0,0.0,0.0,0.0,1.0,90.0,64,0.5,0.5,0.25,0.25,Entropia potencial
3149309,0.0023261727074870534,0.5,0.0,0.1759304690829948,0.0,1.0,0.0,0.0,0.0,1.0,90.0,64,0.5,0.5,0.25,0.25,Entropia potencial
3149408,1.2289551798883008e-05,0.5,0.0,0.17500491582071953,0.0,1.0,0.0,0.0,0.0,1.0,90.0,64,0.5,0.5,0.25,0.25,Entropia potencial
3149507,4.685570020043809e-05,0.5,0.0,0.17501874228008016,0.0,1.0,0.0,0.0,0.0,1.0,90.0,64,0.5,0.5,0.25,0.25,Entropia potencial
3149606,0.00011762237524708143,0.5,0.0,0.17504704895009882,0.0,1.0,0.0,0.0,0.0,1.0,90.0,64,0.5,0.5,0.25,0.25,Entropia potencial
3149705,0.0003134845302002732,0.5,0.0,0.1751253938120801,0.0,1.0,0.0,0.0,0.0,1.0,90.0,64,0.5,0.5,0.25,0.25,Entropia potencial
3149804,0.002183077923586717,0.5,0.0,0.17587323116943468,0.0,1.0,0.0,0.0,0.0,1.0,90.0,64,0.5,0.5,0.25,0.25,Entropia potencial
3149903,0.0007342671549708201,0.5,0.0,0.1752937068619883,0.0,1.0,0.0,0.0,0.0,1.0,90.0,64,0.5,0.5,0.25,0.25,Entropia potencial
3149952,0.00010318149115480255,0.5,0.0,0.1750412725964619,0.0,1.0,0.0,0.0,0.0,1.0,90.0,64,0.5,0.5,0.25,0.25,Entropia potencial
3150000,2.9131259300646906e-05,0.5,0.0,0.17501165250372025,0.0,1.0,0.0,0.0,0.0,1.0,90.0,64,0.5,0.5,0.25,0.25,Entropia potencial
3150109,6.68319041395085e-05,0.5,0.0,0.17502673276165578,0.0,1.0,0.0,0.0,0.0,1.0,90.0,64,0.5,0.5,0.25,0.25,Entropia potencial
3150158,0.00018590682512178695,0.5,0.0,0.1750743627300487,0.0,1.0,0.0,0.0,0.0,1.0,90.0,64,0.5,0.5,0.25,0.25,Entropia potencial
3150208,4.850170726717881e-05,0.5,0.0,0.17501940068290686,0.0,1.0,0.0,0.0,0.0,1.0,90.0,64,0.5,0.5,0.25,0.25,Entropia potencial
3150307,0.0001034151247846996,0.5,0.0,0.17504136604991388,0.0,1.0,0.0,0.0,0.0,1.0,90.0,64,0.5,0.5,0.25,0.25,Entropia potencial
3150406,9.271026443928115e-05,0.5,0.0,0.1750370841057757,0.0,1.0,0.0,0.0,0.0,1.0,90.0,64,0.5,0.5,0.25,0.25,Entropia potencial
3150505,0.000338543587046787,0.5,0.0,0.1751354174348187,0.0,1.0,0.0,0.0,0.0,1.0,90.0,64,0.5,0.5,0.25,0.25,Entropia potencial
3150539,3.873455293858698e-05,0.5,0.0,0.17501549382117543,0.0,1.0,0.0,0.0,0.0,1.0,90.0,64,0.5,0.5,0.25,0.25,Entropia potencial
3150570,6.292039087878874e-05,0.5,0.0,0.1750251681563515,0.0,1.0,0.0,0.0,0.0,1.0,90.0,64,0.5,0.5,0.25,0.25,Entropia potencial
3150604,0.00024019122902035417,0.5,0.0,0.17509607649160813,0.0,1.0,0.0,0.0,0.0,1.0,90.0,64,0.5,0.5,0.25,0.25,Entropia potencial
3150703,0.0005080580001089197,0.5,0.0,0.17520322320004356,0.0,1.0,0.0,0.0,0.0,1.0,90.0,64,0.5,0.5,0.25,0.25,Entropia potencial
3150802,0.00020847519947039377,0.5,0.0,0.17508339007978815,0.0,1.0,0.0,0.0,0.0,1.0,90.0,64,0.5,0.5,0.25,0.25,Entropia potencial
3150901,7.14580614446192e-05,0.5,0.0,0.17502858322457784,0.0,1.0,0.0,0.0,0.0,1.0,90.0,64,0.5,0.5,0.25,0.25,Entropia potencial
3151008,0.00014478202043117635,0.5,0.0,0.17505791280817246,0.0,1.0,0.0,0.0,0.0,1.0,90.0,64,0.5,0.5,0.25,0.25,Entropia potencial
3151107,0.0006257036330024163,0.5,0.0,0.17525028145320096,0.0,1.0,0.0,0.0,0.0,1.0,90.0,64,0.5,0.5,0.25,0.25,Entropia potencial
3151206,0.0035392788585092167,0.5,0.0,0.17641571154340369,0.0,1.0,0.0,0.0,0.0,1.0,90.0,64,0.5,0.5,0.25,0.25,Entropia potencial
3151305,0.00019907593882145883,0.5,0.0,0.17507963037552857,0.0,1.0,0.0,0.0,0.0,1.0,90.0,64,0.5,0.5,0.25,0.25,Entropia potencial
3151404,0.0007558608225014853,0.5,0.0,0.17530234432900058,0.0,1.0,0.0,0.0,0.0,1.0,90.0,64,0.5,0.5,0.25,0.25,Entropia potencial
3151503,0.001560188465800527,0.5,0.0,0.1756240753863202,0.0,1.0,0.0,0.0,0.0,1.0,90.0,64,0.5,0.5,0.25,0.25,Entropia potencial
3151602,0.0005250794257875275,0.5,0.0,0.175210031770315,0.0,1.0,0.0,0.0,0.0,1.0,90.0,64,0.5,0.5,0.25,0.25,Entropia potencial
3151701,0.0004946404524589048,0.5,0.0,0.17519785618098355,0.0,1.0,0.0,0.0,0.0,1.0,90.0,64,0.5,0.5,0.25,0.25,Entropia potencial
3151800,0.010330103545737613,0.5,0.0,0.17913204141829503,0.0,1.0,0.0,0.0,0.0,1.0,90.0,64,0.5,0.5,0.25,0.25,Entropia potencial
3151909,0.00013169536565970342,0.5,0.0,0.17505267814626388,0.0,1.0,0.0,0.0,0.0,1.0,90.0,64,0.5,0.5,0.25,0.25,Entropia potencial
3152006,0.0012170366932663136,0.5,0.0,0.1754868146773065,0.0,1.0,0.0,0.0,0.0,1.0,90.0,64,0.5,0.5,0.25,0.25,Entropia potencial
3152105,0.0023511884205379753,0.5,0.0,0.17594047536821517,0.0,1.0,0.0,0.0,0.0,1.0,90.0,64,0.5,0.5,0.25,0.25,Entropia potencial
3152131,3.446888915291016e-05,0.5,0.0,0.17501378755566116,0.0,1.0,0.0,0.0,0.0,1.0,90.0,64,0.5,0.5,0.25,0.25,Entropia potencial
3152170,0.00011472362677116425,0.5,0.0,0.17504588945070845,0.0,1.0,0.0,0.0,0.0,1.0,90.0,64,0.5,0.5,0.25,0.25,Entropia potencial
3152204,0.0005341403933976976,0.5,0.0,0.17521365615735907,0.0,1.0,0.0,0.0,0.0,1.0,90.0,64,0.5,0.5,0.25,0.25,Entropia potencial
3152303,0.00012993835618961796,0.5,0.0,0.17505197534247582,0.0,1.0,0.0,0.0,0.0,1.0,90.0,64,0.5,0.5,0.25,0.25,Entropia potencial
3152402,0.00016359639921523838,0.5,0.0,0.1750654385596861,0.0,1.0,0.0,0.0,0.0,1.0,90.0,64,0.5,0.5,0.25,0.25,Entropia potencial
3152501,0.013167097684593997,0.5,0.0,0.1802668390738376,0.0,1.0,0.0,0.0,0.0,1.0,90.0,64,0.5,0.5,0.25,0.25,Entropia potencial
3152600,0.00044147875858273886,0.5,0.0,0.1751765915034331,0.0,1.0,0.0,0.0,0.0,1.0,90.0,64,0.5,0.5,0.25,0.25,Entropia potencial
3152709,0.00021640605689793964,0.5,0.0,0.17508656242275916,0.0,1.0,0.0,0.0,0.0,1.0,90.0,64,0.5,0.5,0.25,0.25,Entropia potencial
3152808,0.0016326846640078562,0.5,0.0,0.17565307386560314,0.0,1.0,0.0,0.0,0.0,1.0,90.0,64,0.5,0.5,0.25,0.25,Entropia potencial
3152907,0.00023821327190932533,0.5,0.0,0.17509528530876373,0.0,1.0,0.0,0.0,0.0,1.0,90.0,64,0.5,0.5,0.25,0.25,Entropia potencial
3153004,0.00021587324536188483,0.5,0.0,0.17508634929814473,0.0,1.0,0.0,0.0,0.0,1.0,90.0,64,0.5,0.5,0.25,0.25,Entropia potencial
3153103,6.032399180626773e-05,0.5,0.0,0.1750241295967225,0.0,1.0,0.0,0.0,0.0,1.0,90.0,64,0.5,0.5,0.25,0.25,Entropia potencial
3153202,3.589923440743822e-05,0.5,0.0,0.17501435969376297,0.0,1.0,0.0,0.0,0.0,1.0,90.0,64,0.5,0.5,0.25,0.25,Entropia potencial
3153301,2.0155922115914282e-05,0.5,0.0,0.17500806236884636,0.0,1.0,0.0,0.0,0.0,1.0,90.0,64,0.5,0.5,0.25,0.25,Entropia potencial
3153400,0.0009376373010531015,0.5,0.0,0.17537505492042124,0.0,1.0,0.0,0.0,0.0,1.0,90.0,64,0.5,0.5,0.25,0.25,Entropia potencial
3153509,0.00015096326854885972,0.5,0.0,0.17506038530741952,0.0,1.0,0.0,0.0,0.0,1.0,90.0,64,0.5,0.5,0.25,0.25,Entropia potencial
3153608,0.0002583480507103168,0.5,0.0,0.17510333922028412,0.0,1.0,0.0,0.0,0.0,1.0,90.0,64,0.5,0.5,0.25,0.25,Entropia potencial
3153707,6.430950666921732e-05,0.5,0.0,0.17502572380266768,0.0,1.0,0.0,0.0,0.0,1.0,90.0,64,0.5,0.5,0.25,0.25,Entropia potencial
3153806,2.7028556631573505e-05,0.5,0.0,0.17501081142265262,0.0,1.0,0.0,0.0,0.0,1.0,90.0,64,0.5,0.5,0.25,0.25,Entropia potencial
3153905,0.00028825844116586925,0.5,0.0,0.17511530337646633,0.0,1.0,0.0,0.0,0.0,1.0,90.0,64,0.5,0.5,0.25,0.25,Entropia potencial
3154002,0.0004591471696979846,0.5,0.0,0.17518365886787918,0.0,1.0,0.0,0.0,0.0,1.0,90.0,64,0.5,0.5,0.25,0.25,Entropia potencial
3154101,0.00011407875566601857,0.5,0.0,0.1750456315022664,0.0,1.0,0.0,0.0,0.0,1.0,90.0,64,0.5,0.5,0.25,0.25,Entropia potencial
3154150,0.00014201647483927287,0.5,0.0,0.1750568065899357,0.0,1.0,0.0,0.0,0.0,1.0,90.0,64,0.5,0.5,0.25,0.25,Entropia potencial
3154200,0.00020475186171248704,0.5,0.0,0.175081900744685,0.0,1.0,0.0,0.0,0.0,1.0,90.0,64,0.5,0.5,0.25,0.25,Entropia potencial
3154309,0.0003586307933892022,0.5,0.0,0.17514345231735567,0.0,1.0,0.0,0.0,0.0,1.0,90.0,64,0.5,0.5,0.25,0.25,Entropia potencial
3154408,0.00045532445835994067,0.5,0.0,0.17518212978334397,0.0,1.0,0.0,0.0,0.0,1.0,90.0,64,0.5,0.5,0.25,0.25,Entropia potencial
3154457,0.00015370872799158651,0.5,0.0,0.17506148349119663,0.0,1.0,0.0,0.0,0.0,1.0,90.0,64,0.5,0.5,0.25,0.25,Entropia potencial
3154507,0.00023985399314733536,0.5,0.0,0.17509594159725891,0.0,1.0,0.0,0.0,0.0,1.0,90.0,64,0.5,0.5,0.25,0.25,Entropia potencial
3154606,0.006060964856253235,0.5,0.0,0.1774243859425013,0.0,1.0,0.0,0.0,0.0,1.0,90.0,64,0.5,0.5,0.25,0.25,Entropia potencial
3154705,0.00011243169143353171,0.5,0.0,0.1750449726765734,0.0,1.0,0.0,0.0,0.0,1.0,90.0,64,0.5,0.5,0.25,0.25,Entropia potencial
3154804,0.00025543133041671523,0.5,0.0,0.17510217253216667,0.0,1.0,0.0,0.0,0.0,1.0,90.0,64,0.5,0.5,0.25,0.25,Entropia potencial
3154903,0.0002490418206470422,0.5,0.0,0.1750996167282588,0.0,1.0,0.0,0.0,0.0,1.0,90.0,64,0.5,0.5,0.25,0.25,Entropia potencial
3155009,4.313659110551591e-05,0.5,0.0,0.1750172546364422,0.0,1.0,0.0,0.0,0.0,1.0,90.0,64,0.5,0.5,0.25,0.25,Entropia potencial
3155108,4.120092062433269e-05,0.5,0.0,0.1750164803682497,0.0,1.0,0.0,0.0,0.0,1.0,90.0,64,0.5,0.5,0.25,0.25,Entropia potencial
3155207,4.588627921122727e-05,0.5,0.0,0.1750183545116845,0.0,1.0,0.0,0.0,0.0,1.0,90.0,64,0.5,0.5,0.25,0.25,Entropia potencial
3155306,0.00010901070307902112,0.5,0.0,0.17504360428123159,0.0,1.0,0.0,0.0,0.0,1.0,90.0,64,0.5,0.5,0.25,0.25,Entropia potencial
3155405,0.00011451219362193616,0.5,0.0,0.17504580487744875,0.0,1.0,0.0,0.0,0.0,1.0,90.0,64,0.5,0.5,0.25,0.25,Entropia potencial
3155504,0.0011475333312863081,0.5,0.0,0.1754590133325145,0.0,1.0,0.0,0.0,0.0,1.0,90.0,64,0.5,0.5,0.25,0.25,Entropia potencial
3155603,0.00035628917126150105,0.5,0.0,0.17514251566850458,0.0,1.0,0.0,0.0,0.0,1.0,90.0,64,0.5,0.5,0.25,0.25,Entropia potencial
3155702,0.00026363070794378074,0.5,0.0,0.1751054522831775,0.0,1.0,0.0,0.0,0.0,1.0,90.0,64,0.5,0.5,0.25,0.25,Entropia potencial
3155801,0.00047311021487300795,0.5,0.0,0.1751892440859492,0.0,1.0,0.0,0.0,0.0,1.0,90.0,64,0.5,0.5,0.25,0.25,Entropia potencial
3155900,5.713769424740035e-05,0.5,0.0,0.17502285507769894,0.0,1.0,0.0,0.0,0.0,1.0,90.0,64,0.5,0.5,0.25,0.25,Entropia potencial
3156007,0.0001401780636067346,0.5,0.0,0.17505607122544267,0.0,1.0,0.0,0.0,0.0,1.0,90.0,64,0.5,0.5,0.25,0.25,Entropia potencial
3156106,8.053382937523518e-05,0.5,0.0,0.17503221353175008,0.0,1.0,0.0,0.0,0.0,1.0,90.0,64,0.5,0.5,0.25,0.25,Entropia potencial
3156205,0.0001308094607644377,0.5,0.0,0.17505232378430577,0.0,1.0,0.0,0.0,0.0,1.0,90.0,64,0.5,0.5,0.25,0.25,Entropia potencial
3156304,0.0005544633477015021,0.5,0.0,0.1752217853390806,0.0,1.0,0.0,0.0,0.0,1.0,90.0,64,0.5,0.5,0.25,0.25,Entropia potencial
3156403,0.0003632939514954278,0.5,0.0,0.17514531758059815,0.0,1.0,0.0,0.0,0.0,1.0,90.0,64,0.5,0.5,0.25,0.25,Entropia potencial
3156452,6.816604731113777e-05,0.5,0.0,0.17502726641892444,0.0,1.0,0.0,0.0,0.0,1.0,90.0,64,0.5,0.5,0.25,0.25,Entropia potencial
3156502,5.547371536297524e-05,0.5,0.0,0.17502218948614517,0.0,1.0,0.0,0.0,0.0,1.0,90.0,64,0.5,0.5,0.25,0.25,Entropia potencial
3156601,0.00010880984158725444,0.5,0.0,0.1750435239366349,0.0,1.0,0.0,0.0,0.0,1.0,90.0,64,0.5,0.5,0.25,0.25,Entropia potencial
3156700,0.004136854482504073,0.5,0.0,0.1766547417930016,0.0,1.0,0.0,0.0,0.0,1.0,90.0,64,0.5,0.5,0.25,0.25,Entropia potencial
3156809,0.0003045895376122473,0.5,0.0,0.1751218358150449,0.0,1.0,0.0,0.0,0.0,1.0,90.0,64,0.5,0.5,0.25,0.25,Entropia potencial
3156908,0.002239848781320207,0.5,0.0,0.17589593951252808,0.0,1.0,0.0,0.0,0.0,1.0,90.0,64,0.5,0.5,0.25,0.25,Entropia potencial
3157005,0.0008147745552024017,0.5,0.0,0.17532590982208096,0.0,1.0,0.0,0.0,0.0,1.0,90.0,64,0.5,0.5,0.25,0.25,Entropia potencial
3157104,0.00010194672156331049,0.5,0.0,0.1750407786886253,0.0,1.0,0.0,0.0,0.0,1.0,90.0,64,0.5,0.5,0.25,0.25,Entropia potencial
3157203,0.0011964071608961285,0.5,0.0,0.17547856286435845,0.0,1.0,0.0,0.0,0.0,1.0,90.0,64,0.5,0.5,0.25,0.25,Entropia potencial
3157252,0.00013543456090380228,0.5,0.0,0.1750541738243615,0.0,1.0,0.0,0.0,0.0,1.0,90.0,64,0.5,0.5,0.25,0.25,Entropia potencial
3157278,3.9991523010747995e-05,0.5,0.0,0.17501599660920428,0.0,1.0,0.0,0.0,0.0,1.0,90.0,64,0.5,0.5,0.25,0.25,Entropia potencial
3157302,5.450006571077986e-05,0.5,0.0,0.1750218000262843,0.0,1.0,0.0,0.0,0.0,1.0,90.0,64,0.5,0.5,0.25,0.25,Entropia potencial
3157336,0.00010586986364723779,0.5,0.0,0.1750423479454589,0.0,1.0,0.0,0.0,0.0,1.0,90.0,64,0.5,0.5,0.25,0.25,Entropia potencial
3157377,3.457883439050877e-05,0.5,0.0,0.1750138315337562,0.0,1.0,0.0,0.0,0.0,1.0,90.0,64,0.5,0.5,0.25,0.25,Entropia potencial
3157401,9.367228526826899e-05,0.5,0.0,0.1750374689141073,0.0,1.0,0.0,0.0,0.0,1.0,90.0,64,0.5,0.5,0.25,0.25,Entropia potencial
3157500,3.633795819208652e-05,0.5,0.0,0.17501453518327684,0.0,1.0,0.0,0.0,0.0,1.0,90.0,64,0.5,0.5,0.25,0.25,Entropia potencial
3157609,4.2267600862188435e-05,0.5,0.0,0.17501690704034487,0.0,1.0,0.0,0.0,0.0,1.0,90.0,64,0.5,0.5,0.25,0.25,Entropia potencial
3157658,4.1114233033149174e-05,0.5,0.0,0.17501644569321326,0.0,1.0,0.0,0.0,0.0,1.0,90.0,64,0.5,0.5,0.25,0.25,Entropia potencial
3157708,0.0009552147959141791,0.5,0.0,0.17538208591836565,0.0,1.0,0.0,0.0,0.0,1.0,90.0,64,0.5,0.5,0.25,0.25,Entropia potencial
3157807,0.006065297121480919,0.5,0.0,0.17742611884859236,0.0,1.0,0.0,0.0,0.0,1.0,90.0,64,0.5,0.5,0.25,0.25,Entropia potencial
3157906,0.0005539432221544009,0.5,0.0,0.17522157728886176,0.0,1.0,0.0,0.0,0.0,1.0,90.0,64,0.5,0.5,0.25,0.25,Entropia potencial
3158003,0.00026613090493340295,0.5,0.0,0.17510645236197336,0.0,1.0,0.0,0.0,0.0,1.0,90.0,64,0.5,0.5,0.25,0.25,Entropia potencial
3158102,3.15003677377477e-05,0.5,0.0,0.17501260014709508,0.0,1.0,0.0,0.0,0.0,1.0,90.0,64,0.5,0.5,0.25,0.25,Entropia potencial
3158201,0.00016680066859179016,0.5,0.0,0.1750667202674367,0.0,1.0,0.0,0.0,0.0,1.0,90.0,64,0.5,0.5,0.25,0.25,Entropia potencial
3158300,0.00020417464921509434,0.5,0.0,0.17508166985968604,0.0,1.0,0.0,0.0,0.0,1.0,90.0,64,0.5,0.5,0.25,0.25,Entropia potencial
3158409,3.264527824081785e-05,0.5,0.0,0.1750130581112963,0.0,1.0,0.0,0.0,0.0,1.0,90.0,64,0.5,0.5,0.25,0.25,Entropia potencial
3158508,0.00011014081326164531,0.5,0.0,0.17504405632530465,0.0,1.0,0.0,0.0,0.0,1.0,90.0,64,0.5,0.5,0.25,0.25,Entropia potencial
3158607,3.168325741183001e-05,0.5,0.0,0.17501267330296472,0.0,1.0,0.0,0.0,0.0,1.0,90.0,64,0.5,0.5,0.25,0.25,Entropia potencial
3158706,2.087162332605138e-05,0.5,0.0,0.1750083486493304,0.0,1.0,0.0,0.0,0.0,1.0,90.0,64,0.5,0.5,0.25,0.25,Entropia potencial
3158805,0.00010373333167428789,0.5,0.0,0.17504149333266972,0.0,1.0,0.0,0.0,0.0,1.0,90.0,64,0.5,0.5,0.25,0.25,Entropia potencial
3158904,0.00023692141536754165,0.5,0.0,0.175094768566147,0.0,1.0,0.0,0.0,0.0,1.0,90.0,64,0.5,0.5,0.25,0.25,Entropia potencial
3158953,0.001232993553038558,0.5,0.0,0.1754931974212154,0.0,1.0,0.0,0.0,0.0,1.0,90.0,64,0.5,0.5,0.25,0.25,Entropia potencial
3159001,0.0001070221743105309,0.5,0.0,0.1750428088697242,0.0,1.0,0.0,0.0,0.0,1.0,90.0,64,0.5,0.5,0.25,0.25,Entropia potencial
3159100,3.420248338488276e-05,0.5,0.0,0.17501368099335393,0.0,1.0,0.0,0.0,0.0,1.0,90.0,64,0.5,0.5,0.25,0.25,Entropia potencial
3159209,0.00023145269696275698,0.5,0.0,0.1750925810787851,0.0,1.0,0.0,0.0,0.0,1.0,90.0,64,0.5,0.5,0.25,0.25,Entropia potencial
3159308,6.275547302239082e-05,0.5,0.0,0.17502510218920894,0.0,1.0,0.0,0.0,0.0,1.0,90.0,64,0.5,0.5,0.25,0.25,Entropia potencial
3159357,0.00017662596703641972,0.5,0.0,0.17507065038681455,0.0,1.0,0.0,0.0,0.0,1.0,90.0,64,0.5,0.5,0.25,0.25,Entropia potencial
3159407,4.811795610132982e-05,0.5,0.0,0.17501924718244052,0.0,1.0,0.0,0.0,0.0,1.0,90.0,64,0.5,0.5,0.25,0.25,Entropia potencial
3159506,0.0002893980658402087,0.5,0.0,0.17511575922633607,0.0,1.0,0.0,0.0,0.0,1.0,90.0,64,0.5,0.5,0.25,0.25,Entropia potencial
3159605,0.002290798884455447,0.5,0.0,0.17591631955378217,0.0,1.0,0.0,0.0,0.0,1.0,90.0,64,0.5,0.5,0.25,0.25,Entropia potencial
3159704,0.00017102087425038292,0.5,0.0,0.17506840834970014,0.0,1.0,0.0,0.0,0.0,1.0,90.0,64,0.5,0.5,0.25,0.25,Entropia potencial
3159803,0.001171101784430764,0.5,0.0,0.1754684407137723,0.0,1.0,0.0,0.0,0.0,1.0,90.0,64,0.5,0.5,0.25,0.25,Entropia potencial
3159902,0.00041516273166406403,0.5,0.0,0.1751660650926656,0.0,1.0,0.0,0.0,0.0,1.0,90.0,64,0.5,0.5,0.25,0.25,Entropia potencial
3160009,4.975233434486299e-05,0.5,0.0,0.17501990093373793,0.0,1.0,0.0,0.0,0.0,1.0,90.0,64,0.5,0.5,0.25,0.25,Entropia potencial
3160108,7.293386482623131e-05,0.5,0.0,0.17502917354593048,0.0,1.0,0.0,0.0,0.0,1.0,90.0,64,0.5,0.5,0.25,0.25,Entropia potencial
3160207,3.1129302560852396e-05,0.5,0.0,0.17501245172102434,0.0,1.0,0.0,0.0,0.0,1.0,90.0,64,0.5,0.5,0.25,0.25,Entropia potencial
3160306,0.00010839543261476737,0.5,0.0,0.1750433581730459,0.0,1.0,0.0,0.0,0.0,1.0,90.0,64,0.5,0.5,0.25,0.25,Entropia potencial
3160405,0.0008532765316768378,0.5,0.0,0.17534131061267072,0.0,1.0,0.0,0.0,0.0,1.0,90.0,64,0.5,0.5,0.25,0.25,Entropia potencial
3160454,5.897081965120792e-05,0.5,0.0,0.17502358832786047,0.0,1.0,0.0,0.0,0.0,1.0,90.0,64,0.5,0.5,0.25,0.25,Entropia potencial
3160504,1.2035832019809297e-05,0.5,0.0,0.1750048143328079,0.0,1.0,0.0,0.0,0.0,1.0,90.0,64,0.5,0.5,0.25,0.25,Entropia potencial
3160603,3.007425114620421e-05,0.5,0.0,0.17501202970045848,0.0,1.0,0.0,0.0,0.0,1.0,90.0,64,0.5,0.5,0.25,0.25,Entropia potencial
3160702,0.0012548990844643347,0.5,0.0,0.17550195963378573,0.0,1.0,0.0,0.0,0.0,1.0,90.0,64,0.5,0.5,0.25,0.25,Entropia potencial
3160801,7.079204702455071e-05,0.5,0.0,0.17502831681880981,0.0,1.0,0.0,0.0,0.0,1.0,90.0,64,0.5,0.5,0.25,0.25,Entropia potencial
3160900,7.362947988719175e-05,0.5,0.0,0.17502945179195487,0.0,1.0,0.0,0.0,0.0,1.0,90.0,64,0.5,0.5,0.25,0.25,Entropia potencial
3160959,0.00010497021559727223,0.5,0.0,0.1750419880862389,0.0,1.0,0.0,0.0,0.0,1.0,90.0,64,0.5,0.5,0.25,0.25,Entropia potencial
3161007,0.00035592127758184416,0.5,0.0,0.17514236851103274,0.0,1.0,0.0,0.0,0.0,1.0,90.0,64,0.5,0.5,0.25,0.25,Entropia potencial
3161056,2.7099386736564914e-05,0.5,0.0,0.1750108397546946,0.0,1.0,0.0,0.0,0.0,1.0,90.0,64,0.5,0.5,0.25,0.25,Entropia potencial
3161106,0.0007449498148355695,0.5,0.0,0.1752979799259342,0.0,1.0,0.0,0.0,0.0,1.0,90.0,64,0.5,0.5,0.25,0.25,Entropia potencial
3161205,0.00020853440075217766,0.5,0.0,0.17508341376030087,0.0,1.0,0.0,0.0,0.0,1.0,90.0,64,0.5,0.5,0.25,0.25,Entropia potencial
3161304,0.00018225854613185616,0.5,0.0,0.17507290341845272,0.0,1.0,0.0,0.0,0.0,1.0,90.0,64,0.5,0.5,0.25,0.25,Entropia potencial
3161403,7.008797463762115e-05,0.5,0.0,0.17502803518985505,0.0,1.0,0.0,0.0,0.0,1.0,90.0,64,0.5,0.5,0.25,0.25,Entropia potencial
3161502,0.000284734907733983,0.5,0.0,0.17511389396309357,0.0,1.0,0.0,0.0,0.0,1.0,90.0,64,0.5,0.5,0.25,0.25,Entropia potencial
3161601,2.70676717641807e-05,0.5,0.0,0.17501082706870566,0.0,1.0,0.0,0.0,0.0,1.0,90.0,64,0.5,0.5,0.25,0.25,Entropia potencial
3161650,2.9871275322945238e-05,0.5,0.0,0.17501194851012916,0.0,1.0,0.0,0.0,0.0,1.0,90.0,64,0.5,0.5,0.25,0.25,Entropia potencial
3161700,0.0003787613435272091,0.5,0.0,0.17515150453741088,0.0,1.0,0.0,0.0,0.0,1.0,90.0,64,0.5,0.5,0.25,0.25,Entropia potencial
3161809,0.00032541147414823007,0.5,0.0,0.17513016458965927,0.0,1.0,0.0,0.0,0.0,1.0,90.0,64,0.5,0.5,0.25,0.25,Entropia potencial
3161908,0.0040356372053056,0.5,0.0,0.17661425488212223,0.0,1.0,0.0,0.0,0.0,1.0,90.0,64,0.5,0.5,0.25,0.25,Entropia potencial
3162005,0.0011519966850665132,0.5,0.0,0.17546079867402659,0.0,1.0,0.0,0.0,0.0,1.0,90.0,64,0.5,0.5,0.25,0.25,Entropia potencial
3162104,0.0015085120897976884,0.5,0.0,0.17560340483591907,0.0,1.0,0.0,0.0,0.0,1.0,90.0,64,0.5,0.5,0.25,0.25,Entropia potencial
3162203,0.00025823070531249523,0.5,0.0,0.17510329228212498,0.0,1.0,0.0,0.0,0.0,1.0,90.0,64,0.5,0.5,0.25,0.25,Entropia potencial
3162252,4.6662238868894386e-05,0.5,0.0,0.17501866489554754,0.0,1.0,0.0,0.0,0.0,1.0,90.0,64,0.5,0.5,0.25,0.25,Entropia potencial
3162302,4.3609144194040695e-05,0.5,0.0,0.1750174436576776,0.0,1.0,0.0,0.0,0.0,1.0,90.0,64,0.5,0.5,0.25,0.25,Entropia potencial
3162401,0.00028962747080712114,0.5,0.0,0.17511585098832283,0.0,1.0,0.0,0.0,0.0,1.0,90.0,64,0.5,0.5,0.25,0.25,Entropia potencial
3162450,8.860423268127156e-05,0.5,0.0,0.1750354416930725,0.0,1.0,0.0,0.0,0.0,1.0,90.0,64,0.5,0.5,0.25,0.25,Entropia potencial
3162500,0.0034521017995852348,0.5,0.0,0.1763808407198341,0.0,1.0,0.0,0.0,0.0,1.0,90.0,64,0.5,0.5,0.25,0.25,Entropia potencial
3162559,0.00025450736755458844,0.5,0.0,0.17510180294702182,0.0,1.0,0.0,0.0,0.0,1.0,90.0,64,0.5,0.5,0.25,0.25,Entropia potencial
3162575,6.938601658218388e-05,0.5,0.0,0.17502775440663287,0.0,1.0,0.0,0.0,0.0,1.0,90.0,64,0.5,0.5,0.25,0.25,Entropia potencial
3162609,9.593144846777118e-05,0.5,0.0,0.1750383725793871,0.0,1.0,0.0,0.0,0.0,1.0,90.0,64,0.5,0.5,0.25,0.25,Entropia potencial
3162658,2.738059282503828e-05,0.5,0.0,0.17501095223713,0.0,1.0,0.0,0.0,0.0,1.0,90.0,64,0.5,0.5,0.25,0.25,Entropia potencial
3162708,0.0002808688526003473,0.5,0.0,0.17511234754104013,0.0,1.0,0.0,0.0,0.0,1.0,90.0,64,0.5,0.5,0.25,0.25,Entropia potencial
3162807,0.0002523454636037312,0.5,0.0,0.17510093818544148,0.0,1.0,0.0,0.0,0.0,1.0,90.0,64,0.5,0.5,0.25,0.25,Entropia potencial
3162906,0.0005930372114466756,0.5,0.0,0.17523721488457866,0.0,1.0,0.0,0.0,0.0,1.0,90.0,64,0.5,0.5,0.25,0.25,Entropia potencial
3162922,0.0009893739355034703,0.5,0.0,0.17539574957420137,0.0,1.0,0.0,0.0,0.0,1.0,90.0,64,0.5,0.5,0.25,0.25,Entropia potencial
3162948,0.000684334045283367,0.5,0.0,0.17527373361811333,0.0,1.0,0.0,0.0,0.0,1.0,90.0,64,0.5,0.5,0.25,0.25,Entropia potencial
3162955,0.0010098702649896417,0.5,0.0,0.17540394810599585,0.0,1.0,0.0,0.0,0.0,1.0,90.0,64,0.5,0.5,0.25,0.25,Entropia potencial
3163003,2.867984952704492e-05,0.5,0.0,0.17501147193981081,0.0,1.0,0.0,0.0,0.0,1.0,90.0,64,0.5,0.5,0.25,0.25,Entropia potencial
3163102,0.00010669762442646577,0.5,0.0,0.17504267904977058,0.0,1.0,0.0,0.0,0.0,1.0,90.0,64,0.5,0.5,0.25,0.25,Entropia potencial
3163201,5.130002499721265e-05,0.5,0.0,0.17502052000999888,0.0,1.0,0.0,0.0,0.0,1.0,90.0,64,0.5,0.5,0.25,0.25,Entropia potencial
3163300,3.5100017103356017e-05,0.5,0.0,0.17501404000684134,0.0,1.0,0.0,0.0,0.0,1.0,90.0,64,0.5,0.5,0.25,0.25,Entropia potencial
3163409,5.5845837705616685e-05,0.5,0.0,0.17502233833508224,0.0,1.0,0.0,0.0,0.0,1.0,90.0,64,0.5,0.5,0.25,0.25,Entropia potencial
3163508,0.0001008345831983707,0.5,0.0,0.17504033383327933,0.0,1.0,0.0,0.0,0.0,1.0,90.0,64,0.5,0.5,0.25,0.25,Entropia potencial
3163607,3.824614236387007e-05,0.5,0.0,0.17501529845694555,0.0,1.0,0.0,0.0,0.0,1.0,90.0,64,0.5,0.5,0.25,0.25,Entropia potencial
3163706,0.001298235479895871,0.5,0.0,0.17551929419195833,0.0,1.0,0.0,0.0,0.0,1.0,90.0,64,0.5,0.5,0.25,0.25,Entropia potencial
3163805,0.00011560107434046085,0.5,0.0,0.17504624042973618,0.0,1.0,0.0,0.0,0.0,1.0,90.0,64,0.5,0.5,0.25,0.25,Entropia potencial
3163904,0.0001730675471349109,0.5,0.0,0.17506922701885394,0.0,1.0,0.0,0.0,0.0,1.0,90.0,64,0.5,0.5,0.25,0.25,Entropia potencial
3164001,0.0001294954037419851,0.5,0.0,0.1750517981614968,0.0,1.0,0.0,0.0,0.0,1.0,90.0,64,0.5,0.5,0.25,0.25,Entropia potencial
3164100,7.850407114264546e-05,0.5,0.0,0.17503140162845704,0.0,1.0,0.0,0.0,0.0,1.0,90.0,64,0.5,0.5,0.25,0.25,Entropia potencial
3164209,0.0002615385769321687,0.5,0.0,0.17510461543077285,0.0,1.0,0.0,0.0,0.0,1.0,90.0,64,0.5,0.5,0.25,0.25,Entropia potencial
3164308,0.00035574895956522326,0.5,0.0,0.17514229958382607,0.0,1.0,0.0,0.0,0.0,1.0,90.0,64,0.5,0.5,0.25,0.25,Entropia potencial
3164407,0.0006313214117774068,0.5,0.0,0.17525252856471096,0.0,1.0,0.0,0.0,0.0,1.0,90.0,64,0.5,0.5,0.25,0.25,Entropia potencial
3164431,5.689137462854961e-05,0.5,0.0,0.17502275654985142,0.0,1.0,0.0,0.0,0.0,1.0,90.0,64,0.5,0.5,0.25,0.25,Entropia potencial
3164472,0.00011704093408670418,0.5,0.0,0.17504681637363467,0.0,1.0,0.0,0.0,0.0,1.0,90.0,64,0.5,0.5,0.25,0.25,Entropia potencial
3164506,9.179158740588508e-05,0.5,0.0,0.17503671663496234,0.0,1.0,0.0,0.0,0.0,1.0,90.0,64,0.5,0.5,0.25,0.25,Entropia potencial
3164605,0.000794449486567105,0.5,0.0,0.17531777979462684,0.0,1.0,0.0,0.0,0.0,1.0,90.0,64,0.5,0.5,0.25,0.25,Entropia potencial
3164704,0.0026607984382786437,0.5,0.0,0.17606431937531145,0.0,1.0,0.0,0.0,0.0,1.0,90.0,64,0.5,0.5,0.25,0.25,Entropia potencial
3164803,7.295500814115412e-06,0.5,0.0,0.17500291820032562,0.0,1.0,0.0,0.0,0.0,1.0,90.0,64,0.5,0.5,0.25,0.25,Entropia potencial
3164902,2.1614810845588132e-05,0.5,0.0,0.17500864592433824,0.0,1.0,0.0,0.0,0.0,1.0,90.0,64,0.5,0.5,0.25,0.25,Entropia potencial
3165008,0.0002473778417626171,0.5,0.0,0.17509895113670504,0.0,1.0,0.0,0.0,0.0,1.0,90.0,64,0.5,0.5,0.25,0.25,Entropia potencial
3165107,0.00024509119225371524,0.5,0.0,0.17509803647690148,0.0,1.0,0.0,0.0,0.0,1.0,90.0,64,0.5,0.5,0.25,0.25,Entropia potencial
3165206,0.000143417219452909,0.5,0.0,0.17505736688778115,0.0,1.0,0.0,0.0,0.0,1.0,90.0,64,0.5,0.5,0.25,0.25,Entropia potencial
3165305,0.00021348616510709963,0.5,0.0,0.17508539446604282,0.0,1.0,0.0,0.0,0.0,1.0,90.0,64,0.5,0.5,0.25,0.25,Entropia potencial
3165404,0.00012314923776790383,0.5,0.0,0.17504925969510715,0.0,1.0,0.0,0.0,0.0,1.0,90.0,64,0.5,0.5,0.25,0.25,Entropia potencial
3165503,5.344924295911623e-05,0.5,0.0,0.17502137969718365,0.0,1.0,0.0,0.0,0.0,1.0,90.0,64,0.5,0.5,0.25,0.25,Entropia potencial
3165537,0.00170470302329793,0.5,0.0,0.17568188120931916,0.0,1.0,0.0,0.0,0.0,1.0,90.0,64,0.5,0.5,0.25,0.25,Entropia potencial
3165552,0.00011557781669404576,0.5,0.0,0.1750462311266776,0.0,1.0,0.0,0.0,0.0,1.0,90.0,64,0.5,0.5,0.25,0.25,Entropia potencial
3165560,1.6657760661935447e-05,0.5,0.0,0.17500666310426477,0.0,1.0,0.0,0.0,0.0,1.0,90.0,64,0.5,0.5,0.25,0.25,Entropia potencial
3165578,8.460920332660671e-05,0.5,0.0,0.17503384368133063,0.0,1.0,0.0,0.0,0.0,1.0,90.0,64,0.5,0.5,0.25,0.25,Entropia potencial
3165602,2.291301038184864e-05,0.5,0.0,0.17500916520415272,0.0,1.0,0.0,0.0,0.0,1.0,90.0,64,0.5,0.5,0.25,0.25,Entropia potencial
3165701,0.00010824320074732314,0.5,0.0,0.1750432972802989,0.0,1.0,0.0,0.0,0.0,1.0,90.0,64,0.5,0.5,0.25,0.25,Entropia potencial
3165800,2.5296919139395406e-05,0.5,0.0,0.17501011876765574,0.0,1.0,0.0,0.0,0.0,1.0,90.0,64,0.5,0.5,0.25,0.25,Entropia potencial
3165909,6.938813091367616e-05,0.5,0.0,0.17502775525236547,0.0,1.0,0.0,0.0,0.0,1.0,90.0,64,0.5,0.5,0.25,0.25,Entropia potencial
3166006,6.924752786943948e-05,0.5,0.0,0.17502769901114776,0.0,1.0,0.0,0.0,0.0,1.0,90.0,64,0.5,0.5,0.25,0.25,Entropia potencial
3166105,3.163885645049211e-05,0.5,0.0,0.1750126555425802,0.0,1.0,0.0,0.0,0.0,1.0,90.0,64,0.5,0.5,0.25,0.25,Entropia potencial
3166204,0.0001119327092013534,0.5,0.0,0.17504477308368052,0.0,1.0,0.0,0.0,0.0,1.0,90.0,64,0.5,0.5,0.25,0.25,Entropia potencial
3166303,0.0001636704008174682,0.5,0.0,0.17506546816032698,0.0,1.0,0.0,0.0,0.0,1.0,90.0,64,0.5,0.5,0.25,0.25,Entropia potencial
3166402,2.867984952704492e-05,0.5,0.0,0.17501147193981081,0.0,1.0,0.0,0.0,0.0,1.0,90.0,64,0.5,0.5,0.25,0.25,Entropia potencial
3166501,2.9097429996770408e-05,0.5,0.0,0.1750116389719987,0.0,1.0,0.0,0.0,0.0,1.0,90.0,64,0.5,0.5,0.25,0.25,Entropia potencial
3166600,1.585748619210709e-06,0.5,0.0,0.17500063429944768,0.0,1.0,0.0,0.0,0.0,1.0,90.0,64,0.5,0.5,0.25,0.25,Entropia potencial
3166709,0.0001385013987333558,0.5,0.0,0.17505540055949334,0.0,1.0,0.0,0.0,0.0,1.0,90.0,64,0.5,0.5,0.25,0.25,Entropia potencial
3166808,0.0009102683370512707,0.5,0.0,0.1753641073348205,0.0,1.0,0.0,0.0,0.0,1.0,90.0,64,0.5,0.5,0.25,0.25,Entropia potencial
3166907,0.00018945044470284982,0.5,0.0,0.17507578017788114,0.0,1.0,0.0,0.0,0.0,1.0,90.0,64,0.5,0.5,0.25,0.25,Entropia potencial
3166956,3.381238922455693e-05,0.5,0.0,0.1750135249556898,0.0,1.0,0.0,0.0,0.0,1.0,90.0,64,0.5,0.5,0.25,0.25,Entropia potencial
3167004,2.345745074111098e-05,0.5,0.0,0.17500938298029645,0.0,1.0,0.0,0.0,0.0,1.0,90.0,64,0.5,0.5,0.25,0.25,Entropia potencial
3167103,0.0003321530201113679,0.5,0.0,0.17513286120804453,0.0,1.0,0.0,0.0,0.0,1.0,90.0,64,0.5,0.5,0.25,0.25,Entropia potencial
3167202,0.015643437614823067,0.5,0.0,0.1812573750459292,0.0,1.0,0.0,0.0,0.0,1.0,90.0,64,0.5,0.5,0.25,0.25,Entropia potencial
3167301,1.955228047486807e-05,0.5,0.0,0.17500782091218994,0.0,1.0,0.0,0.0,0.0,1.0,90.0,64,0.5,0.5,0.25,0.25,Entropia potencial
3167400,0.00014568906864136487,0.5,0.0,0.17505827562745654,0.0,1.0,0.0,0.0,0.0,1.0,90.0,64,0.5,0.5,0.25,0.25,Entropia potencial
3167509,9.183387403573071e-05,0.5,0.0,0.17503673354961427,0.0,1.0,0.0,0.0,0.0,1.0,90.0,64,0.5,0.5,0.25,0.25,Entropia potencial
3167608,0.0005007667279577889,0.5,0.0,0.1752003066911831,0.0,1.0,0.0,0.0,0.0,1.0,90.0,64,0.5,0.5,0.25,0.25,Entropia potencial
3167707,5.4558209826817585e-05,0.5,0.0,0.1750218232839307,0.0,1.0,0.0,0.0,0.0,1.0,90.0,64,0.5,0.5,0.25,0.25,Entropia potencial
3167806,7.84892708221995e-05,0.5,0.0,0.17503139570832887,0.0,1.0,0.0,0.0,0.0,1.0,90.0,64,0.5,0.5,0.25,0.25,Entropia potencial
3167905,6.22142041603669e-05,0.5,0.0,0.17502488568166413,0.0,1.0,0.0,0.0,0.0,1.0,90.0,64,0.5,0.5,0.25,0.25,Entropia potencial
3168002,0.0006320793996173895,0.5,0.0,0.17525283175984693,0.0,1.0,0.0,0.0,0.0,1.0,90.0,64,0.5,0.5,0.25,0.25,Entropia potencial
3168051,3.668893721980515e-05,0.5,0.0,0.17501467557488792,0.0,1.0,0.0,0.0,0.0,1.0,90.0,64,0.5,0.5,0.25,0.25,Entropia potencial
3168101,0.0006576131238839204,0.5,0.0,0.17526304524955355,0.0,1.0,0.0,0.0,0.0,1.0,90.0,64,0.5,0.5,0.25,0.25,Entropia potencial
3168200,4.8711026084914626e-05,0.5,0.0,0.17501948441043397,0.0,1.0,0.0,0.0,0.0,1.0,90.0,64,0.5,0.5,0.25,0.25,Entropia potencial
3168309,5.866107008758877e-05,0.5,0.0,0.175023464428035,0.0,1.0,0.0,0.0,0.0,1.0,90.0,64,0.5,0.5,0.25,0.25,Entropia potencial
3168408,0.00018467416986178714,0.5,0.0,0.1750738696679447,0.0,1.0,0.0,0.0,0.0,1.0,90.0,64,0.5,0.5,0.25,0.25,Entropia potencial
3168507,0.00021846012994269055,0.5,0.0,0.17508738405197707,0.0,1.0,0.0,0.0,0.0,1.0,90.0,64,0.5,0.5,0.25,0.25,Entropia potencial
3168606,0.003203696392717369,0.5,0.0,0.17628147855708692,0.0,1.0,0.0,0.0,0.0,1.0,90.0,64,0.5,0.5,0.25,0.25,Entropia potencial
3168705,0.005748660123025655,0.5,0.0,0.17729946404921026,0.0,1.0,0.0,0.0,0.0,1.0,90.0,64,0.5,0.5,0.25,0.25,Entropia potencial
3168804,0.0002452592816073516,0.5,0.0,0.17509810371264292,0.0,1.0,0.0,0.0,0.0,1.0,90.0,64,0.5,0.5,0.25,0.25,Entropia potencial
3168903,0.0004372120376313159,0.5,0.0,0.17517488481505253,0.0,1.0,0.0,0.0,0.0,1.0,90.0,64,0.5,0.5,0.25,0.25,Entropia potencial
3169000,0.00038693640624211335,0.5,0.0,0.17515477456249684,0.0,1.0,0.0,0.0,0.0,1.0,90.0,64,0.5,0.5,0.25,0.25,Entropia potencial
3169059,5.529716868336977e-05,0.5,0.0,0.17502211886747335,0.0,1.0,0.0,0.0,0.0,1.0,90.0,64,0.5,0.5,0.25,0.25,Entropia potencial
3169109,0.00010032714364022327,0.5,0.0,0.17504013085745607,0.0,1.0,0.0,0.0,0.0,1.0,90.0,64,0.5,0.5,0.25,0.25,Entropia potencial
3169208,0.00013140675941100707,0.5,0.0,0.1750525627037644,0.0,1.0,0.0,0.0,0.0,1.0,90.0,64,0.5,0.5,0.25,0.25,Entropia potencial
3169307,0.003449460999551376,0.5,0.0,0.17637978439982055,0.0,1.0,0.0,0.0,0.0,1.0,90.0,64,0.5,0.5,0.25,0.25,Entropia potencial
3169356,0.002774010318032827,0.5,0.0,0.17610960412721313,0.0,1.0,0.0,0.0,0.0,1.0,90.0,64,0.5,0.5,0.25,0.25,Entropia potencial
3169406,0.0022758262459928592,0.5,0.0,0.17591033049839713,0.0,1.0,0.0,0.0,0.0,1.0,90.0,64,0.5,0.5,0.25,0.25,Entropia potencial
3169505,7.512642658372665e-05,0.5,0.0,0.17503005057063348,0.0,1.0,0.0,0.0,0.0,1.0,90.0,64,0.5,0.5,0.25,0.25,Entropia potencial
3169604,0.0012278980141421608,0.5,0.0,0.17549115920565686,0.0,1.0,0.0,0.0,0.0,1.0,90.0,64,0.5,0.5,0.25,0.25,Entropia potencial
3169703,0.00045886279211227284,0.5,0.0,0.1751835451168449,0.0,1.0,0.0,0.0,0.0,1.0,90.0,64,0.5,0.5,0.25,0.25,Entropia potencial
3169802,0.0001361037468211092,0.5,0.0,0.17505444149872842,0.0,1.0,0.0,0.0,0.0,1.0,90.0,64,0.5,0.5,0.25,0.25,Entropia potencial
3169901,0.0039614801997110835,0.5,0.0,0.17658459207988442,0.0,1.0,0.0,0.0,0.0,1.0,90.0,64,0.5,0.5,0.25,0.25,Entropia potencial
3170008,0.00010935639627800907,0.5,0.0,0.17504374255851118,0.0,1.0,0.0,0.0,0.0,1.0,90.0,64,0.5,0.5,0.25,0.25,Entropia potencial
3170057,0.00019372668014598803,0.5,0.0,0.17507749067205838,0.0,1.0,0.0,0.0,0.0,1.0,90.0,64,0.5,0.5,0.25,0.25,Entropia potencial
3170107,0.024908391698705352,0.5,0.0,0.18496335667948213,0.0,1.0,0.0,0.0,0.0,1.0,90.0,64,0.5,0.5,0.25,0.25,Entropia potencial
3170206,0.050500584631158016,0.5,0.0,0.1952002338524632,0.0,1.0,0.0,0.0,0.0,1.0,90.0,64,0.5,0.5,0.25,0.25,Entropia potencial
3170305,2.517534507858925e-05,0.5,0.0,0.17501007013803144,0.0,1.0,0.0,0.0,0.0,1.0,90.0,64,0.5,0.5,0.25,0.25,Entropia potencial
3170404,0.005120776614254697,0.5,0.0,0.17704831064570187,0.0,1.0,0.0,0.0,0.0,1.0,90.0,64,0.5,0.5,0.25,0.25,Entropia potencial
3170438,0.0001345549990030134,0.5,0.0,0.1750538219996012,0.0,1.0,0.0,0.0,0.0,1.0,90.0,64,0.5,0.5,0.25,0.25,Entropia potencial
3170479,7.64647984183405e-05,0.5,0.0,0.17503058591936732,0.0,1.0,0.0,0.0,0.0,1.0,90.0,64,0.5,0.5,0.25,0.25,Entropia potencial
3170503,0.00026960475157522057,0.5,0.0,0.17510784190063008,0.0,1.0,0.0,0.0,0.0,1.0,90.0,64,0.5,0.5,0.25,0.25,Entropia potencial
3170529,0.0001934729603669143,0.5,0.0,0.17507738918414675,0.0,1.0,0.0,0.0,0.0,1.0,90.0,64,0.5,0.5,0.25,0.25,Entropia potencial
3170578,6.34680027352895e-05,0.5,0.0,0.17502538720109412,0.0,1.0,0.0,0.0,0.0,1.0,90.0,64,0.5,0.5,0.25,0.25,Entropia potencial
3170602,7.908339797153045e-05,0.5,0.0,0.1750316333591886,0.0,1.0,0.0,0.0,0.0,1.0,90.0,64,0.5,0.5,0.25,0.25,Entropia potencial
3170651,5.1568545096732324e-05,0.5,0.0,0.17502062741803867,0.0,1.0,0.0,0.0,0.0,1.0,90.0,64,0.5,0.5,0.25,0.25,Entropia potencial
3170701,0.010470981453068294,0.5,0.0,0.17918839258122732,0.0,1.0,0.0,0.0,0.0,1.0,90.0,64,0.5,0.5,0.25,0.25,Entropia potencial
3170750,0.000385127595650467,0.5,0.0,0.17515405103826018,0.0,1.0,0.0,0.0,0.0,1.0,90.0,64,0.5,0.5,0.25,0.25,Entropia potencial
3170800,0.0013158753475359711,0.5,0.0,0.17552635013901438,0.0,1.0,0.0,0.0,0.0,1.0,90.0,64,0.5,0.5,0.25,0.25,Entropia potencial
3170909,0.00018847256638766989,0.5,0.0,0.17507538902655506,0.0,1.0,0.0,0.0,0.0,1.0,90.0,64,0.5,0.5,0.25,0.25,Entropia potencial
3171006,0.0011759214030674183,0.5,0.0,0.17547036856122697,0.0,1.0,0.0,0.0,0.0,1.0,90.0,64,0.5,0.5,0.25,0.25,Entropia potencial
3171030,9.834178636897147e-05,0.5,0.0,0.17503933671454758,0.0,1.0,0.0,0.0,0.0,1.0,90.0,64,0.5,0.5,0.25,0.25,Entropia potencial
3171071,0.00010876966928890109,0.5,0.0,0.17504350786771555,0.0,1.0,0.0,0.0,0.0,1.0,90.0,64,0.5,0.5,0.25,0.25,Entropia potencial
3171105,0.00016719816291233897,0.5,0.0,0.17506687926516493,0.0,1.0,0.0,0.0,0.0,1.0,90.0,64,0.5,0.5,0.25,0.25,Entropia potencial
3171154,5.9849324386250665e-05,0.5,0.0,0.1750239397297545,0.0,1.0,0.0,0.0,0.0,1.0,90.0,64,0.5,0.5,0.25,0.25,Entropia potencial
3171204,0.0035383844962879815,0.5,0.0,0.1764153537985152,0.0,1.0,0.0,0.0,0.0,1.0,90.0,64,0.5,0.5,0.25,0.25,Entropia potencial
3171303,0.0020972202075139187,0.5,0.0,0.17583888808300555,0.0,1.0,0.0,0.0,0.0,1.0,90.0,64,0.5,0.5,0.25,0.25,Entropia potencial
3171402,4.722147954860269e-05,0.5,0.0,0.17501888859181944,0.0,1.0,0.0,0.0,0.0,1.0,90.0,64,0.5,0.5,0.25,0.25,Entropia potencial
3171501,3.136399335649559e-05,0.5,0.0,0.17501254559734258,0.0,1.0,0.0,0.0,0.0,1.0,90.0,64,0.5,0.5,0.25,0.25,Entropia potencial
3171600,0.0001256008051332036,0.5,0.0,0.17505024032205327,0.0,1.0,0.0,0.0,0.0,1.0,90.0,64,0.5,0.5,0.25,0.25,Entropia potencial
3171709,0.00018521966738679562,0.5,0.0,0.17507408786695472,0.0,1.0,0.0,0.0,0.0,1.0,90.0,64,0.5,0.5,0.25,0.25,Entropia potencial
3171808,0.00018074785628062142,0.5,0.0,0.17507229914251224,0.0,1.0,0.0,0.0,0.0,1.0,90.0,64,0.5,0.5,0.25,0.25,Entropia potencial
3171907,4.414512722733391e-05,0.5,0.0,0.17501765805089092,0.0,1.0,0.0,0.0,0.0,1.0,90.0,64,0.5,0.5,0.25,0.25,Entropia potencial
3172004,0.0017620680081807504,0.5,0.0,0.1757048272032723,0.0,1.0,0.0,0.0,0.0,1.0,90.0,64,0.5,0.5,0.25,0.25,Entropia potencial
3172103,0.00010866500988003318,0.5,0.0,0.17504346600395201,0.0,1.0,0.0,0.0,0.0,1.0,90.0,64,0.5,0.5,0.25,0.25,Entropia potencial
3172202,1.670004729178107e-05,0.5,0.0,0.1750066800189167,0.0,1.0,0.0,0.0,0.0,1.0,90.0,64,0.5,0.5,0.25,0.25,Entropia potencial
3200102,0.0007222048938073572,0.5,0.0,0.17528888195752293,0.0,1.0,0.0,0.0,0.0,1.0,90.0,64,0.5,0.5,0.25,0.25,Entropia potencial
3200136,0.00027945225050051906,0.5,0.0,0.1751117809002002,0.0,1.0,0.0,0.0,0.0,1.0,90.0,64,0.5,0.5,0.25,0.25,Entropia potencial
3200169,0.00018273109922038096,0.5,0.0,0.17507309243968813,0.0,1.0,0.0,0.0,0.0,1.0,90.0,64,0.5,0.5,0.25,0.25,Entropia potencial
3200201,0.0006286626399258635,0.5,0.0,0.17525146505597033,0.0,1.0,0.0,0.0,0.0,1.0,90.0,64,0.5,0.5,0.25,0.25,Entropia potencial
3200300,0.0005096300055734307,0.5,0.0,0.17520385200222935,0.0,1.0,0.0,0.0,0.0,1.0,90.0,64,0.5,0.5,0.25,0.25,Entropia potencial
3200359,0.00011315584996963792,0.5,0.0,0.17504526233998785,0.0,1.0,0.0,0.0,0.0,1.0,90.0,64,0.5,0.5,0.25,0.25,Entropia potencial
3200409,0.0018942655275698706,0.5,0.0,0.17575770621102793,0.0,1.0,0.0,0.0,0.0,1.0,90.0,64,0.5,0.5,0.25,0.25,Entropia potencial
3200508,0.00011739719894315352,0.5,0.0,0.17504695887957725,0.0,1.0,0.0,0.0,0.0,1.0,90.0,64,0.5,0.5,0.25,0.25,Entropia potencial
3200607,0.006714947672964909,0.5,0.0,0.17768597906918596,0.0,1.0,0.0,0.0,0.0,1.0,90.0,64,0.5,0.5,0.25,0.25,Entropia potencial
3200706,0.0004016257242847353,0.5,0.0,0.1751606502897139,0.0,1.0,0.0,0.0,0.0,1.0,90.0,64,0.5,0.5,0.25,0.25,Entropia potencial
3200805,0.0009215567528885587,0.5,0.0,0.1753686227011554,0.0,1.0,0.0,0.0,0.0,1.0,90.0,64,0.5,0.5,0.25,0.25,Entropia potencial
3200904,0.0012196912364548724,0.5,0.0,0.17548787649458195,0.0,1.0,0.0,0.0,0.0,1.0,90.0,64,0.5,0.5,0.25,0.25,Entropia potencial
3201001,0.0003051857790930705,0.5,0.0,0.1751220743116372,0.0,1.0,0.0,0.0,0.0,1.0,90.0,64,0.5,0.5,0.25,0.25,Entropia potencial
3201100,0.00021150397933308624,0.5,0.0,0.17508460159173322,0.0,1.0,0.0,0.0,0.0,1.0,90.0,64,0.5,0.5,0.25,0.25,Entropia potencial
3201159,0.0004976459746751823,0.5,0.0,0.17519905838987007,0.0,1.0,0.0,0.0,0.0,1.0,90.0,64,0.5,0.5,0.25,0.25,Entropia potencial
3201209,0.006619503577906109,0.5,0.0,0.17764780143116243,0.0,1.0,0.0,0.0,0.0,1.0,90.0,64,0.5,0.5,0.25,0.25,Entropia potencial
3201308,0.015452415164655706,0.5,0.0,0.18118096606586226,0.0,1.0,0.0,0.0,0.0,1.0,90.0,64,0.5,0.5,0.25,0.25,Entropia potencial
3201407,0.0013529956083802015,0.5,0.0,0.17554119824335207,0.0,1.0,0.0,0.0,0.0,1.0,90.0,64,0.5,0.5,0.25,0.25,Entropia potencial
3201506,0.004657979051235289,0.5,0.0,0.1768631916204941,0.0,1.0,0.0,0.0,0.0,1.0,90.0,64,0.5,0.5,0.25,0.25,Entropia potencial
3201605,0.0006217413757858818,0.5,0.0,0.17524869655031433,0.0,1.0,0.0,0.0,0.0,1.0,90.0,64,0.5,0.5,0.25,0.25,Entropia potencial
3201704,0.0003253945594962918,0.5,0.0,0.1751301578237985,0.0,1.0,0.0,0.0,0.0,1.0,90.0,64,0.5,0.5,0.25,0.25,Entropia potencial
3201803,8.14694210605695e-05,0.5,0.0,0.17503258776842423,0.0,1.0,0.0,0.0,0.0,1.0,90.0,64,0.5,0.5,0.25,0.25,Entropia potencial
3201902,0.001145628318611763,0.5,0.0,0.1754582513274447,0.0,1.0,0.0,0.0,0.0,1.0,90.0,64,0.5,0.5,0.25,0.25,Entropia potencial
3202009,0.00017476429815746635,0.5,0.0,0.17506990571926298,0.0,1.0,0.0,0.0,0.0,1.0,90.0,64,0.5,0.5,0.25,0.25,Entropia potencial
3202108,0.0004081738089163294,0.5,0.0,0.17516326952356653,0.0,1.0,0.0,0.0,0.0,1.0,90.0,64,0.5,0.5,0.25,0.25,Entropia potencial
3202207,0.00047666546327727844,0.5,0.0,0.1751906661853109,0.0,1.0,0.0,0.0,0.0,1.0,90.0,64,0.5,0.5,0.25,0.25,Entropia potencial
3202256,0.0003521038520725309,0.5,0.0,0.175140841540829,0.0,1.0,0.0,0.0,0.0,1.0,90.0,64,0.5,0.5,0.25,0.25,Entropia potencial
3202306,0.0007330186422246281,0.5,0.0,0.17529320745688984,0.0,1.0,0.0,0.0,0.0,1.0,90.0,64,0.5,0.5,0.25,0.25,Entropia potencial
3202405,0.002939521244414326,0.5,0.0,0.1761758084977657,0.0,1.0,0.0,0.0,0.0,1.0,90.0,64,0.5,0.5,0.25,0.25,Entropia potencial
3202454,0.0005495602129709026,0.5,0.0,0.17521982408518835,0.0,1.0,0.0,0.0,0.0,1.0,90.0,64,0.5,0.5,0.25,0.25,Entropia potencial
3202504,0.0003068497579774956,0.5,0.0,0.175122739903191,0.0,1.0,0.0,0.0,0.0,1.0,90.0,64,0.5,0.5,0.25,0.25,Entropia potencial
3202553,0.00020241975407650115,0.5,0.0,0.17508096790163058,0.0,1.0,0.0,0.0,0.0,1.0,90.0,64,0.5,0.5,0.25,0.25,Entropia potencial
3202603,0.0003333116737691378,0.5,0.0,0.17513332466950765,0.0,1.0,0.0,0.0,0.0,1.0,90.0,64,0.5,0.5,0.25,0.25,Entropia potencial
3202652,0.00040000614636164807,0.5,0.0,0.17516000245854466,0.0,1.0,0.0,0.0,0.0,1.0,90.0,64,0.5,0.5,0.25,0.25,Entropia potencial
3202702,0.0003895518342980649,0.5,0.0,0.17515582073371921,0.0,1.0,0.0,0.0,0.0,1.0,90.0,64,0.5,0.5,0.25,0.25,Entropia potencial
3202801,0.006494154378220486,0.5,0.0,0.1775976617512882,0.0,1.0,0.0,0.0,0.0,1.0,90.0,64,0.5,0.5,0.25,0.25,Entropia potencial
3202900,0.00033280211987949814,0.5,0.0,0.1751331208479518,0.0,1.0,0.0,0.0,0.0,1.0,90.0,64,0.5,0.5,0.25,0.25,Entropia potencial
3203007,0.0007996295987231933,0.5,0.0,0.17531985183948925,0.0,1.0,0.0,0.0,0.0,1.0,90.0,64,0.5,0.5,0.25,0.25,Entropia potencial
3203056,0.0012931420553309663,0.5,0.0,0.17551725682213237,0.0,1.0,0.0,0.0,0.0,1.0,90.0,64,0.5,0.5,0.25,0.25,Entropia potencial
3203106,0.00018595862624334783,0.5,0.0,0.17507438345049733,0.0,1.0,0.0,0.0,0.0,1.0,90.0,64,0.5,0.5,0.25,0.25,Entropia potencial
3203130,0.00070684321835019,0.5,0.0,0.17528273728734006,0.0,1.0,0.0,0.0,0.0,1.0,90.0,64,0.5,0.5,0.25,0.25,Entropia potencial
3203163,0.00021628659716862574,0.5,0.0,0.17508651463886743,0.0,1.0,0.0,0.0,0.0,1.0,90.0,64,0.5,0.5,0.25,0.25,Entropia potencial
3203205,0.008325132678397658,0.5,0.0,0.17833005307135905,0.0,1.0,0.0,0.0,0.0,1.0,90.0,64,0.5,0.5,0.25,0.25,Entropia potencial
3203304,0.0002336568875434599,0.5,0.0,0.17509346275501736,0.0,1.0,0.0,0.0,0.0,1.0,90.0,64,0.5,0.5,0.25,0.25,Entropia potencial
3203320,0.007628627483878976,0.5,0.0,0.17805145099355157,0.0,1.0,0.0,0.0,0.0,1.0,90.0,64,0.5,0.5,0.25,0.25,Entropia potencial
3203346,0.0006158529625798794,0.5,0.0,0.17524634118503193,0.0,1.0,0.0,0.0,0.0,1.0,90.0,64,0.5,0.5,0.25,0.25,Entropia potencial
3203353,0.0003659675236674171,0.5,0.0,0.17514638700946697,0.0,1.0,0.0,0.0,0.0,1.0,90.0,64,0.5,0.5,0.25,0.25,Entropia potencial
3203403,0.0006788494693923902,0.5,0.0,0.17527153978775695,0.0,1.0,0.0,0.0,0.0,1.0,90.0,64,0.5,0.5,0.25,0.25,Entropia potencial
3203502,0.0004900248668112556,0.5,0.0,0.1751960099467245,0.0,1.0,0.0,0.0,0.0,1.0,90.0,64,0.5,0.5,0.25,0.25,Entropia potencial
3203601,9.280329502494153e-05,0.5,0.0,0.17503712131800997,0.0,1.0,0.0,0.0,0.0,1.0,90.0,64,0.5,0.5,0.25,0.25,Entropia potencial
3203700,0.0004681214497169711,0.5,0.0,0.17518724857988677,0.0,1.0,0.0,0.0,0.0,1.0,90.0,64,0.5,0.5,0.25,0.25,Entropia potencial
3203809,0.0002427210266508683,0.5,0.0,0.17509708841066032,0.0,1.0,0.0,0.0,0.0,1.0,90.0,64,0.5,0.5,0.25,0.25,Entropia potencial
3203908,0.001539959599248129,0.5,0.0,0.17561598383969923,0.0,1.0,0.0,0.0,0.0,1.0,90.0,64,0.5,0.5,0.25,0.25,Entropia potencial
3204005,0.0004360026400177312,0.5,0.0,0.1751744010560071,0.0,1.0,0.0,0.0,0.0,1.0,90.0,64,0.5,0.5,0.25,0.25,Entropia potencial
3204054,0.0004283107020488131,0.5,0.0,0.17517132428081952,0.0,1.0,0.0,0.0,0.0,1.0,90.0,64,0.5,0.5,0.25,0.25,Entropia potencial
3204104,0.0009556662056877811,0.5,0.0,0.1753822664822751,0.0,1.0,0.0,0.0,0.0,1.0,90.0,64,0.5,0.5,0.25,0.25,Entropia potencial
3204203,0.001114809822780276,0.5,0.0,0.1754459239291121,0.0,1.0,0.0,0.0,0.0,1.0,90.0,64,0.5,0.5,0.25,0.25,Entropia potencial
3204252,0.00010548294098415036,0.5,0.0,0.17504219317639366,0.0,1.0,0.0,0.0,0.0,1.0,90.0,64,0.5,0.5,0.25,0.25,Entropia potencial
3204302,0.00862511931635121,0.5,0.0,0.17845004772654047,0.0,1.0,0.0,0.0,0.0,1.0,90.0,64,0.5,0.5,0.25,0.25,Entropia potencial
3204351,0.0006674754231296648,0.5,0.0,0.17526699016925185,0.0,1.0,0.0,0.0,0.0,1.0,90.0,64,0.5,0.5,0.25,0.25,Entropia potencial
3204401,0.0002530083065265613,0.5,0.0,0.17510120332261062,0.0,1.0,0.0,0.0,0.0,1.0,90.0,64,0.5,0.5,0.25,0.25,Entropia potencial
3204500,0.0003607324388925294,0.5,0.0,0.175144292975557,0.0,1.0,0.0,0.0,0.0,1.0,90.0,64,0.5,0.5,0.25,0.25,Entropia potencial
3204559,0.002050384593462657,0.5,0.0,0.17582015383738506,0.0,1.0,0.0,0.0,0.0,1.0,90.0,64,0.5,0.5,0.25,0.25,Entropia potencial
3204609,0.0007099407139863816,0.5,0.0,0.17528397628559453,0.0,1.0,0.0,0.0,0.0,1.0,90.0,64,0.5,0.5,0.25,0.25,Entropia potencial
3204658,0.00034092749580433377,0.5,0.0,0.17513637099832172,0.0,1.0,0.0,0.0,0.0,1.0,90.0,64,0.5,0.5,0.25,0.25,Entropia potencial
3204708,0.0009132379156321794,0.5,0.0,0.17536529516625285,0.0,1.0,0.0,0.0,0.0,1.0,90.0,64,0.5,0.5,0.25,0.25,Entropia potencial
3204807,0.0001919030692338957,0.5,0.0,0.17507676122769356,0.0,1.0,0.0,0.0,0.0,1.0,90.0,64,0.5,0.5,0.25,0.25,Entropia potencial
3204906,0.0036262899424110546,0.5,0.0,0.1764505159769644,0.0,1.0,0.0,0.0,0.0,1.0,90.0,64,0.5,0.5,0.25,0.25,Entropia potencial
3204955,0.00026903705356954314,0.5,0.0,0.1751076148214278,0.0,1.0,0.0,0.0,0.0,1.0,90.0,64,0.5,0.5,0.25,0.25,Entropia potencial
3205002,0.03674048356442122,0.5,0.0,0.1896961934257685,0.0,1.0,0.0,0.0,0.0,1.0,90.0,64,0.5,0.5,0.25,0.25,Entropia potencial
3205010,0.0007252939321175796,0.5,0.0,0.17529011757284702,0.0,1.0,0.0,0.0,0.0,1.0,90.0,64,0.5,0.5,0.25,0.25,Entropia potencial
3205036,0.00045932371637759004,0.5,0.0,0.17518372948655103,0.0,1.0,0.0,0.0,0.0,1.0,90.0,64,0.5,0.5,0.25,0.25,Entropia potencial
3205069,0.0008217180198230523,0.5,0.0,0.1753286872079292,0.0,1.0,0.0,0.0,0.0,1.0,90.0,64,0.5,0.5,0.25,0.25,Entropia potencial
3205101,0.0043124401984462905,0.5,0.0,0.1767249760793785,0.0,1.0,0.0,0.0,0.0,1.0,90.0,64,0.5,0.5,0.25,0.25,Entropia potencial
3205150,0.0001855167309614611,0.5,0.0,0.17507420669238458,0.0,1.0,0.0,0.0,0.0,1.0,90.0,64,0.5,0.5,0.25,0.25,Entropia potencial
3205176,0.0005335367517566513,0.5,0.0,0.17521341470070265,0.0,1.0,0.0,0.0,0.0,1.0,90.0,64,0.5,0.5,0.25,0.25,Entropia potencial
3205200,0.017906280808287576,0.5,0.0,0.182162512323315,0.0,1.0,0.0,0.0,0.0,1.0,90.0,64,0.5,0.5,0.25,0.25,Entropia potencial
3205309,0.025564807053798894,0.5,0.0,0.18522592282151956,0.0,1.0,0.0,0.0,0.0,1.0,90.0,64,0.5,0.5,0.25,0.25,Entropia potencial
3300100,0.011641199446935284,0.5,0.0,0.1796564797787741,0.0,1.0,0.0,0.0,0.0,1.0,90.0,64,0.5,0.5,0.25,0.25,Entropia potencial
3300159,0.00026987010017750184,0.5,0.0,0.175107948040071,0.0,1.0,0.0,0.0,0.0,1.0,90.0,64,0.5,0.5,0.25,0.25,Entropia potencial
3300209,0.00990244194345693,0.5,0.0,0.17896097677738276,0.0,1.0,0.0,0.0,0.0,1.0,90.0,64,0.5,0.5,0.25,0.25,Entropia potencial
3300225,0.0004941488703869496,0.5,0.0,0.17519765954815478,0.0,1.0,0.0,0.0,0.0,1.0,90.0,64,0.5,0.5,0.25,0.25,Entropia potencial
3300233,0.004353111479031807,0.5,0.0,0.17674124459161272,0.0,1.0,0.0,0.0,0.0,1.0,90.0,64,0.5,0.5,0.25,0.25,Entropia potencial
3300258,0.007405719857642272,0.5,0.0,0.1779622879430569,0.0,1.0,0.0,0.0,0.0,1.0,90.0,64,0.5,0.5,0.25,0.25,Entropia potencial
3300308,0.003155020253102077,0.5,0.0,0.17626200810124082,0.0,1.0,0.0,0.0,0.0,1.0,90.0,64,0.5,0.5,0.25,0.25,Entropia potencial
3300407,0.006863813524673426,0.5,0.0,0.17774552540986935,0.0,1.0,0.0,0.0,0.0,1.0,90.0,64,0.5,0.5,0.25,0.25,Entropia potencial
3300456,0.010105128103301459,0.5,0.0,0.17904205124132058,0.0,1.0,0.0,0.0,0.0,1.0,90.0,64,0.5,0.5,0.25,0.25,Entropia potencial
3300506,0.0009195914817664836,0.5,0.0,0.17536783659270658,0.0,1.0,0.0,0.0,0.0,1.0,90.0,64,0.5,0.5,0.25,0.25,Entropia potencial
3300605,0.0011010962687213416,0.5,0.0,0.17544043850748853,0.0,1.0,0.0,0.0,0.0,1.0,90.0,64,0.5,0.5,0.25,0.25,Entropia potencial
3300704,0.016314500001329387,0.5,0.0,0.18152580000053176,0.0,1.0,0.0,0.0,0.0,1.0,90.0,64,0.5,0.5,0.25,0.25,Entropia potencial
3300803,0.0016351573746880787,0.5,0.0,0.17565406294987523,0.0,1.0,0.0,0.0,0.0,1.0,90.0,64,0.5,0.5,0.25,0.25,Entropia potencial
3300902,0.00046348683508589127,0.5,0.0,0.17518539473403436,0.0,1.0,0.0,0.0,0.0,1.0,90.0,64,0.5,0.5,0.25,0.25,Entropia potencial
3300936,0.0012414773081513353,0.5,0.0,0.17549659092326053,0.0,1.0,0.0,0.0,0.0,1.0,90.0,64,0.5,0.5,0.25,0.25,Entropia potencial
3300951,0.0005831981698473463,0.5,0.0,0.17523327926793894,0.0,1.0,0.0,0.0,0.0,1.0,90.0,64,0.5,0.5,0.25,0.25,Entropia potencial
3301009,0.052774830414360395,0.5,0.0,0.19610993216574416,0.0,1.0,0.0,0.0,0.0,1.0,90.0,64,0.5,0.5,0.25,0.25,Entropia potencial
3301108,0.0009460428259006644,0.5,0.0,0.17537841713036026,0.0,1.0,0.0,0.0,0.0,1.0,90.0,64,0.5,0.5,0.25,0.25,Entropia potencial
3301157,0.0003828081740034348,0.5,0.0,0.17515312326960136,0.0,1.0,0.0,0.0,0.0,1.0,90.0,64,0.5,0.5,0.25,0.25,Entropia potencial
3301207,0.0006342296747450392,0.5,0.0,0.175253691869898,0.0,1.0,0.0,0.0,0.0,1.0,90.0,64,0.5,0.5,0.25,0.25,Entropia potencial
3301306,0.003300309713091401,0.5,0.0,0.17632012388523655,0.0,1.0,0.0,0.0,0.0,1.0,90.0,64,0.5,0.5,0.25,0.25,Entropia potencial
3301405,0.00045343636033733374,0.5,0.0,0.17518137454413493,0.0,1.0,0.0,0.0,0.0,1.0,90.0,64,0.5,0.5,0.25,0.25,Entropia potencial
3301504,0.00048219232579810084,0.5,0.0,0.17519287693031924,0.0,1.0,0.0,0.0,0.0,1.0,90.0,64,0.5,0.5,0.25,0.25,Entropia potencial
3301603,0.00026747561976249364,0.5,0.0,0.175106990247905,0.0,1.0,0.0,0.0,0.0,1.0,90.0,64,0.5,0.5,0.25,0.25,Entropia potencial
3301702,0.06960412573309885,0.5,0.0,0.20284165029323953,0.0,1.0,0.0,0.0,0.0,1.0,90.0,64,0.5,0.5,0.25,0.25,Entropia potencial
3301801,0.0003829540628764022,0.5,0.0,0.17515318162515056,0.0,1.0,0.0,0.0,0.0,1.0,90.0,64,0.5,0.5,0.25,0.25,Entropia potencial
3301850,0.0015107025372236914,0.5,0.0,0.17560428101488945,0.0,1.0,0.0,0.0,0.0,1.0,90.0,64,0.5,0.5,0.25,0.25,Entropia potencial
3301876,0.0007306400192958121,0.5,0.0,0.1752922560077183,0.0,1.0,0.0,0.0,0.0,1.0,90.0,64,0.5,0.5,0.25,0.25,Entropia potencial
3301900,0.005941190091547012,0.5,0.0,0.1773764760366188,0.0,1.0,0.0,0.0,0.0,1.0,90.0,64,0.5,0.5,0.25,0.25,Entropia potencial
3302007,0.009589850718312146,0.5,0.0,0.17883594028732486,0.0,1.0,0.0,0.0,0.0,1.0,90.0,64,0.5,0.5,0.25,0.25,Entropia potencial
3302056,0.00039965411016818327,0.5,0.0,0.17515986164406727,0.0,1.0,0.0,0.0,0.0,1.0,90.0,64,0.5,0.5,0.25,0.25,Entropia potencial
3302106,0.0007028873041281323,0.5,0.0,0.17528115492165125,0.0,1.0,0.0,0.0,0.0,1.0,90.0,64,0.5,0.5,0.25,0.25,Entropia potencial
3302205,0.0037809448337454365,0.5,0.0,0.17651237793349817,0.0,1.0,0.0,0.0,0.0,1.0,90.0,64,0.5,0.5,0.25,0.25,Entropia potencial
3302254,0.006605024635846969,0.5,0.0,0.17764200985433878,0.0,1.0,0.0,0.0,0.0,1.0,90.0,64,0.5,0.5,0.25,0.25,Entropia potencial
3302270,0.0017430115384408221,0.5,0.0,0.17569720461537633,0.0,1.0,0.0,0.0,0.0,1.0,90.0,64,0.5,0.5,0.25,0.25,Entropia potencial
3302304,0.00018009029918652207,0.5,0.0,0.1750720361196746,0.0,1.0,0.0,0.0,0.0,1.0,90.0,64,0.5,0.5,0.25,0.25,Entropia potencial
3302403,0.02071323875396462,0.5,0.0,0.18328529550158584,0.0,1.0,0.0,0.0,0.0,1.0,90.0,64,0.5,0.5,0.25,0.25,Entropia potencial
3302452,0.0002710160678463181,0.5,0.0,0.1751084064271385,0.0,1.0,0.0,0.0,0.0,1.0,90.0,64,0.5,0.5,0.25,0.25,Entropia potencial
3302502,0.005031465137689257,0.5,0.0,0.1770125860550757,0.0,1.0,0.0,0.0,0.0,1.0,90.0,64,0.5,0.5,0.25,0.25,Entropia potencial
3302601,0.003233233603664534,0.5,0.0,0.1762932934414658,0.0,1.0,0.0,0.0,0.0,1.0,90.0,64,0.5,0.5,0.25,0.25,Entropia potencial
3302700,0.167426799319754,0.5,0.0,0.24197071972790157,0.0,1.0,0.0,0.0,0.0,1.0,90.0,64,0.5,0.5,0.25,0.25,Entropia potencial
3302809,0.00044169230606345923,0.5,0.0,0.17517667692242536,0.0,1.0,0.0,0.0,0.0,1.0,90.0,64,0.5,0.5,0.25,0.25,Entropia potencial
3302858,0.0029746244330149203,0.5,0.0,0.17618984977320595,0.0,1.0,0.0,0.0,0.0,1.0,90.0,64,0.5,0.5,0.25,0.25,Entropia potencial
3302908,0.0007818195273979647,0.5,0.0,0.17531272781095916,0.0,1.0,0.0,0.0,0.0,1.0,90.0,64,0.5,0.5,0.25,0.25,Entropia potencial
3303005,0.0007452151634378507,0.5,0.0,0.17529808606537514,0.0,1.0,0.0,0.0,0.0,1.0,90.0,64,0.5,0.5,0.25,0.25,Entropia potencial
3303104,0.0003772982261345507,0.5,0.0,0.17515091929045382,0.0,1.0,0.0,0.0,0.0,1.0,90.0,64,0.5,0.5,0.25,0.25,Entropia potencial
3303203,0.0035609877571062113,0.5,0.0,0.17642439510284247,0.0,1.0,0.0,0.0,0.0,1.0,90.0,64,0.5,0.5,0.25,0.25,Entropia potencial
3303302,0.09376560234584656,0.5,0.0,0.21250624093833861,0.0,1.0,0.0,0.0,0.0,1.0,90.0,64,0.5,0.5,0.25,0.25,Entropia potencial
3303401,0.007140025562162025,0.5,0.0,0.1778560102248648,0.0,1.0,0.0,0.0,0.0,1.0,90.0,64,0.5,0.5,0.25,0.25,Entropia potencial
3303500,0.02102795276792765,0.5,0.0,0.18341118110717106,0.0,1.0,0.0,0.0,0.0,1.0,90.0,64,0.5,0.5,0.25,0.25,Entropia potencial
3303609,0.0011127451780780636,0.5,0.0,0.1754450980712312,0.0,1.0,0.0,0.0,0.0,1.0,90.0,64,0.5,0.5,0.25,0.25,Entropia potencial
3303708,0.0013039822328918909,0.5,0.0,0.17552159289315675,0.0,1.0,0.0,0.0,0.0,1.0,90.0,64,0.5,0.5,0.25,0.25,Entropia potencial
3303807,0.004656940914472579,0.5,0.0,0.176862776365789,0.0,1.0,0.0,0.0,0.0,1.0,90.0,64,0.5,0.5,0.25,0.25,Entropia potencial
3303856,0.0008162619874072213,0.5,0.0,0.17532650479496287,0.0,1.0,0.0,0.0,0.0,1.0,90.0,64,0.5,0.5,0.25,0.25,Entropia potencial
3303906,0.016840856483338253,0.5,0.0,0.1817363425933353,0.0,1.0,0.0,0.0,0.0,1.0,90.0,64,0.5,0.5,0.25,0.25,Entropia potencial
3303955,0.0012543800160829798,0.5,0.0,0.17550175200643317,0.0,1.0,0.0,0.0,0.0,1.0,90.0,64,0.5,0.5,0.25,0.25,Entropia potencial
3304003,0.0030284796276205546,0.5,0.0,0.1762113918510482,0.0,1.0,0.0,0.0,0.0,1.0,90.0,64,0.5,0.5,0.25,0.25,Entropia potencial
3304102,0.000574527296397502,0.5,0.0,0.175229810918559,0.0,1.0,0.0,0.0,0.0,1.0,90.0,64,0.5,0.5,0.25,0.25,Entropia potencial
3304110,0.004160977947665252,0.5,0.0,0.1766643911790661,0.0,1.0,0.0,0.0,0.0,1.0,90.0,64,0.5,0.5,0.25,0.25,Entropia potencial
3304128,0.0003575271123502315,0.5,0.0,0.17514301084494008,0.0,1.0,0.0,0.0,0.0,1.0,90.0,64,0.5,0.5,0.25,0.25,Entropia potencial
3304144,0.004633434834107146,0.5,0.0,0.17685337393364284,0.0,1.0,0.0,0.0,0.0,1.0,90.0,64,0.5,0.5,0.25,0.25,Entropia potencial
3304151,0.00895679238321383,0.5,0.0,0.1785827169532855,0.0,1.0,0.0,0.0,0.0,1.0,90.0,64,0.5,0.5,0.25,0.25,Entropia potencial
3304201,0.01230806911409241,0.5,0.0,0.17992322764563695,0.0,1.0,0.0,0.0,0.0,1.0,90.0,64,0.5,0.5,0.25,0.25,Entropia potencial
3304300,0.0019925618558117577,0.5,0.0,0.1757970247423247,0.0,1.0,0.0,0.0,0.0,1.0,90.0,64,0.5,0.5,0.25,0.25,Entropia potencial
3304409,0.0005684052495616026,0.5,0.0,0.17522736209982462,0.0,1.0,0.0,0.0,0.0,1.0,90.0,64,0.5,0.5,0.25,0.25,Entropia potencial
3304508,0.0003223435791529304,0.5,0.0,0.17512893743166116,0.0,1.0,0.0,0.0,0.0,1.0,90.0,64,0.5,0.5,0.25,0.25,Entropia potencial
3304524,0.011518454046482406,0.5,0.0,0.17960738161859297,0.0,1.0,0.0,0.0,0.0,1.0,90.0,64,0.5,0.5,0.25,0.25,Entropia potencial
3304557,0.4021040886133666,0.5,0.0,0.3358416354453466,0.0,1.0,0.0,0.0,0.0,1.0,90.0,64,0.5,0.5,0.25,0.25,Entropia potencial
3304607,0.000260095545688687,0.5,0.0,0.17510403821827547,0.0,1.0,0.0,0.0,0.0,1.0,90.0,64,0.5,0.5,0.25,0.25,Entropia potencial
3304706,0.001518661938126383,0.5,0.0,0.17560746477525055,0.0,1.0,0.0,0.0,0.0,1.0,90.0,64,0.5,0.5,0.25,0.25,Entropia potencial
3304755,0.001357536135259875,0.5,0.0,0.17554301445410395,0.0,1.0,0.0,0.0,0.0,1.0,90.0,64,0.5,0.5,0.25,0.25,Entropia potencial
3304805,0.0009522949041233391,0.5,0.0,0.1753809179616493,0.0,1.0,0.0,0.0,0.0,1.0,90.0,64,0.5,0.5,0.25,0.25,Entropia potencial
3304904,0.02171492444174764,0.5,0.0,0.18368596977669904,0.0,1.0,0.0,0.0,0.0,1.0,90.0,64,0.5,0.5,0.25,0.25,Entropia potencial
3305000,0.013502445459590203,0.5,0.0,0.18040097818383607,0.0,1.0,0.0,0.0,0.0,1.0,90.0,64,0.5,0.5,0.25,0.25,Entropia potencial
3305109,0.011199636115092853,0.5,0.0,0.17947985444603712,0.0,1.0,0.0,0.0,0.0,1.0,90.0,64,0.5,0.5,0.25,0.25,Entropia potencial
3305133,0.00022948002568045885,0.5,0.0,0.17509179201027217,0.0,1.0,0.0,0.0,0.0,1.0,90.0,64,0.5,0.5,0.25,0.25,Entropia potencial
3305158,0.0009446188236406131,0.5,0.0,0.17537784752945623,0.0,1.0,0.0,0.0,0.0,1.0,90.0,64,0.5,0.5,0.25,0.25,Entropia potencial
3305208,0.003123591772635067,0.5,0.0,0.17624943670905402,0.0,1.0,0.0,0.0,0.0,1.0,90.0,64,0.5,0.5,0.25,0.25,Entropia potencial
3305307,0.00026901379592312804,0.5,0.0,0.17510760551836924,0.0,1.0,0.0,0.0,0.0,1.0,90.0,64,0.5,0.5,0.25,0.25,Entropia potencial
3305406,0.0011565678697528247,0.5,0.0,0.17546262714790112,0.0,1.0,0.0,0.0,0.0,1.0,90.0,64,0.5,0.5,0.25,0.25,Entropia potencial
3305505,0.07969768738597179,0.5,0.0,0.2068790749543887,0.0,1.0,0.0,0.0,0.0,1.0,90.0,64,0.5,0.5,0.25,0.25,Entropia potencial
3305554,0.004460273199220829,0.5,0.0,0.17678410927968832,0.0,1.0,0.0,0.0,0.0,1.0,90.0,64,0.5,0.5,0.25,0.25,Entropia potencial
3305604,0.000660845936735618,0.5,0.0,0.17526433837469424,0.0,1.0,0.0,0.0,0.0,1.0,90.0,64,0.5,0.5,0.25,0.25,Entropia potencial
3305703,0.0006915946596278597,0.5,0.0,0.17527663786385114,0.0,1.0,0.0,0.0,0.0,1.0,90.0,64,0.5,0.5,0.25,0.25,Entropia potencial
3305752,0.0008318065525384709,0.5,0.0,0.17533272262101537,0.0,1.0,0.0,0.0,0.0,1.0,90.0,64,0.5,0.5,0.25,0.25,Entropia potencial
3305802,0.006582724781597882,0.5,0.0,0.17763308991263915,0.0,1.0,0.0,0.0,0.0,1.0,90.0,64,0.5,0.5,0.25,0.25,Entropia potencial
3305901,0.00027089026512252737,0.5,0.0,0.175108356106049,0.0,1.0,0.0,0.0,0.0,1.0,90.0,64,0.5,0.5,0.25,0.25,Entropia potencial
3306008,0.005791544051517843,0.5,0.0,0.17731661762060713,0.0,1.0,0.0,0.0,0.0,1.0,90.0,64,0.5,0.5,0.25,0.25,Entropia potencial
3306107,0.0031958501085495145,0.5,0.0,0.1762783400434198,0.0,1.0,0.0,0.0,0.0,1.0,90.0,64,0.5,0.5,0.25,0.25,Entropia potencial
3306156,0.0003998348855107733,0.5,0.0,0.1751599339542043,0.0,1.0,0.0,0.0,0.0,1.0,90.0,64,0.5,0.5,0.25,0.25,Entropia potencial
3306206,0.0013993671266689075,0.5,0.0,0.17555974685066755,0.0,1.0,0.0,0.0,0.0,1.0,90.0,64,0.5,0.5,0.25,0.25,Entropia potencial
3306305,0.016334890614240944,0.5,0.0,0.18153395624569638,0.0,1.0,0.0,0.0,0.0,1.0,90.0,64,0.5,0.5,0.25,0.25,Entropia potencial
3500105,0.0016080453019625602,0.5,0.0,0.175643218120785,0.0,1.0,0.0,0.0,0.0,1.0,90.0,64,0.5,0.5,0.25,0.25,Entropia potencial
3500204,0.00013925727224184623,0.5,0.0,0.17505570290889672,0.0,1.0,0.0,0.0,0.0,1.0,90.0,64,0.5,0.5,0.25,0.25,Entropia potencial
3500303,0.0016045355116853738,0.5,0.0,0.17564181420467415,0.0,1.0,0.0,0.0,0.0,1.0,90.0,64,0.5,0.5,0.25,0.25,Entropia potencial
3500402,0.00022880132527143668,0.5,0.0,0.17509152053010857,0.0,1.0,0.0,0.0,0.0,1.0,90.0,64,0.5,0.5,0.25,0.25,Entropia potencial
3500501,0.0007279347321514386,0.5,0.0,0.17529117389286056,0.0,1.0,0.0,0.0,0.0,1.0,90.0,64,0.5,0.5,0.25,0.25,Entropia potencial
3500550,0.0002471642942818967,0.5,0.0,0.17509886571771274,0.0,1.0,0.0,0.0,0.0,1.0,90.0,64,0.5,0.5,0.25,0.25,Entropia potencial
3500600,0.0001476300249512788,0.5,0.0,0.1750590520099805,0.0,1.0,0.0,0.0,0.0,1.0,90.0,64,0.5,0.5,0.25,0.25,Entropia potencial
3500709,0.0028167420146575713,0.5,0.0,0.17612669680586301,0.0,1.0,0.0,0.0,0.0,1.0,90.0,64,0.5,0.5,0.25,0.25,Entropia potencial
3500758,0.00011913095076682389,0.5,0.0,0.17504765238030673,0.0,1.0,0.0,0.0,0.0,1.0,90.0,64,0.5,0.5,0.25,0.25,Entropia potencial
3500808,0.00011517503654476623,0.5,0.0,0.1750460700146179,0.0,1.0,0.0,0.0,0.0,1.0,90.0,64,0.5,0.5,0.25,0.25,Entropia potencial
3500907,0.00011197076716821445,0.5,0.0,0.1750447883068673,0.0,1.0,0.0,0.0,0.0,1.0,90.0,64,0.5,0.5,0.25,0.25,Entropia potencial
3501004,0.0006613142611611582,0.5,0.0,0.17526452570446446,0.0,1.0,0.0,0.0,0.0,1.0,90.0,64,0.5,0.5,0.25,0.25,Entropia potencial
3501103,9.73057639377538e-05,0.5,0.0,0.17503892230557508,0.0,1.0,0.0,0.0,0.0,1.0,90.0,64,0.5,0.5,0.25,0.25,Entropia potencial
3501152,0.00377753653137988,0.5,0.0,0.17651101461255195,0.0,1.0,0.0,0.0,0.0,1.0,90.0,64,0.5,0.5,0.25,0.25,Entropia potencial
3501202,0.00012063952628656635,0.5,0.0,0.1750482558105146,0.0,1.0,0.0,0.0,0.0,1.0,90.0,64,0.5,0.5,0.25,0.25,Entropia potencial
3501301,0.0008451331839343177,0.5,0.0,0.1753380532735737,0.0,1.0,0.0,0.0,0.0,1.0,90.0,64,0.5,0.5,0.25,0.25,Entropia potencial
3501400,4.081505512699143e-05,0.5,0.0,0.17501632602205078,0.0,1.0,0.0,0.0,0.0,1.0,90.0,64,0.5,0.5,0.25,0.25,Entropia potencial
3501509,4.586619306205061e-05,0.5,0.0,0.1750183464772248,0.0,1.0,0.0,0.0,0.0,1.0,90.0,64,0.5,0.5,0.25,0.25,Entropia potencial
3501608,0.017608758423688278,0.5,0.0,0.1820435033694753,0.0,1.0,0.0,0.0,0.0,1.0,90.0,64,0.5,0.5,0.25,0.25,Entropia potencial
3501707,0.0014333010899542705,0.5,0.0,0.1755733204359817,0.0,1.0,0.0,0.0,0.0,1.0,90.0,64,0.5,0.5,0.25,0.25,Entropia potencial
3501806,0.00012757241924975558,0.5,0.0,0.1750510289676999,0.0,1.0,0.0,0.0,0.0,1.0,90.0,64,0.5,0.5,0.25,0.25,Entropia potencial
3501905,0.006486044859781844,0.5,0.0,0.17759441794391273,0.0,1.0,0.0,0.0,0.0,1.0,90.0,64,0.5,0.5,0.25,0.25,Entropia potencial
3502002,0.00020077057551252201,0.5,0.0,0.17508030823020498,0.0,1.0,0.0,0.0,0.0,1.0,90.0,64,0.5,0.5,0.25,0.25,Entropia potencial
3502101,0.004247566165268634,0.5,0.0,0.17669902646610744,0.0,1.0,0.0,0.0,0.0,1.0,90.0,64,0.5,0.5,0.25,0.25,Entropia potencial
3502200,0.0017343205788418014,0.5,0.0,0.1756937282315367,0.0,1.0,0.0,0.0,0.0,1.0,90.0,64,0.5,0.5,0.25,0.25,Entropia potencial
3502309,0.00015919753254554786,0.5,0.0,0.1750636790130182,0.0,1.0,0.0,0.0,0.0,1.0,90.0,64,0.5,0.5,0.25,0.25,Entropia potencial
3502408,8.427936761381088e-05,0.5,0.0,0.17503371174704552,0.0,1.0,0.0,0.0,0.0,1.0,90.0,64,0.5,0.5,0.25,0.25,Entropia potencial
3502507,0.0011886718791316185,0.5,0.0,0.17547546875165262,0.0,1.0,0.0,0.0,0.0,1.0,90.0,64,0.5,0.5,0.25,0.25,Entropia potencial
3502606,0.0001556021118429241,0.5,0.0,0.17506224084473715,0.0,1.0,0.0,0.0,0.0,1.0,90.0,64,0.5,0.5,0.25,0.25,Entropia potencial
3502705,0.0010162618890908071,0.5,0.0,0.17540650475563632,0.0,1.0,0.0,0.0,0.0,1.0,90.0,64,0.5,0.5,0.25,0.25,Entropia potencial
3502754,0.005399834541931906,0.5,0.0,0.17715993381677275,0.0,1.0,0.0,0.0,0.0,1.0,90.0,64,0.5,0.5,0.25,0.25,Entropia potencial
3502804,0.010867862617484349,0.5,0.0,0.17934714504699373,0.0,1.0,0.0,0.0,0.0,1.0,90.0,64,0.5,0.5,0.25,0.25,Entropia potencial
3502903,0.001262946230123956,0.5,0.0,0.17550517849204958,0.0,1.0,0.0,0.0,0.0,1.0,90.0,64,0.5,0.5,0.25,0.25,Entropia potencial
3503000,0.00016019443984415833,0.5,0.0,0.17506407777593766,0.0,1.0,0.0,0.0,0.0,1.0,90.0,64,0.5,0.5,0.25,0.25,Entropia potencial
3503109,0.00017751187193168542,0.5,0.0,0.17507100474877266,0.0,1.0,0.0,0.0,0.0,1.0,90.0,64,0.5,0.5,0.25,0.25,Entropia potencial
3503158,2.8062464731298888e-05,0.5,0.0,0.1750112249858925,0.0,1.0,0.0,0.0,0.0,1.0,90.0,64,0.5,0.5,0.25,0.25,Entropia potencial
3503208,0.013926954593615894,0.5,0.0,0.18057078183744635,0.0,1.0,0.0,0.0,0.0,1.0,90.0,64,0.5,0.5,0.25,0.25,Entropia potencial
3503307,0.008907734606764181,0.5,0.0,0.17856309384270566,0.0,1.0,0.0,0.0,0.0,1.0,90.0,64,0.5,0.5,0.25,0.25,Entropia potencial
3503356,4.3348024254744e-05,0.5,0.0,0.1750173392097019,0.0,1.0,0.0,0.0,0.0,1.0,90.0,64,0.5,0.5,0.25,0.25,Entropia potencial
3503406,0.00024429408928112534,0.5,0.0,0.17509771763571244,0.0,1.0,0.0,0.0,0.0,1.0,90.0,64,0.5,0.5,0.25,0.25,Entropia potencial
3503505,4.5197007144743694e-05,0.5,0.0,0.17501807880285788,0.0,1.0,0.0,0.0,0.0,1.0,90.0,64,0.5,0.5,0.25,0.25,Entropia potencial
3503604,0.00016182776092194537,0.5,0.0,0.17506473110436876,0.0,1.0,0.0,0.0,0.0,1.0,90.0,64,0.5,0.5,0.25,0.25,Entropia potencial
3503703,0.0013343398044580606,0.5,0.0,0.1755337359217832,0.0,1.0,0.0,0.0,0.0,1.0,90.0,64,0.5,0.5,0.25,0.25,Entropia potencial
3503802,0.002416457833704688,0.5,0.0,0.17596658313348187,0.0,1.0,0.0,0.0,0.0,1.0,90.0,64,0.5,0.5,0.25,0.25,Entropia potencial
3503901,0.009966504073341551,0.5,0.0,0.1789866016293366,0.0,1.0,0.0,0.0,0.0,1.0,90.0,64,0.5,0.5,0.25,0.25,Entropia potencial
3503950,2.4694334664095333e-05,0.5,0.0,0.17500987773386562,0.0,1.0,0.0,0.0,0.0,1.0,90.0,64,0.5,0.5,0.25,0.25,Entropia potencial
3504008,0.004821598708096943,0.5,0.0,0.17692863948323875,0.0,1.0,0.0,0.0,0.0,1.0,90.0,64,0.5,0.5,0.25,0.25,Entropia potencial
3504107,0.00930865520149624,0.5,0.0,0.17872346208059847,0.0,1.0,0.0,0.0,0.0,1.0,90.0,64,0.5,0.5,0.25,0.25,Entropia potencial
3504206,0.0003928121334591621,0.5,0.0,0.17515712485338367,0.0,1.0,0.0,0.0,0.0,1.0,90.0,64,0.5,0.5,0.25,0.25,Entropia potencial
3504305,0.00032740317441395874,0.5,0.0,0.17513096126976557,0.0,1.0,0.0,0.0,0.0,1.0,90.0,64,0.5,0.5,0.25,0.25,Entropia potencial
3504404,0.0002102332661062254,0.5,0.0,0.17508409330644248,0.0,1.0,0.0,0.0,0.0,1.0,90.0,64,0.5,0.5,0.25,0.25,Entropia potencial
3504503,0.004070507817442043,0.5,0.0,0.1766282031269768,0.0,1.0,0.0,0.0,0.0,1.0,90.0,64,0.5,0.5,0.25,0.25,Entropia potencial
3504602,0.0006819353362053742,0.5,0.0,0.17527277413448214,0.0,1.0,0.0,0.0,0.0,1.0,90.0,64,0.5,0.5,0.25,0.25,Entropia potencial
3504701,4.345056933211963e-05,0.5,0.0,0.17501738022773283,0.0,1.0,0.0,0.0,0.0,1.0,90.0,64,0.5,0.5,0.25,0.25,Entropia potencial
3504800,0.00030681381434212684,0.5,0.0,0.17512272552573685,0.0,1.0,0.0,0.0,0.0,1.0,90.0,64,0.5,0.5,0.25,0.25,Entropia potencial
3504909,0.00022736992285116246,0.5,0.0,0.17509094796914046,0.0,1.0,0.0,0.0,0.0,1.0,90.0,64,0.5,0.5,0.25,0.25,Entropia potencial
3505005,6.0310248651567906e-05,0.5,0.0,0.1750241240994606,0.0,1.0,0.0,0.0,0.0,1.0,90.0,64,0.5,0.5,0.25,0.25,Entropia potencial
3505104,0.00011429547464397735,0.5,0.0,0.1750457181898576,0.0,1.0,0.0,0.0,0.0,1.0,90.0,64,0.5,0.5,0.25,0.25,Entropia potencial
3505203,0.0018921744537240047,0.5,0.0,0.17575686978148958,0.0,1.0,0.0,0.0,0.0,1.0,90.0,64,0.5,0.5,0.25,0.25,Entropia potencial
3505302,0.001838895414450017,0.5,0.0,0.17573555816578,0.0,1.0,0.0,0.0,0.0,1.0,90.0,64,0.5,0.5,0.25,0.25,Entropia potencial
3505351,0.00015034376942162138,0.5,0.0,0.17506013750776864,0.0,1.0,0.0,0.0,0.0,1.0,90.0,64,0.5,0.5,0.25,0.25,Entropia potencial
3505401,0.00012402668533720044,0.5,0.0,0.17504961067413488,0.0,1.0,0.0,0.0,0.0,1.0,90.0,64,0.5,0.5,0.25,0.25,Entropia potencial
3505500,0.006504838095250982,0.5,0.0,0.1776019352381004,0.0,1.0,0.0,0.0,0.0,1.0,90.0,64,0.5,0.5,0.25,0.25,Entropia potencial
3505609,0.0006740710802198353,0.5,0.0,0.17526962843208793,0.0,1.0,0.0,0.0,0.0,1.0,90.0,64,0.5,0.5,0.25,0.25,Entropia potencial
3505708,0.07362604515568254,0.5,0.0,0.20445041806227301,0.0,1.0,0.0,0.0,0.0,1.0,90.0,64,0.5,0.5,0.25,0.25,Entropia potencial
3505807,0.0011846303344841234,0.5,0.0,0.17547385213379363,0.0,1.0,0.0,0.0,0.0,1.0,90.0,64,0.5,0.5,0.25,0.25,Entropia potencial
3505906,0.002933360082445819,0.5,0.0,0.17617334403297832,0.0,1.0,0.0,0.0,0.0,1.0,90.0,64,0.5,0.5,0.25,0.25,Entropia potencial
3506003,0.019654651119895585,0.5,0.0,0.1828618604479582,0.0,1.0,0.0,0.0,0.0,1.0,90.0,64,0.5,0.5,0.25,0.25,Entropia potencial
3506102,0.005005829925511097,0.5,0.0,0.17700233197020443,0.0,1.0,0.0,0.0,0.0,1.0,90.0,64,0.5,0.5,0.25,0.25,Entropia potencial
3506201,0.00024136891166155462,0.5,0.0,0.1750965475646646,0.0,1.0,0.0,0.0,0.0,1.0,90.0,64,0.5,0.5,0.25,0.25,Entropia potencial
3506300,0.00048820971322513236,0.5,0.0,0.17519528388529004,0.0,1.0,0.0,0.0,0.0,1.0,90.0,64,0.5,0.5,0.25,0.25,Entropia potencial
3506359,0.002383966901662807,0.5,0.0,0.1759535867606651,0.0,1.0,0.0,0.0,0.0,1.0,90.0,64,0.5,0.5,0.25,0.25,Entropia potencial
3506409,0.0002729887391286162,0.5,0.0,0.17510919549565143,0.0,1.0,0.0,0.0,0.0,1.0,90.0,64,0.5,0.5,0.25,0.25,Entropia potencial
3506508,0.004723884878181179,0.5,0.0,0.17688955395127245,0.0,1.0,0.0,0.0,0.0,1.0,90.0,64,0.5,0.5,0.25,0.25,Entropia potencial
3506607,0.0009608568895013309,0.5,0.0,0.17538434275580053,0.0,1.0,0.0,0.0,0.0,1.0,90.0,64,0.5,0.5,0.25,0.25,Entropia potencial
3506706,0.0004283181022090361,0.5,0.0,0.1751713272408836,0.0,1.0,0.0,0.0,0.0,1.0,90.0,64,0.5,0.5,0.25,0.25,Entropia potencial
3506805,0.0003017795910590059,0.5,0.0,0.17512071183642358,0.0,1.0,0.0,0.0,0.0,1.0,90.0,64,0.5,0.5,0.25,0.25,Entropia potencial
3506904,0.0002293552801224143,0.5,0.0,0.17509174211204895,0.0,1.0,0.0,0.0,0.0,1.0,90.0,64,0.5,0.5,0.25,0.25,Entropia potencial
3507001,0.004185765312915008,0.5,0.0,0.176674306125166,0.0,1.0,0.0,0.0,0.0,1.0,90.0,64,0.5,0.5,0.25,0.25,Entropia potencial
3507100,0.001928322122081786,0.5,0.0,0.1757713288488327,0.0,1.0,0.0,0.0,0.0,1.0,90.0,64,0.5,0.5,0.25,0.25,Entropia potencial
3507159,4.854399389702443e-05,0.5,0.0,0.1750194175975588,0.0,1.0,0.0,0.0,0.0,1.0,90.0,64,0.5,0.5,0.25,0.25,Entropia potencial
3507209,7.522368583237157e-05,0.5,0.0,0.17503008947433293,0.0,1.0,0.0,0.0,0.0,1.0,90.0,64,0.5,0.5,0.25,0.25,Entropia potencial
3507308,0.0005931682999991971,0.5,0.0,0.17523726731999967,0.0,1.0,0.0,0.0,0.0,1.0,90.0,64,0.5,0.5,0.25,0.25,Entropia potencial
3507407,0.0005697235352470398,0.5,0.0,0.1752278894140988,0.0,1.0,0.0,0.0,0.0,1.0,90.0,64,0.5,0.5,0.25,0.25,Entropia potencial
3507456,6.427356303384855e-05,0.5,0.0,0.17502570942521353,0.0,1.0,0.0,0.0,0.0,1.0,90.0,64,0.5,0.5,0.25,0.25,Entropia potencial
3507506,0.00707109729834792,0.5,0.0,0.17782843891933917,0.0,1.0,0.0,0.0,0.0,1.0,90.0,64,0.5,0.5,0.25,0.25,Entropia potencial
3507605,0.009624541612271746,0.5,0.0,0.17884981664490868,0.0,1.0,0.0,0.0,0.0,1.0,90.0,64,0.5,0.5,0.25,0.25,Entropia potencial
3507704,0.0001030229162928815,0.5,0.0,0.17504120916651714,0.0,1.0,0.0,0.0,0.0,1.0,90.0,64,0.5,0.5,0.25,0.25,Entropia potencial
3507753,6.084623168486112e-05,0.5,0.0,0.17502433849267393,0.0,1.0,0.0,0.0,0.0,1.0,90.0,64,0.5,0.5,0.25,0.25,Entropia potencial
3507803,0.0010048783283363664,0.5,0.0,0.17540195133133454,0.0,1.0,0.0,0.0,0.0,1.0,90.0,64,0.5,0.5,0.25,0.25,Entropia potencial
3507902,0.0014107485730918557,0.5,0.0,0.17556429942923674,0.0,1.0,0.0,0.0,0.0,1.0,90.0,64,0.5,0.5,0.25,0.25,Entropia potencial
3508009,0.0007207967490334981,0.5,0.0,0.1752883186996134,0.0,1.0,0.0,0.0,0.0,1.0,90.0,64,0.5,0.5,0.25,0.25,Entropia potencial
3508108,0.0006609622249676934,0.5,0.0,0.17526438488998708,0.0,1.0,0.0,0.0,0.0,1.0,90.0,64,0.5,0.5,0.25,0.25,Entropia potencial
3508207,0.0002499530975202153,0.5,0.0,0.17509998123900808,0.0,1.0,0.0,0.0,0.0,1.0,90.0,64,0.5,0.5,0.25,0.25,Entropia potencial
3508306,0.00010555694258638021,0.5,0.0,0.17504222277703455,0.0,1.0,0.0,0.0,0.0,1.0,90.0,64,0.5,0.5,0.25,0.25,Entropia potencial
3508405,0.0069819285391582095,0.5,0.0,0.17779277141566327,0.0,1.0,0.0,0.0,0.0,1.0,90.0,64,0.5,0.5,0.25,0.25,Entropia potencial
3508504,0.0061836869990596986,0.5,0.0,0.17747347479962386,0.0,1.0,0.0,0.0,0.0,1.0,90.0,64,0.5,0.5,0.25,0.25,Entropia potencial
3508603,0.0007466370513664097,0.5,0.0,0.17529865482054655,0.0,1.0,0.0,0.0,0.0,1.0,90.0,64,0.5,0.5,0.25,0.25,Entropia potencial
3508702,0.0004843278006053046,0.5,0.0,0.1751937311202421,0.0,1.0,0.0,0.0,0.0,1.0,90.0,64,0.5,0.5,0.25,0.25,Entropia potencial
3508801,0.0007574285993030117,0.5,0.0,0.1753029714397212,0.0,1.0,0.0,0.0,0.0,1.0,90.0,64,0.5,0.5,0.25,0.25,Entropia potencial
3508900,5.2438592505805936e-05,0.5,0.0,0.17502097543700232,0.0,1.0,0.0,0.0,0.0,1.0,90.0,64,0.5,0.5,0.25,0.25,Entropia potencial
3509007,0.005445736678629325,0.5,0.0,0.1771782946714517,0.0,1.0,0.0,0.0,0.0,1.0,90.0,64,0.5,0.5,0.25,0.25,Entropia potencial
3509106,7.44826126443271e-05,0.5,0.0,0.17502979304505772,0.0,1.0,0.0,0.0,0.0,1.0,90.0,64,0.5,0.5,0.25,0.25,Entropia potencial
3509205,0.025698796469127726,0.5,0.0,0.18527951858765107,0.0,1.0,0.0,0.0,0.0,1.0,90.0,64,0.5,0.5,0.25,0.25,Entropia potencial
3509254,0.002333942875721186,0.5,0.0,0.17593357715028846,0.0,1.0,0.0,0.0,0.0,1.0,90.0,64,0.5,0.5,0.25,0.25,Entropia potencial
3509304,0.00018376606448585248,0.5,0.0,0.17507350642579433,0.0,1.0,0.0,0.0,0.0,1.0,90.0,64,0.5,0.5,0.25,0.25,Entropia potencial
3509403,0.0008672015188850001,0.5,0.0,0.175346880607554,0.0,1.0,0.0,0.0,0.0,1.0,90.0,64,0.5,0.5,0.25,0.25,Entropia potencial
3509452,0.00016478888217688484,0.5,0.0,0.17506591555287074,0.0,1.0,0.0,0.0,0.0,1.0,90.0,64,0.5,0.5,0.25,0.25,Entropia potencial
3509502,0.08523459403854827,0.5,0.0,0.2090938376154193,0.0,1.0,0.0,0.0,0.0,1.0,90.0,64,0.5,0.5,0.25,0.25,Entropia potencial
3509601,0.0031239956099500927,0.5,0.0,0.17624959824398004,0.0,1.0,0.0,0.0,0.0,1.0,90.0,64,0.5,0.5,0.25,0.25,Entropia potencial
3509700,0.001735312200311681,0.5,0.0,0.17569412488012467,0.0,1.0,0.0,0.0,0.0,1.0,90.0,64,0.5,0.5,0.25,0.25,Entropia potencial
3509809,0.00022517524676217486,0.5,0.0,0.17509007009870486,0.0,1.0,0.0,0.0,0.0,1.0,90.0,64,0.5,0.5,0.25,0.25,Entropia potencial
3509908,0.0002809195965561621,0.5,0.0,0.17511236783862244,0.0,1.0,0.0,0.0,0.0,1.0,90.0,64,0.5,0.5,0.25,0.25,Entropia potencial
3509957,0.00011716990830773331,0.5,0.0,0.17504686796332308,0.0,1.0,0.0,0.0,0.0,1.0,90.0,64,0.5,0.5,0.25,0.25,Entropia potencial
3510005,0.0021706467115778514,0.5,0.0,0.17586825868463113,0.0,1.0,0.0,0.0,0.0,1.0,90.0,64,0.5,0.5,0.25,0.25,Entropia potencial
3510104,9.319761784825191e-05,0.5,0.0,0.17503727904713928,0.0,1.0,0.0,0.0,0.0,1.0,90.0,64,0.5,0.5,0.25,0.25,Entropia potencial
3510153,0.00020565045259670643,0.5,0.0,0.17508226018103867,0.0,1.0,0.0,0.0,0.0,1.0,90.0,64,0.5,0.5,0.25,0.25,Entropia potencial
3510203,0.0014526588519318488,0.5,0.0,0.17558106354077274,0.0,1.0,0.0,0.0,0.0,1.0,90.0,64,0.5,0.5,0.25,0.25,Entropia potencial
3510302,0.00044525812612519105,0.5,0.0,0.17517810325045008,0.0,1.0,0.0,0.0,0.0,1.0,90.0,64,0.5,0.5,0.25,0.25,Entropia potencial
3510401,0.0035036217150576443,0.5,0.0,0.17640144868602306,0.0,1.0,0.0,0.0,0.0,1.0,90.0,64,0.5,0.5,0.25,0.25,Entropia potencial
3510500,0.005871879133732804,0.5,0.0,0.17734875165349312,0.0,1.0,0.0,0.0,0.0,1.0,90.0,64,0.5,0.5,0.25,0.25,Entropia potencial
3510609,0.008242257226894723,0.5,0.0,0.1782969028907579,0.0,1.0,0.0,0.0,0.0,1.0,90.0,64,0.5,0.5,0.25,0.25,Entropia potencial
3510708,0.0003713231253373647,0.5,0.0,0.17514852925013494,0.0,1.0,0.0,0.0,0.0,1.0,90.0,64,0.5,0.5,0.25,0.25,Entropia potencial
3510807,0.0013107459793356975,0.5,0.0,0.17552429839173428,0.0,1.0,0.0,0.0,0.0,1.0,90.0,64,0.5,0.5,0.25,0.25,Entropia potencial
3510906,0.0002024842411870157,0.5,0.0,0.17508099369647478,0.0,1.0,0.0,0.0,0.0,1.0,90.0,64,0.5,0.5,0.25,0.25,Entropia potencial
3511003,0.001873015438906701,0.5,0.0,0.17574920617556267,0.0,1.0,0.0,0.0,0.0,1.0,90.0,64,0.5,0.5,0.25,0.25,Entropia potencial
3511102,0.006358957679609566,0.5,0.0,0.1775435830718438,0.0,1.0,0.0,0.0,0.0,1.0,90.0,64,0.5,0.5,0.25,0.25,Entropia potencial
3511201,0.0001577407581473663,0.5,0.0,0.17506309630325895,0.0,1.0,0.0,0.0,0.0,1.0,90.0,64,0.5,0.5,0.25,0.25,Entropia potencial
3511300,0.0006577664129171107,0.5,0.0,0.17526310656516683,0.0,1.0,0.0,0.0,0.0,1.0,90.0,64,0.5,0.5,0.25,0.25,Entropia potencial
3511409,0.001267981510572823,0.5,0.0,0.17550719260422912,0.0,1.0,0.0,0.0,0.0,1.0,90.0,64,0.5,0.5,0.25,0.25,Entropia potencial
3511508,0.0026912987272205424,0.5,0.0,0.1760765194908882,0.0,1.0,0.0,0.0,0.0,1.0,90.0,64,0.5,0.5,0.25,0.25,Entropia potencial
3511607,0.0010698094484643144,0.5,0.0,0.1754279237793857,0.0,1.0,0.0,0.0,0.0,1.0,90.0,64,0.5,0.5,0.25,0.25,Entropia potencial
3511706,0.0006234708989465677,0.5,0.0,0.17524938835957862,0.0,1.0,0.0,0.0,0.0,1.0,90.0,64,0.5,0.5,0.25,0.25,Entropia potencial
3511904,0.0001893172418188361,0.5,0.0,0.1750757268967275,0.0,1.0,0.0,0.0,0.0,1.0,90.0,64,0.5,0.5,0.25,0.25,Entropia potencial
3512001,0.0022160403515513773,0.5,0.0,0.17588641614062053,0.0,1.0,0.0,0.0,0.0,1.0,90.0,64,0.5,0.5,0.25,0.25,Entropia potencial
3512100,0.00047798163463122327,0.5,0.0,0.17519119265385247,0.0,1.0,0.0,0.0,0.0,1.0,90.0,64,0.5,0.5,0.25,0.25,Entropia potencial
3512209,0.0010125047220290238,0.5,0.0,0.17540500188881158,0.0,1.0,0.0,0.0,0.0,1.0,90.0,64,0.5,0.5,0.25,0.25,Entropia potencial
3512308,0.0004765438892164722,0.5,0.0,0.17519061755568657,0.0,1.0,0.0,0.0,0.0,1.0,90.0,64,0.5,0.5,0.25,0.25,Entropia potencial
3512407,0.0044351813702361844,0.5,0.0,0.17677407254809446,0.0,1.0,0.0,0.0,0.0,1.0,90.0,64,0.5,0.5,0.25,0.25,Entropia potencial
3512506,0.0002496285476361502,0.5,0.0,0.17509985141905446,0.0,1.0,0.0,0.0,0.0,1.0,90.0,64,0.5,0.5,0.25,0.25,Entropia potencial
3512605,0.00012973960902934356,0.5,0.0,0.17505189584361172,0.0,1.0,0.0,0.0,0.0,1.0,90.0,64,0.5,0.5,0.25,0.25,Entropia potencial
3512704,0.00033744942049953165,0.5,0.0,0.1751349797681998,0.0,1.0,0.0,0.0,0.0,1.0,90.0,64,0.5,0.5,0.25,0.25,Entropia potencial
3512803,0.0021550027728664644,0.5,0.0,0.17586200110914657,0.0,1.0,0.0,0.0,0.0,1.0,90.0,64,0.5,0.5,0.25,0.25,Entropia potencial
3512902,0.000635756222082466,0.5,0.0,0.17525430248883297,0.0,1.0,0.0,0.0,0.0,1.0,90.0,64,0.5,0.5,0.25,0.25,Entropia potencial
3513009,0.018239493108476577,0.5,0.0,0.18229579724339062,0.0,1.0,0.0,0.0,0.0,1.0,90.0,64,0.5,0.5,0.25,0.25,Entropia potencial
3513108,0.0021499051196385752,0.5,0.0,0.17585996204785542,0.0,1.0,0.0,0.0,0.0,1.0,90.0,64,0.5,0.5,0.25,0.25,Entropia potencial
3513207,0.0004337339623265137,0.5,0.0,0.1751734935849306,0.0,1.0,0.0,0.0,0.0,1.0,90.0,64,0.5,0.5,0.25,0.25,Entropia potencial
3513306,0.00020813479210013655,0.5,0.0,0.17508325391684004,0.0,1.0,0.0,0.0,0.0,1.0,90.0,64,0.5,0.5,0.25,0.25,Entropia potencial
3513405,0.004011128931812825,0.5,0.0,0.1766044515727251,0.0,1.0,0.0,0.0,0.0,1.0,90.0,64,0.5,0.5,0.25,0.25,Entropia potencial
3513504,0.030334990505832295,0.5,0.0,0.1871339962023329,0.0,1.0,0.0,0.0,0.0,1.0,90.0,64,0.5,0.5,0.25,0.25,Entropia potencial
3513603,0.00035389469084649286,0.5,0.0,0.1751415578763386,0.0,1.0,0.0,0.0,0.0,1.0,90.0,64,0.5,0.5,0.25,0.25,Entropia potencial
3513702,0.002439175268423501,0.5,0.0,0.1759756701073694,0.0,1.0,0.0,0.0,0.0,1.0,90.0,64,0.5,0.5,0.25,0.25,Entropia potencial
3513801,0.021181015567648346,0.5,0.0,0.18347240622705932,0.0,1.0,0.0,0.0,0.0,1.0,90.0,64,0.5,0.5,0.25,0.25,Entropia potencial
3513850,6.38570397298692e-05,0.5,0.0,0.17502554281589194,0.0,1.0,0.0,0.0,0.0,1.0,90.0,64,0.5,0.5,0.25,0.25,Entropia potencial
3513900,0.0004203206433394834,0.5,0.0,0.17516812825733577,0.0,1.0,0.0,0.0,0.0,1.0,90.0,64,0.5,0.5,0.25,0.25,Entropia potencial
3514007,0.00014747250725510386,0.5,0.0,0.17505898900290204,0.0,1.0,0.0,0.0,0.0,1.0,90.0,64,0.5,0.5,0.25,0.25,Entropia potencial
3514106,0.0010433496470041645,0.5,0.0,0.17541733985880165,0.0,1.0,0.0,0.0,0.0,1.0,90.0,64,0.5,0.5,0.25,0.25,Entropia potencial
3514205,4.4387218183200084e-05,0.5,0.0,0.17501775488727328,0.0,1.0,0.0,0.0,0.0,1.0,90.0,64,0.5,0.5,0.25,0.25,Entropia potencial
3514304,0.0008827809704858722,0.5,0.0,0.17535311238819434,0.0,1.0,0.0,0.0,0.0,1.0,90.0,64,0.5,0.5,0.25,0.25,Entropia potencial
3514403,0.0016974360659589602,0.5,0.0,0.17567897442638358,0.0,1.0,0.0,0.0,0.0,1.0,90.0,64,0.5,0.5,0.25,0.25,Entropia potencial
3514502,0.0003213107282189512,0.5,0.0,0.17512852429128756,0.0,1.0,0.0,0.0,0.0,1.0,90.0,64,0.5,0.5,0.25,0.25,Entropia potencial
3514601,0.00042384100527413117,0.5,0.0,0.17516953640210964,0.0,1.0,0.0,0.0,0.0,1.0,90.0,64,0.5,0.5,0.25,0.25,Entropia potencial
3514700,0.00015389584632865337,0.5,0.0,0.17506155833853146,0.0,1.0,0.0,0.0,0.0,1.0,90.0,64,0.5,0.5,0.25,0.25,Entropia potencial
3514809,0.0003046413387338082,0.5,0.0,0.1751218565354935,0.0,1.0,0.0,0.0,0.0,1.0,90.0,64,0.5,0.5,0.25,0.25,Entropia potencial
3514908,0.0015750691308432003,0.5,0.0,0.17563002765233726,0.0,1.0,0.0,0.0,0.0,1.0,90.0,64,0.5,0.5,0.25,0.25,Entropia potencial
3514924,6.71638541837966e-05,0.5,0.0,0.17502686554167352,0.0,1.0,0.0,0.0,0.0,1.0,90.0,64,0.5,0.5,0.25,0.25,Entropia potencial
3514957,4.7692975471381354e-05,0.5,0.0,0.17501907719018855,0.0,1.0,0.0,0.0,0.0,1.0,90.0,64,0.5,0.5,0.25,0.25,Entropia potencial
3515004,0.017517990172724655,0.5,0.0,0.18200719606908985,0.0,1.0,0.0,0.0,0.0,1.0,90.0,64,0.5,0.5,0.25,0.25,Entropia potencial
3515103,0.0016145035275057322,0.5,0.0,0.17564580141100228,0.0,1.0,0.0,0.0,0.0,1.0,90.0,64,0.5,0.5,0.25,0.25,Entropia potencial
3515129,6.120989670153345e-05,0.5,0.0,0.17502448395868062,0.0,1.0,0.0,0.0,0.0,1.0,90.0,64,0.5,0.5,0.25,0.25,Entropia potencial
3515152,0.0007749067205839521,0.5,0.0,0.17530996268823357,0.0,1.0,0.0,0.0,0.0,1.0,90.0,64,0.5,0.5,0.25,0.25,Entropia potencial
3515186,0.0025143260098193887,0.5,0.0,0.17600573040392775,0.0,1.0,0.0,0.0,0.0,1.0,90.0,64,0.5,0.5,0.25,0.25,Entropia potencial
3515194,7.973672640264527e-05,0.5,0.0,0.17503189469056105,0.0,1.0,0.0,0.0,0.0,1.0,90.0,64,0.5,0.5,0.25,0.25,Entropia potencial
3515202,0.0012588327982057234,0.5,0.0,0.17550353311928227,0.0,1.0,0.0,0.0,0.0,1.0,90.0,64,0.5,0.5,0.25,0.25,Entropia potencial
3515301,3.738878094375015e-05,0.5,0.0,0.1750149555123775,0.0,1.0,0.0,0.0,0.0,1.0,90.0,64,0.5,0.5,0.25,0.25,Entropia potencial
3515350,0.0001204629796069609,0.5,0.0,0.1750481851918428,0.0,1.0,0.0,0.0,0.0,1.0,90.0,64,0.5,0.5,0.25,0.25,Entropia potencial
3515400,0.0004880458525344806,0.5,0.0,0.1751952183410138,0.0,1.0,0.0,0.0,0.0,1.0,90.0,64,0.5,0.5,0.25,0.25,Entropia potencial
3515509,0.0028965400566734927,0.5,0.0,0.17615861602266938,0.0,1.0,0.0,0.0,0.0,1.0,90.0,64,0.5,0.5,0.25,0.25,Entropia potencial
3515608,0.00021157163794083923,0.5,0.0,0.17508462865517632,0.0,1.0,0.0,0.0,0.0,1.0,90.0,64,0.5,0.5,0.25,0.25,Entropia potencial
3515657,6.214548838686777e-05,0.5,0.0,0.17502485819535474,0.0,1.0,0.0,0.0,0.0,1.0,90.0,64,0.5,0.5,0.25,0.25,Entropia potencial
3515707,0.005453590362957402,0.5,0.0,0.17718143614518295,0.0,1.0,0.0,0.0,0.0,1.0,90.0,64,0.5,0.5,0.25,0.25,Entropia potencial
3515806,2.7995863289292038e-05,0.5,0.0,0.1750111983453157,0.0,1.0,0.0,0.0,0.0,1.0,90.0,64,0.5,0.5,0.25,0.25,Entropia potencial
3515905,6.551784711705588e-05,0.5,0.0,0.1750262071388468,0.0,1.0,0.0,0.0,0.0,1.0,90.0,64,0.5,0.5,0.25,0.25,Entropia potencial
3516002,0.0002841545237393519,0.5,0.0,0.17511366180949572,0.0,1.0,0.0,0.0,0.0,1.0,90.0,64,0.5,0.5,0.25,0.25,Entropia potencial
3516101,0.00018536344192827075,0.5,0.0,0.1750741453767713,0.0,1.0,0.0,0.0,0.0,1.0,90.0,64,0.5,0.5,0.25,0.25,Entropia potencial
3516200,0.013801314673350083,0.5,0.0,0.18052052586934003,0.0,1.0,0.0,0.0,0.0,1.0,90.0,64,0.5,0.5,0.25,0.25,Entropia potencial
3516309,0.002133707226076211,0.5,0.0,0.17585348289043048,0.0,1.0,0.0,0.0,0.0,1.0,90.0,64,0.5,0.5,0.25,0.25,Entropia potencial
3516408,0.0053557338156659095,0.5,0.0,0.17714229352626634,0.0,1.0,0.0,0.0,0.0,1.0,90.0,64,0.5,0.5,0.25,0.25,Entropia potencial
3516507,9.359511216880074e-05,0.5,0.0,0.17503743804486752,0.0,1.0,0.0,0.0,0.0,1.0,90.0,64,0.5,0.5,0.25,0.25,Entropia potencial
3516606,0.0001548811248040563,0.5,0.0,0.17506195244992162,0.0,1.0,0.0,0.0,0.0,1.0,90.0,64,0.5,0.5,0.25,0.25,Entropia potencial
3516705,0.0017304058940838432,0.5,0.0,0.17569216235763352,0.0,1.0,0.0,0.0,0.0,1.0,90.0,64,0.5,0.5,0.25,0.25,Entropia potencial
3516804,6.58159678574675e-05,0.5,0.0,0.17502632638714297,0.0,1.0,0.0,0.0,0.0,1.0,90.0,64,0.5,0.5,0.25,0.25,Entropia potencial
3516853,0.0013080787501581852,0.5,0.0,0.17552323150006327,0.0,1.0,0.0,0.0,0.0,1.0,90.0,64,0.5,0.5,0.25,0.25,Entropia potencial
3516903,0.0002930548021561086,0.5,0.0,0.17511722192086243,0.0,1.0,0.0,0.0,0.0,1.0,90.0,64,0.5,0.5,0.25,0.25,Entropia potencial
3517000,0.00021128303169214288,0.5,0.0,0.17508451321267685,0.0,1.0,0.0,0.0,0.0,1.0,90.0,64,0.5,0.5,0.25,0.25,Entropia potencial
3517109,0.00012435546388425012,0.5,0.0,0.1750497421855537,0.0,1.0,0.0,0.0,0.0,1.0,90.0,64,0.5,0.5,0.25,0.25,Entropia potencial
3517208,0.0002526435843441428,0.5,0.0,0.17510105743373763,0.0,1.0,0.0,0.0,0.0,1.0,90.0,64,0.5,0.5,0.25,0.25,Entropia potencial
3517307,0.0004666414176723744,0.5,0.0,0.17518665656706894,0.0,1.0,0.0,0.0,0.0,1.0,90.0,64,0.5,0.5,0.25,0.25,Entropia potencial
3517406,0.003133330383488513,0.5,0.0,0.1762533321533954,0.0,1.0,0.0,0.0,0.0,1.0,90.0,64,0.5,0.5,0.25,0.25,Entropia potencial
3517505,0.0009743198952784298,0.5,0.0,0.17538972795811136,0.0,1.0,0.0,0.0,0.0,1.0,90.0,64,0.5,0.5,0.25,0.25,Entropia potencial
3517604,0.0005316655683859827,0.5,0.0,0.17521266622735437,0.0,1.0,0.0,0.0,0.0,1.0,90.0,64,0.5,0.5,0.25,0.25,Entropia potencial
3517703,0.0007696610641516031,0.5,0.0,0.17530786442566063,0.0,1.0,0.0,0.0,0.0,1.0,90.0,64,0.5,0.5,0.25,0.25,Entropia potencial
3517802,0.0002744476278582901,0.5,0.0,0.1751097790511433,0.0,1.0,0.0,0.0,0.0,1.0,90.0,64,0.5,0.5,0.25,0.25,Entropia potencial
3517901,0.000453009265375893,0.5,0.0,0.17518120370615034,0.0,1.0,0.0,0.0,0.0,1.0,90.0,64,0.5,0.5,0.25,0.25,Entropia potencial
3518008,1.8137792706532112e-05,0.5,0.0,0.1750072551170826,0.0,1.0,0.0,0.0,0.0,1.0,90.0,64,0.5,0.5,0.25,0.25,Entropia potencial
3518107,0.00020197468729737602,0.5,0.0,0.17508078987491893,0.0,1.0,0.0,0.0,0.0,1.0,90.0,64,0.5,0.5,0.25,0.25,Entropia potencial
3518206,0.0015378611252420402,0.5,0.0,0.1756151444500968,0.0,1.0,0.0,0.0,0.0,1.0,90.0,64,0.5,0.5,0.25,0.25,Entropia potencial
3518305,0.0017225818103966575,0.5,0.0,0.17568903272415864,0.0,1.0,0.0,0.0,0.0,1.0,90.0,64,0.5,0.5,0.25,0.25,Entropia potencial
3518404,0.008797799940823034,0.5,0.0,0.17851911997632922,0.0,1.0,0.0,0.0,0.0,1.0,90.0,64,0.5,0.5,0.25,0.25,Entropia potencial
3518503,0.0003284117105357767,0.5,0.0,0.1751313646842143,0.0,1.0,0.0,0.0,0.0,1.0,90.0,64,0.5,0.5,0.25,0.25,Entropia potencial
3518602,0.0013654712213504053,0.5,0.0,0.17554618848854014,0.0,1.0,0.0,0.0,0.0,1.0,90.0,64,0.5,0.5,0.25,0.25,Entropia potencial
3518701,0.012108311303364691,0.5,0.0,0.17984332452134585,0.0,1.0,0.0,0.0,0.0,1.0,90.0,64,0.5,0.5,0.25,0.25,Entropia potencial
3518800,0.09128910806941856,0.5,0.0,0.21151564322776742,0.0,1.0,0.0,0.0,0.0,1.0,90.0,64,0.5,0.5,0.25,0.25,Entropia potencial
3518859,0.00021862610496483463,0.5,0.0,0.17508745044198593,0.0,1.0,0.0,0.0,0.0,1.0,90.0,64,0.5,0.5,0.25,0.25,Entropia potencial
3518909,8.051691472329693e-05,0.5,0.0,0.17503220676588932,0.0,1.0,0.0,0.0,0.0,1.0,90.0,64,0.5,0.5,0.25,0.25,Entropia potencial
3519006,0.0004224032598593801,0.5,0.0,0.17516896130394374,0.0,1.0,0.0,0.0,0.0,1.0,90.0,64,0.5,0.5,0.25,0.25,Entropia potencial
3519055,0.0015835232853150857,0.5,0.0,0.17563340931412602,0.0,1.0,0.0,0.0,0.0,1.0,90.0,64,0.5,0.5,0.25,0.25,Entropia potencial
3519071,0.02262311333377625,0.5,0.0,0.1840492453335105,0.0,1.0,0.0,0.0,0.0,1.0,90.0,64,0.5,0.5,0.25,0.25,Entropia potencial
3519105,0.0008691583326811062,0.5,0.0,0.17534766333307242,0.0,1.0,0.0,0.0,0.0,1.0,90.0,64,0.5,0.5,0.25,0.25,Entropia potencial
3519204,0.0002822706543797296,0.5,0.0,0.17511290826175188,0.0,1.0,0.0,0.0,0.0,1.0,90.0,64,0.5,0.5,0.25,0.25,Entropia potencial
3519253,0.0001734914705991132,0.5,0.0,0.17506939658823964,0.0,1.0,0.0,0.0,0.0,1.0,90.0,64,0.5,0.5,0.25,0.25,Entropia potencial
3519303,0.0012793238418631642,0.5,0.0,0.17551172953674526,0.0,1.0,0.0,0.0,0.0,1.0,90.0,64,0.5,0.5,0.25,0.25,Entropia potencial
3519402,0.00033974241300291033,0.5,0.0,0.17513589696520115,0.0,1.0,0.0,0.0,0.0,1.0,90.0,64,0.5,0.5,0.25,0.25,Entropia potencial
3519501,0.0002750671269855284,0.5,0.0,0.1751100268507942,0.0,1.0,0.0,0.0,0.0,1.0,90.0,64,0.5,0.5,0.25,0.25,Entropia potencial
3519600,0.0020518773114962074,0.5,0.0,0.17582075092459848,0.0,1.0,0.0,0.0,0.0,1.0,90.0,64,0.5,0.5,0.25,0.25,Entropia potencial
3519709,0.002807154578505823,0.5,0.0,0.17612286183140233,0.0,1.0,0.0,0.0,0.0,1.0,90.0,64,0.5,0.5,0.25,0.25,Entropia potencial
3519808,0.0002274048093207851,0.5,0.0,0.1750909619237283,0.0,1.0,0.0,0.0,0.0,1.0,90.0,64,0.5,0.5,0.25,0.25,Entropia potencial
3519907,0.0004818868048974662,0.5,0.0,0.17519275472195897,0.0,1.0,0.0,0.0,0.0,1.0,90.0,64,0.5,0.5,0.25,0.25,Entropia potencial
3520004,0.00041764495683600187,0.5,0.0,0.17516705798273438,0.0,1.0,0.0,0.0,0.0,1.0,90.0,64,0.5,0.5,0.25,0.25,Entropia potencial
3520103,0.0016617620078554498,0.5,0.0,0.17566470480314217,0.0,1.0,0.0,0.0,0.0,1.0,90.0,64,0.5,0.5,0.25,0.25,Entropia potencial
3520202,0.0003061858578889194,0.5,0.0,0.17512247434315556,0.0,1.0,0.0,0.0,0.0,1.0,90.0,64,0.5,0.5,0.25,0.25,Entropia potencial
3520301,0.0024901803441775405,0.5,0.0,0.17599607213767102,0.0,1.0,0.0,0.0,0.0,1.0,90.0,64,0.5,0.5,0.25,0.25,Entropia potencial
3520400,0.02631548036398407,0.5,0.0,0.18552619214559363,0.0,1.0,0.0,0.0,0.0,1.0,90.0,64,0.5,0.5,0.25,0.25,Entropia potencial
3520426,0.002412519891300315,0.5,0.0,0.17596500795652012,0.0,1.0,0.0,0.0,0.0,1.0,90.0,64,0.5,0.5,0.25,0.25,Entropia potencial
3520442,0.0007902683960411194,0.5,0.0,0.17531610735841643,0.0,1.0,0.0,0.0,0.0,1.0,90.0,64,0.5,0.5,0.25,0.25,Entropia potencial
3520509,0.02845833101659865,0.5,0.0,0.18638333240663946,0.0,1.0,0.0,0.0,0.0,1.0,90.0,64,0.5,0.5,0.25,0.25,Entropia potencial
3520608,7.321612808045081e-05,0.5,0.0,0.17502928645123217,0.0,1.0,0.0,0.0,0.0,1.0,90.0,64,0.5,0.5,0.25,0.25,Entropia potencial
3520707,0.00010601258102296675,0.5,0.0,0.17504240503240917,0.0,1.0,0.0,0.0,0.0,1.0,90.0,64,0.5,0.5,0.25,0.25,Entropia potencial
3520806,0.00014746510709488087,0.5,0.0,0.17505898604283793,0.0,1.0,0.0,0.0,0.0,1.0,90.0,64,0.5,0.5,0.25,0.25,Entropia potencial
3520905,0.0005949231951377903,0.5,0.0,0.1752379692780551,0.0,1.0,0.0,0.0,0.0,1.0,90.0,64,0.5,0.5,0.25,0.25,Entropia potencial
3521002,0.0011838543748264564,0.5,0.0,0.17547354174993057,0.0,1.0,0.0,0.0,0.0,1.0,90.0,64,0.5,0.5,0.25,0.25,Entropia potencial
3521101,0.0010197272784066556,0.5,0.0,0.17540789091136266,0.0,1.0,0.0,0.0,0.0,1.0,90.0,64,0.5,0.5,0.25,0.25,Entropia potencial
3521150,0.0001326351860080223,0.5,0.0,0.1750530540744032,0.0,1.0,0.0,0.0,0.0,1.0,90.0,64,0.5,0.5,0.25,0.25,Entropia potencial
3521200,4.699630324467478e-05,0.5,0.0,0.17501879852129787,0.0,1.0,0.0,0.0,0.0,1.0,90.0,64,0.5,0.5,0.25,0.25,Entropia potencial
3521309,0.0005136704930551795,0.5,0.0,0.17520546819722205,0.0,1.0,0.0,0.0,0.0,1.0,90.0,64,0.5,0.5,0.25,0.25,Entropia potencial
3521408,0.002216904055965974,0.5,0.0,0.17588676162238637,0.0,1.0,0.0,0.0,0.0,1.0,90.0,64,0.5,0.5,0.25,0.25,Entropia potencial
3521507,0.0001887759729568122,0.5,0.0,0.1750755103891827,0.0,1.0,0.0,0.0,0.0,1.0,90.0,64,0.5,0.5,0.25,0.25,Entropia potencial
3521606,0.00010067283683921121,0.5,0.0,0.17504026913473567,0.0,1.0,0.0,0.0,0.0,1.0,90.0,64,0.5,0.5,0.25,0.25,Entropia potencial
3521705,0.0012514654101208704,0.5,0.0,0.17550058616404834,0.0,1.0,0.0,0.0,0.0,1.0,90.0,64,0.5,0.5,0.25,0.25,Entropia potencial
3521804,0.0010318561410121252,0.5,0.0,0.17541274245640484,0.0,1.0,0.0,0.0,0.0,1.0,90.0,64,0.5,0.5,0.25,0.25,Entropia potencial
3521903,0.0010782636029361998,0.5,0.0,0.17543130544117447,0.0,1.0,0.0,0.0,0.0,1.0,90.0,64,0.5,0.5,0.25,0.25,Entropia potencial
3522000,0.00033559515178080125,0.5,0.0,0.17513423806071232,0.0,1.0,0.0,0.0,0.0,1.0,90.0,64,0.5,0.5,0.25,0.25,Entropia potencial
3522109,0.0027385212639348916,0.5,0.0,0.17609540850557395,0.0,1.0,0.0,0.0,0.0,1.0,90.0,64,0.5,0.5,0.25,0.25,Entropia potencial
3522158,3.756427045760947e-05,0.5,0.0,0.17501502570818303,0.0,1.0,0.0,0.0,0.0,1.0,90.0,64,0.5,0.5,0.25,0.25,Entropia potencial
3522208,0.005555177648167025,0.5,0.0,0.1772220710592668,0.0,1.0,0.0,0.0,0.0,1.0,90.0,64,0.5,0.5,0.25,0.25,Entropia potencial
3522307,0.007641808226401855,0.5,0.0,0.17805672329056074,0.0,1.0,0.0,0.0,0.0,1.0,90.0,64,0.5,0.5,0.25,0.25,Entropia potencial
3522406,0.004414441892628401,0.5,0.0,0.17676577675705135,0.0,1.0,0.0,0.0,0.0,1.0,90.0,64,0.5,0.5,0.25,0.25,Entropia potencial
3522505,0.015853514420398864,0.5,0.0,0.18134140576815955,0.0,1.0,0.0,0.0,0.0,1.0,90.0,64,0.5,0.5,0.25,0.25,Entropia potencial
3522604,0.0057892637450034186,0.5,0.0,0.17731570549800135,0.0,1.0,0.0,0.0,0.0,1.0,90.0,64,0.5,0.5,0.25,0.25,Entropia potencial
3522653,4.468851042085012e-05,0.5,0.0,0.17501787540416833,0.0,1.0,0.0,0.0,0.0,1.0,90.0,64,0.5,0.5,0.25,0.25,Entropia potencial
3522703,0.002063574850477252,0.5,0.0,0.1758254299401909,0.0,1.0,0.0,0.0,0.0,1.0,90.0,64,0.5,0.5,0.25,0.25,Entropia potencial
3522802,0.0003661842426453759,0.5,0.0,0.17514647369705813,0.0,1.0,0.0,0.0,0.0,1.0,90.0,64,0.5,0.5,0.25,0.25,Entropia potencial
3522901,0.001284220633599287,0.5,0.0,0.17551368825343971,0.0,1.0,0.0,0.0,0.0,1.0,90.0,64,0.5,0.5,0.25,0.25,Entropia potencial
3523008,0.0001219726122924495,0.5,0.0,0.17504878904491697,0.0,1.0,0.0,0.0,0.0,1.0,90.0,64,0.5,0.5,0.25,0.25,Entropia potencial
3523107,0.011348286304989158,0.5,0.0,0.17953931452199565,0.0,1.0,0.0,0.0,0.0,1.0,90.0,64,0.5,0.5,0.25,0.25,Entropia potencial
3523206,0.0013566872311657242,0.5,0.0,0.17554267489246628,0.0,1.0,0.0,0.0,0.0,1.0,90.0,64,0.5,0.5,0.25,0.25,Entropia potencial
3523305,0.0003236068922195683,0.5,0.0,0.17512944275688783,0.0,1.0,0.0,0.0,0.0,1.0,90.0,64,0.5,0.5,0.25,0.25,Entropia potencial
3523404,0.009526906012621196,0.5,0.0,0.17881076240504848,0.0,1.0,0.0,0.0,0.0,1.0,90.0,64,0.5,0.5,0.25,0.25,Entropia potencial
3523503,0.0004345289509676114,0.5,0.0,0.17517381158038703,0.0,1.0,0.0,0.0,0.0,1.0,90.0,64,0.5,0.5,0.25,0.25,Entropia potencial
3523602,0.0018121438352439324,0.5,0.0,0.17572485753409756,0.0,1.0,0.0,0.0,0.0,1.0,90.0,64,0.5,0.5,0.25,0.25,Entropia potencial
3523701,0.00017733426808633383,0.5,0.0,0.17507093370723453,0.0,1.0,0.0,0.0,0.0,1.0,90.0,64,0.5,0.5,0.25,0.25,Entropia potencial
3523800,0.0002429684034354652,0.5,0.0,0.17509718736137417,0.0,1.0,0.0,0.0,0.0,1.0,90.0,64,0.5,0.5,0.25,0.25,Entropia potencial
3523909,0.01243435284829762,0.5,0.0,0.17997374113931905,0.0,1.0,0.0,0.0,0.0,1.0,90.0,64,0.5,0.5,0.25,0.25,Entropia potencial
3524006,0.009999143008587891,0.5,0.0,0.17899965720343514,0.0,1.0,0.0,0.0,0.0,1.0,90.0,64,0.5,0.5,0.25,0.25,Entropia potencial
3524105,0.0023125807274889253,0.5,0.0,0.17592503229099557,0.0,1.0,0.0,0.0,0.0,1.0,90.0,64,0.5,0.5,0.25,0.25,Entropia potencial
3524204,0.00016268089367908072,0.5,0.0,0.17506507235747162,0.0,1.0,0.0,0.0,0.0,1.0,90.0,64,0.5,0.5,0.25,0.25,Entropia potencial
3524303,0.0040765199190403445,0.5,0.0,0.17663060796761612,0.0,1.0,0.0,0.0,0.0,1.0,90.0,64,0.5,0.5,0.25,0.25,Entropia potencial
3524402,0.01875498404094661,0.5,0.0,0.18250199361637864,0.0,1.0,0.0,0.0,0.0,1.0,90.0,64,0.5,0.5,0.25,0.25,Entropia potencial
3524501,0.0007321729096277157,0.5,0.0,0.17529286916385106,0.0,1.0,0.0,0.0,0.0,1.0,90.0,64,0.5,0.5,0.25,0.25,Entropia potencial
3524600,0.0005905084709819077,0.5,0.0,0.17523620338839274,0.0,1.0,0.0,0.0,0.0,1.0,90.0,64,0.5,0.5,0.25,0.25,Entropia potencial
3524709,0.01470443234129446,0.5,0.0,0.18088177293651778,0.0,1.0,0.0,0.0,0.0,1.0,90.0,64,0.5,0.5,0.25,0.25,Entropia potencial
3524808,0.002499080622594297,0.5,0.0,0.1759996322490377,0.0,1.0,0.0,0.0,0.0,1.0,90.0,64,0.5,0.5,0.25,0.25,Entropia potencial
3524907,0.00036861255236426055,0.5,0.0,0.1751474450209457,0.0,1.0,0.0,0.0,0.0,1.0,90.0,64,0.5,0.5,0.25,0.25,Entropia potencial
3525003,0.00605916133149032,0.5,0.0,0.17742366453259611,0.0,1.0,0.0,0.0,0.0,1.0,90.0,64,0.5,0.5,0.25,0.25,Entropia potencial
3525102,0.002021482739128923,0.5,0.0,0.17580859309565156,0.0,1.0,0.0,0.0,0.0,1.0,90.0,64,0.5,0.5,0.25,0.25,Entropia potencial
3525201,0.003409237957242223,0.5,0.0,0.17636369518289688,0.0,1.0,0.0,0.0,0.0,1.0,90.0,64,0.5,0.5,0.25,0.25,Entropia potencial
3525300,0.006583374938531758,0.5,0.0,0.1776333499754127,0.0,1.0,0.0,0.0,0.0,1.0,90.0,64,0.5,0.5,0.25,0.25,Entropia potencial
3525409,0.00013965793805963348,0.5,0.0,0.17505586317522384,0.0,1.0,0.0,0.0,0.0,1.0,90.0,64,0.5,0.5,0.25,0.25,Entropia potencial
3525508,0.0002794469646717884,0.5,0.0,0.1751117787858687,0.0,1.0,0.0,0.0,0.0,1.0,90.0,64,0.5,0.5,0.25,0.25,Entropia potencial
3525607,0.0001036582729063119,0.5,0.0,0.1750414633091625,0.0,1.0,0.0,0.0,0.0,1.0,90.0,64,0.5,0.5,0.25,0.25,Entropia potencial
3525706,0.0017137174756152696,0.5,0.0,0.1756854869902461,0.0,1.0,0.0,0.0,0.0,1.0,90.0,64,0.5,0.5,0.25,0.25,Entropia potencial
3525805,4.951024338899683e-05,0.5,0.0,0.1750198040973556,0.0,1.0,0.0,0.0,0.0,1.0,90.0,64,0.5,0.5,0.25,0.25,Entropia potencial
3525854,0.00022928550718316902,0.5,0.0,0.17509171420287326,0.0,1.0,0.0,0.0,0.0,1.0,90.0,64,0.5,0.5,0.25,0.25,Entropia potencial
3525904,0.06746291474455654,0.5,0.0,0.20198516589782262,0.0,1.0,0.0,0.0,0.0,1.0,90.0,64,0.5,0.5,0.25,0.25,Entropia potencial
3526001,0.000906771232763038,0.5,0.0,0.1753627084931052,0.0,1.0,0.0,0.0,0.0,1.0,90.0,64,0.5,0.5,0.25,0.25,Entropia potencial
3526100,0.00037913875169858126,0.5,0.0,0.17515165550067943,0.0,1.0,0.0,0.0,0.0,1.0,90.0,64,0.5,0.5,0.25,0.25,Entropia potencial
3526209,0.0006366336696517627,0.5,0.0,0.1752546534678607,0.0,1.0,0.0,0.0,0.0,1.0,90.0,64,0.5,0.5,0.25,0.25,Entropia potencial
3526308,6.552736160877115e-05,0.5,0.0,0.1750262109446435,0.0,1.0,0.0,0.0,0.0,1.0,90.0,64,0.5,0.5,0.25,0.25,Entropia potencial
3526407,0.0015875035143493046,0.5,0.0,0.1756350014057397,0.0,1.0,0.0,0.0,0.0,1.0,90.0,64,0.5,0.5,0.25,0.25,Entropia potencial
3526506,0.0001685048197745686,0.5,0.0,0.17506740192790982,0.0,1.0,0.0,0.0,0.0,1.0,90.0,64,0.5,0.5,0.25,0.25,Entropia potencial
3526605,0.00014078487674501922,0.5,0.0,0.17505631395069798,0.0,1.0,0.0,0.0,0.0,1.0,90.0,64,0.5,0.5,0.25,0.25,Entropia potencial
3526704,0.005410888266973551,0.5,0.0,0.17716435530678942,0.0,1.0,0.0,0.0,0.0,1.0,90.0,64,0.5,0.5,0.25,0.25,Entropia potencial
3526803,0.0061954141386816345,0.5,0.0,0.17747816565547264,0.0,1.0,0.0,0.0,0.0,1.0,90.0,64,0.5,0.5,0.25,0.25,Entropia potencial
3526902,0.020146885463116274,0.5,0.0,0.1830587541852465,0.0,1.0,0.0,0.0,0.0,1.0,90.0,64,0.5,0.5,0.25,0.25,Entropia potencial
3527009,0.0003181667172899294,0.5,0.0,0.17512726668691597,0.0,1.0,0.0,0.0,0.0,1.0,90.0,64,0.5,0.5,0.25,0.25,Entropia potencial
3527108,0.00933212110956332,0.5,0.0,0.1787328484438253,0.0,1.0,0.0,0.0,0.0,1.0,90.0,64,0.5,0.5,0.25,0.25,Entropia potencial
3527207,0.004389062514560806,0.5,0.0,0.1767556250058243,0.0,1.0,0.0,0.0,0.0,1.0,90.0,64,0.5,0.5,0.25,0.25,Entropia potencial
3527256,2.390780334896682e-05,0.5,0.0,0.17500956312133958,0.0,1.0,0.0,0.0,0.0,1.0,90.0,64,0.5,0.5,0.25,0.25,Entropia potencial
3527306,0.020319755320256656,0.5,0.0,0.18312790212810265,0.0,1.0,0.0,0.0,0.0,1.0,90.0,64,0.5,0.5,0.25,0.25,Entropia potencial
3527405,0.0005507336669491184,0.5,0.0,0.17522029346677964,0.0,1.0,0.0,0.0,0.0,1.0,90.0,64,0.5,0.5,0.25,0.25,Entropia potencial
3527504,5.563017589340403e-05,0.5,0.0,0.17502225207035735,0.0,1.0,0.0,0.0,0.0,1.0,90.0,64,0.5,0.5,0.25,0.25,Entropia potencial
3527603,0.0018946112207688585,0.5,0.0,0.17575784448830753,0.0,1.0,0.0,0.0,0.0,1.0,90.0,64,0.5,0.5,0.25,0.25,Entropia potencial
3527702,7.896922407094727e-05,0.5,0.0,0.17503158768962837,0.0,1.0,0.0,0.0,0.0,1.0,90.0,64,0.5,0.5,0.25,0.25,Entropia potencial
3527801,8.010250575080987e-05,0.5,0.0,0.17503204100230033,0.0,1.0,0.0,0.0,0.0,1.0,90.0,64,0.5,0.5,0.25,0.25,Entropia potencial
3527900,8.416413654748156e-05,0.5,0.0,0.17503366565461898,0.0,1.0,0.0,0.0,0.0,1.0,90.0,64,0.5,0.5,0.25,0.25,Entropia potencial
3528007,0.0006507130030588615,0.5,0.0,0.17526028520122353,0.0,1.0,0.0,0.0,0.0,1.0,90.0,64,0.5,0.5,0.25,0.25,Entropia potencial
3528106,0.00020521912897228113,0.5,0.0,0.1750820876515889,0.0,1.0,0.0,0.0,0.0,1.0,90.0,64,0.5,0.5,0.25,0.25,Entropia potencial
3528205,7.682000610904369e-05,0.5,0.0,0.1750307280024436,0.0,1.0,0.0,0.0,0.0,1.0,90.0,64,0.5,0.5,0.25,0.25,Entropia potencial
3528304,0.00010583180568037671,0.5,0.0,0.17504233272227213,0.0,1.0,0.0,0.0,0.0,1.0,90.0,64,0.5,0.5,0.25,0.25,Entropia potencial
3528403,0.0027409506308195223,0.5,0.0,0.1760963802523278,0.0,1.0,0.0,0.0,0.0,1.0,90.0,64,0.5,0.5,0.25,0.25,Entropia potencial
3528502,0.002603974722257847,0.5,0.0,0.17604158988890312,0.0,1.0,0.0,0.0,0.0,1.0,90.0,64,0.5,0.5,0.25,0.25,Entropia potencial
3528601,0.0003061192564469125,0.5,0.0,0.17512244770257876,0.0,1.0,0.0,0.0,0.0,1.0,90.0,64,0.5,0.5,0.25,0.25,Entropia potencial
3528700,0.00012566423507797203,0.5,0.0,0.17505026569403118,0.0,1.0,0.0,0.0,0.0,1.0,90.0,64,0.5,0.5,0.25,0.25,Entropia potencial
3528809,0.0009854867370549117,0.5,0.0,0.17539419469482195,0.0,1.0,0.0,0.0,0.0,1.0,90.0,64,0.5,0.5,0.25,0.25,Entropia potencial
3528858,0.00010889018618396112,0.5,0.0,0.17504355607447358,0.0,1.0,0.0,0.0,0.0,1.0,90.0,64,0.5,0.5,0.25,0.25,Entropia potencial
3528908,5.16827189973155e-05,0.5,0.0,0.17502067308759892,0.0,1.0,0.0,0.0,0.0,1.0,90.0,64,0.5,0.5,0.25,0.25,Entropia potencial
3529005,0.011627991218103003,0.5,0.0,0.17965119648724118,0.0,1.0,0.0,0.0,0.0,1.0,90.0,64,0.5,0.5,0.25,0.25,Entropia potencial
3529104,2.269946290112826e-05,0.5,0.0,0.17500907978516045,0.0,1.0,0.0,0.0,0.0,1.0,90.0,64,0.5,0.5,0.25,0.25,Entropia potencial
3529203,0.0007877618560570203,0.5,0.0,0.1753151047424228,0.0,1.0,0.0,0.0,0.0,1.0,90.0,64,0.5,0.5,0.25,0.25,Entropia potencial
3529302,0.006519336066293553,0.5,0.0,0.17760773442651742,0.0,1.0,0.0,0.0,0.0,1.0,90.0,64,0.5,0.5,0.25,0.25,Entropia potencial
3529401,0.025467591148949566,0.5,0.0,0.18518703645957982,0.0,1.0,0.0,0.0,0.0,1.0,90.0,64,0.5,0.5,0.25,0.25,Entropia potencial
3529500,0.0004794489806868663,0.5,0.0,0.17519177959227475,0.0,1.0,0.0,0.0,0.0,1.0,90.0,64,0.5,0.5,0.25,0.25,Entropia potencial
3529609,0.00040018797886998424,0.5,0.0,0.17516007519154797,0.0,1.0,0.0,0.0,0.0,1.0,90.0,64,0.5,0.5,0.25,0.25,Entropia potencial
3529658,6.114012376228818e-05,0.5,0.0,0.1750244560495049,0.0,1.0,0.0,0.0,0.0,1.0,90.0,64,0.5,0.5,0.25,0.25,Entropia potencial
3529708,0.0011192330042621276,0.5,0.0,0.17544769320170484,0.0,1.0,0.0,0.0,0.0,1.0,90.0,64,0.5,0.5,0.25,0.25,Entropia potencial
3529807,0.00024814005826558435,0.5,0.0,0.17509925602330623,0.0,1.0,0.0,0.0,0.0,1.0,90.0,64,0.5,0.5,0.25,0.25,Entropia potencial
3529906,0.0004760290494981018,0.5,0.0,0.17519041161979923,0.0,1.0,0.0,0.0,0.0,1.0,90.0,64,0.5,0.5,0.25,0.25,Entropia potencial
3530003,4.890977324518903e-05,0.5,0.0,0.17501956390929807,0.0,1.0,0.0,0.0,0.0,1.0,90.0,64,0.5,0.5,0.25,0.25,Entropia potencial
3530102,0.0008111009042345636,0.5,0.0,0.1753244403616938,0.0,1.0,0.0,0.0,0.0,1.0,90.0,64,0.5,0.5,0.25,0.25,Entropia potencial
3530201,0.0005963175967569496,0.5,0.0,0.17523852703870277,0.0,1.0,0.0,0.0,0.0,1.0,90.0,64,0.5,0.5,0.25,0.25,Entropia potencial
3530300,0.003191527357813546,0.5,0.0,0.1762766109431254,0.0,1.0,0.0,0.0,0.0,1.0,90.0,64,0.5,0.5,0.25,0.25,Entropia potencial
3530409,0.0001990442238490746,0.5,0.0,0.1750796176895396,0.0,1.0,0.0,0.0,0.0,1.0,90.0,64,0.5,0.5,0.25,0.25,Entropia potencial
3530508,0.0036546928145126108,0.5,0.0,0.17646187712580502,0.0,1.0,0.0,0.0,0.0,1.0,90.0,64,0.5,0.5,0.25,0.25,Entropia potencial
3530607,0.023978359648029985,0.5,0.0,0.184591343859212,0.0,1.0,0.0,0.0,0.0,1.0,90.0,64,0.5,0.5,0.25,0.25,Entropia potencial
3530706,0.008628495903744383,0.5,0.0,0.17845139836149773,0.0,1.0,0.0,0.0,0.0,1.0,90.0,64,0.5,0.5,0.25,0.25,Entropia potencial
3530805,0.007713674353824485,0.5,0.0,0.17808546974152978,0.0,1.0,0.0,0.0,0.0,1.0,90.0,64,0.5,0.5,0.25,0.25,Entropia potencial
3530904,0.00013399998698628967,0.5,0.0,0.1750535999947945,0.0,1.0,0.0,0.0,0.0,1.0,90.0,64,0.5,0.5,0.25,0.25,Entropia potencial
3531001,4.492425838223945e-05,0.5,0.0,0.17501796970335287,0.0,1.0,0.0,0.0,0.0,1.0,90.0,64,0.5,0.5,0.25,0.25,Entropia potencial
3531100,0.001454053253551008,0.5,0.0,0.17558162130142038,0.0,1.0,0.0,0.0,0.0,1.0,90.0,64,0.5,0.5,0.25,0.25,Entropia potencial
3531209,0.00027894163944513323,0.5,0.0,0.17511157665577803,0.0,1.0,0.0,0.0,0.0,1.0,90.0,64,0.5,0.5,0.25,0.25,Entropia potencial
3531308,0.002965100426807941,0.5,0.0,0.17618604017072317,0.0,1.0,0.0,0.0,0.0,1.0,90.0,64,0.5,0.5,0.25,0.25,Entropia potencial
3531407,0.0009088094483215969,0.5,0.0,0.17536352377932862,0.0,1.0,0.0,0.0,0.0,1.0,90.0,64,0.5,0.5,0.25,0.25,Entropia potencial
3531506,0.0008309058473227592,0.5,0.0,0.1753323623389291,0.0,1.0,0.0,0.0,0.0,1.0,90.0,64,0.5,0.5,0.25,0.25,Entropia potencial
3531605,0.00011618462983233038,0.5,0.0,0.17504647385193292,0.0,1.0,0.0,0.0,0.0,1.0,90.0,64,0.5,0.5,0.25,0.25,Entropia potencial
3531704,7.336941711364119e-05,0.5,0.0,0.17502934776684545,0.0,1.0,0.0,0.0,0.0,1.0,90.0,64,0.5,0.5,0.25,0.25,Entropia potencial
3531803,0.005000434151542796,0.5,0.0,0.1770001736606171,0.0,1.0,0.0,0.0,0.0,1.0,90.0,64,0.5,0.5,0.25,0.25,Entropia potencial
3531902,0.00152107861902206,0.5,0.0,0.17560843144760882,0.0,1.0,0.0,0.0,0.0,1.0,90.0,64,0.5,0.5,0.25,0.25,Entropia potencial
3532009,0.0007272856323833083,0.5,0.0,0.17529091425295332,0.0,1.0,0.0,0.0,0.0,1.0,90.0,64,0.5,0.5,0.25,0.25,Entropia potencial
3532058,0.00011740565626912263,0.5,0.0,0.17504696226250763,0.0,1.0,0.0,0.0,0.0,1.0,90.0,64,0.5,0.5,0.25,0.25,Entropia potencial
3532108,6.623566265868527e-05,0.5,0.0,0.17502649426506348,0.0,1.0,0.0,0.0,0.0,1.0,90.0,64,0.5,0.5,0.25,0.25,Entropia potencial
3532157,0.00014359905196124515,0.5,0.0,0.1750574396207845,0.0,1.0,0.0,0.0,0.0,1.0,90.0,64,0.5,0.5,0.25,0.25,Entropia potencial
3532207,0.0007615409740554982,0.5,0.0,0.1753046163896222,0.0,1.0,0.0,0.0,0.0,1.0,90.0,64,0.5,0.5,0.25,0.25,Entropia potencial
3532306,0.00010534656660289826,0.5,0.0,0.17504213862664114,0.0,1.0,0.0,0.0,0.0,1.0,90.0,64,0.5,0.5,0.25,0.25,Entropia potencial
3532405,0.0005117348225739963,0.5,0.0,0.1752046939290296,0.0,1.0,0.0,0.0,0.0,1.0,90.0,64,0.5,0.5,0.25,0.25,Entropia potencial
3532504,0.00030864693974593443,0.5,0.0,0.17512345877589836,0.0,1.0,0.0,0.0,0.0,1.0,90.0,64,0.5,0.5,0.25,0.25,Entropia potencial
3532603,0.00043987292381435147,0.5,0.0,0.17517594916952572,0.0,1.0,0.0,0.0,0.0,1.0,90.0,64,0.5,0.5,0.25,0.25,Entropia potencial
3532702,8.731343330523404e-05,0.5,0.0,0.17503492537332208,0.0,1.0,0.0,0.0,0.0,1.0,90.0,64,0.5,0.5,0.25,0.25,Entropia potencial
3532801,0.00038558217692130745,0.5,0.0,0.1751542328707685,0.0,1.0,0.0,0.0,0.0,1.0,90.0,64,0.5,0.5,0.25,0.25,Entropia potencial
3532827,0.00022083981003725276,0.5,0.0,0.17508833592401488,0.0,1.0,0.0,0.0,0.0,1.0,90.0,64,0.5,0.5,0.25,0.25,Entropia potencial
3532843,2.6505259587233966e-05,0.5,0.0,0.17501060210383487,0.0,1.0,0.0,0.0,0.0,1.0,90.0,64,0.5,0.5,0.25,0.25,Entropia potencial
3532868,4.474136870815714e-05,0.5,0.0,0.17501789654748326,0.0,1.0,0.0,0.0,0.0,1.0,90.0,64,0.5,0.5,0.25,0.25,Entropia potencial
3532900,0.0004329854889782463,0.5,0.0,0.1751731941955913,0.0,1.0,0.0,0.0,0.0,1.0,90.0,64,0.5,0.5,0.25,0.25,Entropia potencial
3533007,0.0006052400756543752,0.5,0.0,0.17524209603026175,0.0,1.0,0.0,0.0,0.0,1.0,90.0,64,0.5,0.5,0.25,0.25,Entropia potencial
3533106,1.8612460126549188e-05,0.5,0.0,0.1750074449840506,0.0,1.0,0.0,0.0,0.0,1.0,90.0,64,0.5,0.5,0.25,0.25,Entropia potencial
3533205,0.00019761705009178497,0.5,0.0,0.1750790468200367,0.0,1.0,0.0,0.0,0.0,1.0,90.0,64,0.5,0.5,0.25,0.25,Entropia potencial
3533254,6.446702436539225e-05,0.5,0.0,0.17502578680974615,0.0,1.0,0.0,0.0,0.0,1.0,90.0,64,0.5,0.5,0.25,0.25,Entropia potencial
3533304,4.094825801100513e-05,0.5,0.0,0.17501637930320438,0.0,1.0,0.0,0.0,0.0,1.0,90.0,64,0.5,0.5,0.25,0.25,Entropia potencial
3533403,0.004862415877555427,0.5,0.0,0.17694496635102216,0.0,1.0,0.0,0.0,0.0,1.0,90.0,64,0.5,0.5,0.25,0.25,Entropia potencial
3533502,0.001903600301108291,0.5,0.0,0.1757614401204433,0.0,1.0,0.0,0.0,0.0,1.0,90.0,64,0.5,0.5,0.25,0.25,Entropia potencial
3533601,0.0010388672642405287,0.5,0.0,0.1754155469056962,0.0,1.0,0.0,0.0,0.0,1.0,90.0,64,0.5,0.5,0.25,0.25,Entropia potencial
3533700,0.00011408086999751085,0.5,0.0,0.175045632347999,0.0,1.0,0.0,0.0,0.0,1.0,90.0,64,0.5,0.5,0.25,0.25,Entropia potencial
3533809,0.00010671876774138859,0.5,0.0,0.17504268750709653,0.0,1.0,0.0,0.0,0.0,1.0,90.0,64,0.5,0.5,0.25,0.25,Entropia potencial
3533908,0.0032830525394514035,0.5,0.0,0.17631322101578056,0.0,1.0,0.0,0.0,0.0,1.0,90.0,64,0.5,0.5,0.25,0.25,Entropia potencial
3534005,0.00023902623236810732,0.5,0.0,0.17509561049294722,0.0,1.0,0.0,0.0,0.0,1.0,90.0,64,0.5,0.5,0.25,0.25,Entropia potencial
3534104,0.00013440699579855375,0.5,0.0,0.1750537627983194,0.0,1.0,0.0,0.0,0.0,1.0,90.0,64,0.5,0.5,0.25,0.25,Entropia potencial
3534203,0.0007154348043690737,0.5,0.0,0.1752861739217476,0.0,1.0,0.0,0.0,0.0,1.0,90.0,64,0.5,0.5,0.25,0.25,Entropia potencial
3534302,0.003006081456957076,0.5,0.0,0.17620243258278281,0.0,1.0,0.0,0.0,0.0,1.0,90.0,64,0.5,0.5,0.25,0.25,Entropia potencial
3534401,0.11853447670953651,0.5,0.0,0.2224137906838146,0.0,1.0,0.0,0.0,0.0,1.0,90.0,64,0.5,0.5,0.25,0.25,Entropia potencial
3534500,8.840019969226645e-05,0.5,0.0,0.17503536007987688,0.0,1.0,0.0,0.0,0.0,1.0,90.0,64,0.5,0.5,0.25,0.25,Entropia potencial
3534609,0.0012796357057582757,0.5,0.0,0.1755118542823033,0.0,1.0,0.0,0.0,0.0,1.0,90.0,64,0.5,0.5,0.25,0.25,Entropia potencial
3534708,0.004696246336914082,0.5,0.0,0.17687849853476562,0.0,1.0,0.0,0.0,0.0,1.0,90.0,64,0.5,0.5,0.25,0.25,Entropia potencial
3534757,0.0006212096214155731,0.5,0.0,0.17524848384856623,0.0,1.0,0.0,0.0,0.0,1.0,90.0,64,0.5,0.5,0.25,0.25,Entropia potencial
3534807,0.00012945417427788562,0.5,0.0,0.17505178166971114,0.0,1.0,0.0,0.0,0.0,1.0,90.0,64,0.5,0.5,0.25,0.25,Entropia potencial
3534906,0.00023628077292538055,0.5,0.0,0.17509451230917014,0.0,1.0,0.0,0.0,0.0,1.0,90.0,64,0.5,0.5,0.25,0.25,Entropia potencial
3535002,0.0004713658913918762,0.5,0.0,0.17518854635655673,0.0,1.0,0.0,0.0,0.0,1.0,90.0,64,0.5,0.5,0.25,0.25,Entropia potencial
3535101,0.00014493002363563602,0.5,0.0,0.17505797200945425,0.0,1.0,0.0,0.0,0.0,1.0,90.0,64,0.5,0.5,0.25,0.25,Entropia potencial
3535200,0.00022248053127526277,0.5,0.0,0.1750889922125101,0.0,1.0,0.0,0.0,0.0,1.0,90.0,64,0.5,0.5,0.25,0.25,Entropia potencial
3535309,0.001306587089290381,0.5,0.0,0.17552263483571615,0.0,1.0,0.0,0.0,0.0,1.0,90.0,64,0.5,0.5,0.25,0.25,Entropia potencial
3535408,0.00034044648538983987,0.5,0.0,0.17513617859415592,0.0,1.0,0.0,0.0,0.0,1.0,90.0,64,0.5,0.5,0.25,0.25,Entropia potencial
3535507,0.0027833091479358787,0.5,0.0,0.17611332365917434,0.0,1.0,0.0,0.0,0.0,1.0,90.0,64,0.5,0.5,0.25,0.25,Entropia potencial
3535606,0.0003634197542192185,0.5,0.0,0.17514536790168767,0.0,1.0,0.0,0.0,0.0,1.0,90.0,64,0.5,0.5,0.25,0.25,Entropia potencial
3535705,0.00033881739297503743,0.5,0.0,0.17513552695719,0.0,1.0,0.0,0.0,0.0,1.0,90.0,64,0.5,0.5,0.25,0.25,Entropia potencial
3535804,0.0011776107539297508,0.5,0.0,0.1754710443015719,0.0,1.0,0.0,0.0,0.0,1.0,90.0,64,0.5,0.5,0.25,0.25,Entropia potencial
3535903,0.00012154763166250101,0.5,0.0,0.175048619052665,0.0,1.0,0.0,0.0,0.0,1.0,90.0,64,0.5,0.5,0.25,0.25,Entropia potencial
3536000,0.0009099289868467596,0.5,0.0,0.17536397159473868,0.0,1.0,0.0,0.0,0.0,1.0,90.0,64,0.5,0.5,0.25,0.25,Entropia potencial
3536109,0.0004431670522793252,0.5,0.0,0.17517726682091173,0.0,1.0,0.0,0.0,0.0,1.0,90.0,64,0.5,0.5,0.25,0.25,Entropia potencial
3536208,0.0006774730395909153,0.5,0.0,0.17527098921583636,0.0,1.0,0.0,0.0,0.0,1.0,90.0,64,0.5,0.5,0.25,0.25,Entropia potencial
3536257,3.7094888866323096e-05,0.5,0.0,0.1750148379555465,0.0,1.0,0.0,0.0,0.0,1.0,90.0,64,0.5,0.5,0.25,0.25,Entropia potencial
3536307,0.0016690194507027042,0.5,0.0,0.17566760778028107,0.0,1.0,0.0,0.0,0.0,1.0,90.0,64,0.5,0.5,0.25,0.25,Entropia potencial
3536406,0.00024639996344743713,0.5,0.0,0.17509855998537896,0.0,1.0,0.0,0.0,0.0,1.0,90.0,64,0.5,0.5,0.25,0.25,Entropia potencial
3536505,0.07450435431506224,0.5,0.0,0.2048017417260249,0.0,1.0,0.0,0.0,0.0,1.0,90.0,64,0.5,0.5,0.25,0.25,Entropia potencial
3536570,3.302691507517455e-05,0.5,0.0,0.17501321076603005,0.0,1.0,0.0,0.0,0.0,1.0,90.0,64,0.5,0.5,0.25,0.25,Entropia potencial
3536604,0.0003013567247605497,0.5,0.0,0.1751205426899042,0.0,1.0,0.0,0.0,0.0,1.0,90.0,64,0.5,0.5,0.25,0.25,Entropia potencial
3536703,0.004191811243817186,0.5,0.0,0.17667672449752686,0.0,1.0,0.0,0.0,0.0,1.0,90.0,64,0.5,0.5,0.25,0.25,Entropia potencial
3536802,0.00010974014744385806,0.5,0.0,0.17504389605897752,0.0,1.0,0.0,0.0,0.0,1.0,90.0,64,0.5,0.5,0.25,0.25,Entropia potencial
3536901,6.723151279154959e-05,0.5,0.0,0.1750268926051166,0.0,1.0,0.0,0.0,0.0,1.0,90.0,64,0.5,0.5,0.25,0.25,Entropia potencial
3537008,0.001030040987426002,0.5,0.0,0.1754120163949704,0.0,1.0,0.0,0.0,0.0,1.0,90.0,64,0.5,0.5,0.25,0.25,Entropia potencial
3537107,0.0017079136356689584,0.5,0.0,0.17568316545426757,0.0,1.0,0.0,0.0,0.0,1.0,90.0,64,0.5,0.5,0.25,0.25,Entropia potencial
3537156,0.00019272448701864687,0.5,0.0,0.17507708979480746,0.0,1.0,0.0,0.0,0.0,1.0,90.0,64,0.5,0.5,0.25,0.25,Entropia potencial
3537206,0.00015732423484338695,0.5,0.0,0.17506292969393733,0.0,1.0,0.0,0.0,0.0,1.0,90.0,64,0.5,0.5,0.25,0.25,Entropia potencial
3537305,0.002366001426972896,0.5,0.0,0.17594640057078914,0.0,1.0,0.0,0.0,0.0,1.0,90.0,64,0.5,0.5,0.25,0.25,Entropia potencial
3537404,0.0013479201556329812,0.5,0.0,0.17553916806225317,0.0,1.0,0.0,0.0,0.0,1.0,90.0,64,0.5,0.5,0.25,0.25,Entropia potencial
3537503,0.0003317597544538036,0.5,0.0,0.1751327039017815,0.0,1.0,0.0,0.0,0.0,1.0,90.0,64,0.5,0.5,0.25,0.25,Entropia potencial
3537602,0.002590502201989033,0.5,0.0,0.1760362008807956,0.0,1.0,0.0,0.0,0.0,1.0,90.0,64,0.5,0.5,0.25,0.25,Entropia potencial
3537701,0.00010135893740845637,0.5,0.0,0.17504054357496338,0.0,1.0,0.0,0.0,0.0,1.0,90.0,64,0.5,0.5,0.25,0.25,Entropia potencial
3537800,0.0016846729039058062,0.5,0.0,0.1756738691615623,0.0,1.0,0.0,0.0,0.0,1.0,90.0,64,0.5,0.5,0.25,0.25,Entropia potencial
3537909,0.0016354184946273753,0.5,0.0,0.17565416739785095,0.0,1.0,0.0,0.0,0.0,1.0,90.0,64,0.5,0.5,0.25,0.25,Entropia potencial
3538006,0.014481626202969385,0.5,0.0,0.18079265048118776,0.0,1.0,0.0,0.0,0.0,1.0,90.0,64,0.5,0.5,0.25,0.25,Entropia potencial
3538105,0.0005917199829269846,0.5,0.0,0.17523668799317077,0.0,1.0,0.0,0.0,0.0,1.0,90.0,64,0.5,0.5,0.25,0.25,Entropia potencial
3538204,0.0003510075711937832,0.5,0.0,0.1751404030284775,0.0,1.0,0.0,0.0,0.0,1.0,90.0,64,0.5,0.5,0.25,0.25,Entropia potencial
3538303,5.71154937667314e-05,0.5,0.0,0.1750228461975067,0.0,1.0,0.0,0.0,0.0,1.0,90.0,64,0.5,0.5,0.25,0.25,Entropia potencial
3538501,0.00020128858672813083,0.5,0.0,0.17508051543469125,0.0,1.0,0.0,0.0,0.0,1.0,90.0,64,0.5,0.5,0.25,0.25,Entropia potencial
3538600,0.0007272274882672706,0.5,0.0,0.1752908909953069,0.0,1.0,0.0,0.0,0.0,1.0,90.0,64,0.5,0.5,0.25,0.25,Entropia potencial
3538709,0.04444565724848099,0.5,0.0,0.19277826289939237,0.0,1.0,0.0,0.0,0.0,1.0,90.0,64,0.5,0.5,0.25,0.25,Entropia potencial
3538808,0.0010105320507467256,0.5,0.0,0.17540421282029867,0.0,1.0,0.0,0.0,0.0,1.0,90.0,64,0.5,0.5,0.25,0.25,Entropia potencial
3538907,0.0005934769923970701,0.5,0.0,0.17523739079695883,0.0,1.0,0.0,0.0,0.0,1.0,90.0,64,0.5,0.5,0.25,0.25,Entropia potencial
3539004,0.00042408203906425123,0.5,0.0,0.1751696328156257,0.0,1.0,0.0,0.0,0.0,1.0,90.0,64,0.5,0.5,0.25,0.25,Entropia potencial
3539103,0.0007319466761580417,0.5,0.0,0.1752927786704632,0.0,1.0,0.0,0.0,0.0,1.0,90.0,64,0.5,0.5,0.25,0.25,Entropia potencial
3539202,0.0012748340589393056,0.5,0.0,0.1755099336235757,0.0,1.0,0.0,0.0,0.0,1.0,90.0,64,0.5,0.5,0.25,0.25,Entropia potencial
3539301,0.004042496096666559,0.5,0.0,0.1766169984386666,0.0,1.0,0.0,0.0,0.0,1.0,90.0,64,0.5,0.5,0.25,0.25,Entropia potencial
3539400,0.0003221765469650402,0.5,0.0,0.17512887061878601,0.0,1.0,0.0,0.0,0.0,1.0,90.0,64,0.5,0.5,0.25,0.25,Entropia potencial
3539509,0.0017086938239896101,0.5,0.0,0.17568347752959584,0.0,1.0,0.0,0.0,0.0,1.0,90.0,64,0.5,0.5,0.25,0.25,Entropia potencial
3539608,0.0002229277123858802,0.5,0.0,0.17508917108495434,0.0,1.0,0.0,0.0,0.0,1.0,90.0,64,0.5,0.5,0.25,0.25,Entropia potencial
3539707,0.00012554794684589658,0.5,0.0,0.17505021917873834,0.0,1.0,0.0,0.0,0.0,1.0,90.0,64,0.5,0.5,0.25,0.25,Entropia potencial
3539806,0.0042306895712972475,0.5,0.0,0.17669227582851887,0.0,1.0,0.0,0.0,0.0,1.0,90.0,64,0.5,0.5,0.25,0.25,Entropia potencial
3539905,0.0001597314012473488,0.5,0.0,0.17506389256049892,0.0,1.0,0.0,0.0,0.0,1.0,90.0,64,0.5,0.5,0.25,0.25,Entropia potencial
3540002,0.002436068258295594,0.5,0.0,0.17597442730331822,0.0,1.0,0.0,0.0,0.0,1.0,90.0,64,0.5,0.5,0.25,0.25,Entropia potencial
3540101,8.334271876273042e-05,0.5,0.0,0.17503333708750507,0.0,1.0,0.0,0.0,0.0,1.0,90.0,64,0.5,0.5,0.25,0.25,Entropia potencial
3540200,0.0017407735185562428,0.5,0.0,0.17569630940742248,0.0,1.0,0.0,0.0,0.0,1.0,90.0,64,0.5,0.5,0.25,0.25,Entropia potencial
3540259,8.06596320990259e-05,0.5,0.0,0.1750322638528396,0.0,1.0,0.0,0.0,0.0,1.0,90.0,64,0.5,0.5,0.25,0.25,Entropia potencial
3540309,9.944335307644983e-05,0.5,0.0,0.17503977734123058,0.0,1.0,0.0,0.0,0.0,1.0,90.0,64,0.5,0.5,0.25,0.25,Entropia potencial
3540408,0.00010497232992876451,0.5,0.0,0.17504198893197148,0.0,1.0,0.0,0.0,0.0,1.0,90.0,64,0.5,0.5,0.25,0.25,Entropia potencial
3540507,0.00025255372525572086,0.5,0.0,0.1751010214901023,0.0,1.0,0.0,0.0,0.0,1.0,90.0,64,0.5,0.5,0.25,0.25,Entropia potencial
3540606,0.004572832807709643,0.5,0.0,0.17682913312308385,0.0,1.0,0.0,0.0,0.0,1.0,90.0,64,0.5,0.5,0.25,0.25,Entropia potencial
3540705,0.002822595541393951,0.5,0.0,0.17612903821655757,0.0,1.0,0.0,0.0,0.0,1.0,90.0,64,0.5,0.5,0.25,0.25,Entropia potencial
3540754,0.00032995622969088796,0.5,0.0,0.17513198249187634,0.0,1.0,0.0,0.0,0.0,1.0,90.0,64,0.5,0.5,0.25,0.25,Entropia potencial
3540804,0.0007583515049993923,0.5,0.0,0.17530334060199976,0.0,1.0,0.0,0.0,0.0,1.0,90.0,64,0.5,0.5,0.25,0.25,Entropia potencial
3540853,1.607843383305047e-05,0.5,0.0,0.17500643137353322,0.0,1.0,0.0,0.0,0.0,1.0,90.0,64,0.5,0.5,0.25,0.25,Entropia potencial
3540903,0.0012727387564304552,0.5,0.0,0.17550909550257218,0.0,1.0,0.0,0.0,0.0,1.0,90.0,64,0.5,0.5,0.25,0.25,Entropia potencial
3541000,0.010533454662836464,0.5,0.0,0.17921338186513458,0.0,1.0,0.0,0.0,0.0,1.0,90.0,64,0.5,0.5,0.25,0.25,Entropia potencial
3541059,0.00011759594610342793,0.5,0.0,0.17504703837844135,0.0,1.0,0.0,0.0,0.0,1.0,90.0,64,0.5,0.5,0.25,0.25,Entropia potencial
3541109,6.381263876853129e-05,0.5,0.0,0.1750255250555074,0.0,1.0,0.0,0.0,0.0,1.0,90.0,64,0.5,0.5,0.25,0.25,Entropia potencial
3541208,0.00033350830659791995,0.5,0.0,0.17513340332263916,0.0,1.0,0.0,0.0,0.0,1.0,90.0,64,0.5,0.5,0.25,0.25,Entropia potencial
3541307,0.0016383531867386614,0.5,0.0,0.17565534127469545,0.0,1.0,0.0,0.0,0.0,1.0,90.0,64,0.5,0.5,0.25,0.25,Entropia potencial
3541406,0.010913224542485491,0.5,0.0,0.17936528981699418,0.0,1.0,0.0,0.0,0.0,1.0,90.0,64,0.5,0.5,0.25,0.25,Entropia potencial
3541505,0.0009427106394688296,0.5,0.0,0.17537708425578752,0.0,1.0,0.0,0.0,0.0,1.0,90.0,64,0.5,0.5,0.25,0.25,Entropia potencial
3541604,0.0030677998503825035,0.5,0.0,0.176227119940153,0.0,1.0,0.0,0.0,0.0,1.0,90.0,64,0.5,0.5,0.25,0.25,Entropia potencial
3541653,0.00014389717270165678,0.5,0.0,0.17505755886908064,0.0,1.0,0.0,0.0,0.0,1.0,90.0,64,0.5,0.5,0.25,0.25,Entropia potencial
3541703,0.0009482068441830139,0.5,0.0,0.1753792827376732,0.0,1.0,0.0,0.0,0.0,1.0,90.0,64,0.5,0.5,0.25,0.25,Entropia potencial
3541802,0.0007680541722174696,0.5,0.0,0.175307221668887,0.0,1.0,0.0,0.0,0.0,1.0,90.0,64,0.5,0.5,0.25,0.25,Entropia potencial
3541901,0.00045457598501167317,0.5,0.0,0.17518183039400465,0.0,1.0,0.0,0.0,0.0,1.0,90.0,64,0.5,0.5,0.25,0.25,Entropia potencial
3542008,0.0003233605726007175,0.5,0.0,0.17512934422904028,0.0,1.0,0.0,0.0,0.0,1.0,90.0,64,0.5,0.5,0.25,0.25,Entropia potencial
3542107,0.0005527338245408162,0.5,0.0,0.17522109352981632,0.0,1.0,0.0,0.0,0.0,1.0,90.0,64,0.5,0.5,0.25,0.25,Entropia potencial
3542206,0.001801161997473025,0.5,0.0,0.1757204647989892,0.0,1.0,0.0,0.0,0.0,1.0,90.0,64,0.5,0.5,0.25,0.25,Entropia potencial
3542305,6.460551307813665e-05,0.5,0.0,0.17502584220523124,0.0,1.0,0.0,0.0,0.0,1.0,90.0,64,0.5,0.5,0.25,0.25,Entropia potencial
3542404,0.0011652302858766997,0.5,0.0,0.17546609211435066,0.0,1.0,0.0,0.0,0.0,1.0,90.0,64,0.5,0.5,0.25,0.25,Entropia potencial
3542503,0.0001870390496359034,0.5,0.0,0.17507481561985436,0.0,1.0,0.0,0.0,0.0,1.0,90.0,64,0.5,0.5,0.25,0.25,Entropia potencial
3542602,0.0028605456773489017,0.5,0.0,0.17614421827093954,0.0,1.0,0.0,0.0,0.0,1.0,90.0,64,0.5,0.5,0.25,0.25,Entropia potencial
3542701,0.00024548128641404106,0.5,0.0,0.1750981925145656,0.0,1.0,0.0,0.0,0.0,1.0,90.0,64,0.5,0.5,0.25,0.25,Entropia potencial
3542800,3.718686228623732e-05,0.5,0.0,0.17501487474491448,0.0,1.0,0.0,0.0,0.0,1.0,90.0,64,0.5,0.5,0.25,0.25,Entropia potencial
3542909,0.00041398293469137125,0.5,0.0,0.17516559317387653,0.0,1.0,0.0,0.0,0.0,1.0,90.0,64,0.5,0.5,0.25,0.25,Entropia potencial
3543006,0.0004482625911757223,0.5,0.0,0.17517930503647028,0.0,1.0,0.0,0.0,0.0,1.0,90.0,64,0.5,0.5,0.25,0.25,Entropia potencial
3543105,0.00020171673885531773,0.5,0.0,0.1750806866955421,0.0,1.0,0.0,0.0,0.0,1.0,90.0,64,0.5,0.5,0.25,0.25,Entropia potencial
3543204,0.00029053663334880194,0.5,0.0,0.1751162146533395,0.0,1.0,0.0,0.0,0.0,1.0,90.0,64,0.5,0.5,0.25,0.25,Entropia potencial
3543238,2.593967591304881e-05,0.5,0.0,0.17501037587036522,0.0,1.0,0.0,0.0,0.0,1.0,90.0,64,0.5,0.5,0.25,0.25,Entropia potencial
3543253,9.830267123636427e-05,0.5,0.0,0.17503932106849454,0.0,1.0,0.0,0.0,0.0,1.0,90.0,64,0.5,0.5,0.25,0.25,Entropia potencial
3543303,0.004910183911794784,0.5,0.0,0.1769640735647179,0.0,1.0,0.0,0.0,0.0,1.0,90.0,64,0.5,0.5,0.25,0.25,Entropia potencial
3543402,0.05012393127612861,0.5,0.0,0.19504957251045144,0.0,1.0,0.0,0.0,0.0,1.0,90.0,64,0.5,0.5,0.25,0.25,Entropia potencial
3543501,8.646981503981393e-05,0.5,0.0,0.17503458792601592,0.0,1.0,0.0,0.0,0.0,1.0,90.0,64,0.5,0.5,0.25,0.25,Entropia potencial
3543600,0.00019691932069933226,0.5,0.0,0.1750787677282797,0.0,1.0,0.0,0.0,0.0,1.0,90.0,64,0.5,0.5,0.25,0.25,Entropia potencial
3543709,0.0002450922494194614,0.5,0.0,0.17509803689976777,0.0,1.0,0.0,0.0,0.0,1.0,90.0,64,0.5,0.5,0.25,0.25,Entropia potencial
3543808,0.0003877366807119417,0.5,0.0,0.17515509467228477,0.0,1.0,0.0,0.0,0.0,1.0,90.0,64,0.5,0.5,0.25,0.25,Entropia potencial
3543907,0.014648788422246355,0.5,0.0,0.18085951536889852,0.0,1.0,0.0,0.0,0.0,1.0,90.0,64,0.5,0.5,0.25,0.25,Entropia potencial
3544004,0.002223925750851839,0.5,0.0,0.17588957030034072,0.0,1.0,0.0,0.0,0.0,1.0,90.0,64,0.5,0.5,0.25,0.25,Entropia potencial
3544103,0.001074223115454451,0.5,0.0,0.17542968924618177,0.0,1.0,0.0,0.0,0.0,1.0,90.0,64,0.5,0.5,0.25,0.25,Entropia potencial
3544202,0.00030912055000020534,0.5,0.0,0.17512364822000007,0.0,1.0,0.0,0.0,0.0,1.0,90.0,64,0.5,0.5,0.25,0.25,Entropia potencial
3544251,0.0017024702892420812,0.5,0.0,0.17568098811569682,0.0,1.0,0.0,0.0,0.0,1.0,90.0,64,0.5,0.5,0.25,0.25,Entropia potencial
3544301,0.00041770627244927804,0.5,0.0,0.1751670825089797,0.0,1.0,0.0,0.0,0.0,1.0,90.0,64,0.5,0.5,0.25,0.25,Entropia potencial
3544400,5.11890225938679e-05,0.5,0.0,0.17502047560903752,0.0,1.0,0.0,0.0,0.0,1.0,90.0,64,0.5,0.5,0.25,0.25,Entropia potencial
3544509,0.0001318169397205096,0.5,0.0,0.17505272677588818,0.0,1.0,0.0,0.0,0.0,1.0,90.0,64,0.5,0.5,0.25,0.25,Entropia potencial
3544608,0.00015495301207479385,0.5,0.0,0.1750619812048299,0.0,1.0,0.0,0.0,0.0,1.0,90.0,64,0.5,0.5,0.25,0.25,Entropia potencial
3544707,3.59119203963919e-05,0.5,0.0,0.17501436476815854,0.0,1.0,0.0,0.0,0.0,1.0,90.0,64,0.5,0.5,0.25,0.25,Entropia potencial
3544806,0.00019274985899655423,0.5,0.0,0.1750770999435986,0.0,1.0,0.0,0.0,0.0,1.0,90.0,64,0.5,0.5,0.25,0.25,Entropia potencial
3544905,0.00047932529229456784,0.5,0.0,0.17519173011691783,0.0,1.0,0.0,0.0,0.0,1.0,90.0,64,0.5,0.5,0.25,0.25,Entropia potencial
3545001,0.00026484433422035,0.5,0.0,0.17510593773368813,0.0,1.0,0.0,0.0,0.0,1.0,90.0,64,0.5,0.5,0.25,0.25,Entropia potencial
3545100,7.594995869997008e-05,0.5,0.0,0.17503037998347998,0.0,1.0,0.0,0.0,0.0,1.0,90.0,64,0.5,0.5,0.25,0.25,Entropia potencial
3545159,0.00043442323439299733,0.5,0.0,0.1751737692937572,0.0,1.0,0.0,0.0,0.0,1.0,90.0,64,0.5,0.5,0.25,0.25,Entropia potencial
3545209,0.011418588884273245,0.5,0.0,0.1795674355537093,0.0,1.0,0.0,0.0,0.0,1.0,90.0,64,0.5,0.5,0.25,0.25,Entropia potencial
3545308,0.002788850810777147,0.5,0.0,0.17611554032431084,0.0,1.0,0.0,0.0,0.0,1.0,90.0,64,0.5,0.5,0.25,0.25,Entropia potencial
3545407,0.00031686217475919204,0.5,0.0,0.17512674486990368,0.0,1.0,0.0,0.0,0.0,1.0,90.0,64,0.5,0.5,0.25,0.25,Entropia potencial
3545506,0.00037841036449949046,0.5,0.0,0.1751513641457998,0.0,1.0,0.0,0.0,0.0,1.0,90.0,64,0.5,0.5,0.25,0.25,Entropia potencial
3545605,0.0004669701962194241,0.5,0.0,0.17518678807848775,0.0,1.0,0.0,0.0,0.0,1.0,90.0,64,0.5,0.5,0.25,0.25,Entropia potencial
3545704,0.0002714135621668669,0.5,0.0,0.17510856542486675,0.0,1.0,0.0,0.0,0.0,1.0,90.0,64,0.5,0.5,0.25,0.25,Entropia potencial
3545803,0.0099546987034544,0.5,0.0,0.17898187948138175,0.0,1.0,0.0,0.0,0.0,1.0,90.0,64,0.5,0.5,0.25,0.25,Entropia potencial
3546009,0.00031954208992565814,0.5,0.0,0.17512781683597026,0.0,1.0,0.0,0.0,0.0,1.0,90.0,64,0.5,0.5,0.25,0.25,Entropia potencial
3546108,8.457643118847635e-05,0.5,0.0,0.17503383057247537,0.0,1.0,0.0,0.0,0.0,1.0,90.0,64,0.5,0.5,0.25,0.25,Entropia potencial
3546207,0.00016099365714824054,0.5,0.0,0.1750643974628593,0.0,1.0,0.0,0.0,0.0,1.0,90.0,64,0.5,0.5,0.25,0.25,Entropia potencial
3546256,4.3155620088946434e-05,0.5,0.0,0.17501726224803557,0.0,1.0,0.0,0.0,0.0,1.0,90.0,64,0.5,0.5,0.25,0.25,Entropia potencial
3546306,0.0007424073312161017,0.5,0.0,0.17529696293248642,0.0,1.0,0.0,0.0,0.0,1.0,90.0,64,0.5,0.5,0.25,0.25,Entropia potencial
3546405,0.00361988986098392,0.5,0.0,0.17644795594439355,0.0,1.0,0.0,0.0,0.0,1.0,90.0,64,0.5,0.5,0.25,0.25,Entropia potencial
3546504,0.00010708877575253776,0.5,0.0,0.175042835510301,0.0,1.0,0.0,0.0,0.0,1.0,90.0,64,0.5,0.5,0.25,0.25,Entropia potencial
3546603,0.0017552598607756056,0.5,0.0,0.17570210394431024,0.0,1.0,0.0,0.0,0.0,1.0,90.0,64,0.5,0.5,0.25,0.25,Entropia potencial
3546702,0.003686779909239466,0.5,0.0,0.17647471196369577,0.0,1.0,0.0,0.0,0.0,1.0,90.0,64,0.5,0.5,0.25,0.25,Entropia potencial
3546801,0.0020369152446910815,0.5,0.0,0.1758147660978764,0.0,1.0,0.0,0.0,0.0,1.0,90.0,64,0.5,0.5,0.25,0.25,Entropia potencial
3546900,0.00012759144823318611,0.5,0.0,0.17505103657929327,0.0,1.0,0.0,0.0,0.0,1.0,90.0,64,0.5,0.5,0.25,0.25,Entropia potencial
3547007,0.0001513131904108322,0.5,0.0,0.1750605252761643,0.0,1.0,0.0,0.0,0.0,1.0,90.0,64,0.5,0.5,0.25,0.25,Entropia potencial
3547106,5.5939925457023184e-05,0.5,0.0,0.1750223759701828,0.0,1.0,0.0,0.0,0.0,1.0,90.0,64,0.5,0.5,0.25,0.25,Entropia potencial
3547205,2.5985134040132854e-05,0.5,0.0,0.17501039405361604,0.0,1.0,0.0,0.0,0.0,1.0,90.0,64,0.5,0.5,0.25,0.25,Entropia potencial
3547304,0.013482358253247787,0.5,0.0,0.1803929433012991,0.0,1.0,0.0,0.0,0.0,1.0,90.0,64,0.5,0.5,0.25,0.25,Entropia potencial
3547403,6.533178594573516e-05,0.5,0.0,0.17502613271437828,0.0,1.0,0.0,0.0,0.0,1.0,90.0,64,0.5,0.5,0.25,0.25,Entropia potencial
3547502,0.0009025647702591451,0.5,0.0,0.17536102590810365,0.0,1.0,0.0,0.0,0.0,1.0,90.0,64,0.5,0.5,0.25,0.25,Entropia potencial
3547601,0.0009195766814460376,0.5,0.0,0.1753678306725784,0.0,1.0,0.0,0.0,0.0,1.0,90.0,64,0.5,0.5,0.25,0.25,Entropia potencial
3547650,2.4549502956874087e-05,0.5,0.0,0.17500981980118274,0.0,1.0,0.0,0.0,0.0,1.0,90.0,64,0.5,0.5,0.25,0.25,Entropia potencial
3547700,0.0005891986426224396,0.5,0.0,0.17523567945704896,0.0,1.0,0.0,0.0,0.0,1.0,90.0,64,0.5,0.5,0.25,0.25,Entropia potencial
3547809,0.03853264590989735,0.5,0.0,0.19041305836395894,0.0,1.0,0.0,0.0,0.0,1.0,90.0,64,0.5,0.5,0.25,0.25,Entropia potencial
3547908,0.00019100553551542246,0.5,0.0,0.17507640221420614,0.0,1.0,0.0,0.0,0.0,1.0,90.0,64,0.5,0.5,0.25,0.25,Entropia potencial
3548005,0.002036560037000378,0.5,0.0,0.17581462401480014,0.0,1.0,0.0,0.0,0.0,1.0,90.0,64,0.5,0.5,0.25,0.25,Entropia potencial
3548054,0.000287331306806504,0.5,0.0,0.1751149325227226,0.0,1.0,0.0,0.0,0.0,1.0,90.0,64,0.5,0.5,0.25,0.25,Entropia potencial
3548104,0.00026744496195585556,0.5,0.0,0.17510697798478234,0.0,1.0,0.0,0.0,0.0,1.0,90.0,64,0.5,0.5,0.25,0.25,Entropia potencial
3548203,0.00014654854439297708,0.5,0.0,0.1750586194177572,0.0,1.0,0.0,0.0,0.0,1.0,90.0,64,0.5,0.5,0.25,0.25,Entropia potencial
3548302,3.4669750644676845e-05,0.5,0.0,0.17501386790025786,0.0,1.0,0.0,0.0,0.0,1.0,90.0,64,0.5,0.5,0.25,0.25,Entropia potencial
3548401,6.984482651600885e-05,0.5,0.0,0.1750279379306064,0.0,1.0,0.0,0.0,0.0,1.0,90.0,64,0.5,0.5,0.25,0.25,Entropia potencial
3548500,0.029061316157716507,0.5,0.0,0.18662452646308658,0.0,1.0,0.0,0.0,0.0,1.0,90.0,64,0.5,0.5,0.25,0.25,Entropia potencial
3548609,0.0003012362078654897,0.5,0.0,0.17512049448314618,0.0,1.0,0.0,0.0,0.0,1.0,90.0,64,0.5,0.5,0.25,0.25,Entropia potencial
3548708,0.06938325315092347,0.5,0.0,0.2027533012603694,0.0,1.0,0.0,0.0,0.0,1.0,90.0,64,0.5,0.5,0.25,0.25,Entropia potencial
3548807,0.019142143509161158,0.5,0.0,0.18265685740366444,0.0,1.0,0.0,0.0,0.0,1.0,90.0,64,0.5,0.5,0.25,0.25,Entropia potencial
3548906,0.016469185550470406,0.5,0.0,0.18158767422018815,0.0,1.0,0.0,0.0,0.0,1.0,90.0,64,0.5,0.5,0.25,0.25,Entropia potencial
3549003,3.0855496632602015e-05,0.5,0.0,0.17501234219865303,0.0,1.0,0.0,0.0,0.0,1.0,90.0,64,0.5,0.5,0.25,0.25,Entropia potencial
3549102,0.004929152636777782,0.5,0.0,0.1769716610547111,0.0,1.0,0.0,0.0,0.0,1.0,90.0,64,0.5,0.5,0.25,0.25,Entropia potencial
3549201,3.689614170604869e-05,0.5,0.0,0.1750147584566824,0.0,1.0,0.0,0.0,0.0,1.0,90.0,64,0.5,0.5,0.25,0.25,Entropia potencial
3549250,3.361469923002866e-05,0.5,0.0,0.175013445879692,0.0,1.0,0.0,0.0,0.0,1.0,90.0,64,0.5,0.5,0.25,0.25,Entropia potencial
3549300,4.561458761446918e-05,0.5,0.0,0.17501824583504577,0.0,1.0,0.0,0.0,0.0,1.0,90.0,64,0.5,0.5,0.25,0.25,Entropia potencial
3549409,0.002605777189855017,0.5,0.0,0.176042310875942,0.0,1.0,0.0,0.0,0.0,1.0,90.0,64,0.5,0.5,0.25,0.25,Entropia potencial
3549508,0.00027513372842753525,0.5,0.0,0.17511005349137101,0.0,1.0,0.0,0.0,0.0,1.0,90.0,64,0.5,0.5,0.25,0.25,Entropia potencial
3549607,4.8344189571003884e-05,0.5,0.0,0.1750193376758284,0.0,1.0,0.0,0.0,0.0,1.0,90.0,64,0.5,0.5,0.25,0.25,Entropia potencial
3549706,0.0027469056454675314,0.5,0.0,0.176098762258187,0.0,1.0,0.0,0.0,0.0,1.0,90.0,64,0.5,0.5,0.25,0.25,Entropia potencial
3549805,0.025137951011816772,0.5,0.0,0.1850551804047267,0.0,1.0,0.0,0.0,0.0,1.0,90.0,64,0.5,0.5,0.25,0.25,Entropia potencial
3549904,0.05986973719964289,0.5,0.0,0.19894789487985715,0.0,1.0,0.0,0.0,0.0,1.0,90.0,64,0.5,0.5,0.25,0.25,Entropia potencial
3549953,0.00029661005056037896,0.5,0.0,0.17511864402022415,0.0,1.0,0.0,0.0,0.0,1.0,90.0,64,0.5,0.5,0.25,0.25,Entropia potencial
3550001,0.00021097222496277757,0.5,0.0,0.1750843888899851,0.0,1.0,0.0,0.0,0.0,1.0,90.0,64,0.5,0.5,0.25,0.25,Entropia potencial
3550100,0.0015449578788958812,0.5,0.0,0.17561798315155835,0.0,1.0,0.0,0.0,0.0,1.0,90.0,64,0.5,0.5,0.25,0.25,Entropia potencial
3550209,0.0009735238494715861,0.5,0.0,0.17538940953978863,0.0,1.0,0.0,0.0,0.0,1.0,90.0,64,0.5,0.5,0.25,0.25,Entropia potencial
3550308,1.0,0.5,0.0,0.575,0.0,1.0,0.0,0.0,0.0,1.0,90.0,64,0.5,0.5,0.25,0.25,Entropia potencial
3550407,0.0010597706025389645,0.5,0.0,0.17542390824101559,0.0,1.0,0.0,0.0,0.0,1.0,90.0,64,0.5,0.5,0.25,0.25,Entropia potencial
3550506,0.00022636878688956746,0.5,0.0,0.1750905475147558,0.0,1.0,0.0,0.0,0.0,1.0,90.0,64,0.5,0.5,0.25,0.25,Entropia potencial
3550605,0.004100948905102158,0.5,0.0,0.17664037956204084,0.0,1.0,0.0,0.0,0.0,1.0,90.0,64,0.5,0.5,0.25,0.25,Entropia potencial
3550704,0.019930204543124337,0.5,0.0,0.18297208181724972,0.0,1.0,0.0,0.0,0.0,1.0,90.0,64,0.5,0.5,0.25,0.25,Entropia potencial
3550803,0.00037852242406858136,0.5,0.0,0.17515140896962741,0.0,1.0,0.0,0.0,0.0,1.0,90.0,64,0.5,0.5,0.25,0.25,Entropia potencial
3550902,0.0005401736383109213,0.5,0.0,0.17521606945532436,0.0,1.0,0.0,0.0,0.0,1.0,90.0,64,0.5,0.5,0.25,0.25,Entropia potencial
3551009,0.007109738820700847,0.5,0.0,0.17784389552828034,0.0,1.0,0.0,0.0,0.0,1.0,90.0,64,0.5,0.5,0.25,0.25,Entropia potencial
3551108,0.0002197667868049202,0.5,0.0,0.17508790671472196,0.0,1.0,0.0,0.0,0.0,1.0,90.0,64,0.5,0.5,0.25,0.25,Entropia potencial
3551207,7.657157215870068e-05,0.5,0.0,0.17503062862886348,0.0,1.0,0.0,0.0,0.0,1.0,90.0,64,0.5,0.5,0.25,0.25,Entropia potencial
3551306,0.0004270368173247138,0.5,0.0,0.17517081472692989,0.0,1.0,0.0,0.0,0.0,1.0,90.0,64,0.5,0.5,0.25,0.25,Entropia potencial
3551405,0.0001791430786779802,0.5,0.0,0.17507165723147117,0.0,1.0,0.0,0.0,0.0,1.0,90.0,64,0.5,0.5,0.25,0.25,Entropia potencial
3551504,0.001422355195818732,0.5,0.0,0.1755689420783275,0.0,1.0,0.0,0.0,0.0,1.0,90.0,64,0.5,0.5,0.25,0.25,Entropia potencial
3551603,0.0009259344762433265,0.5,0.0,0.17537037379049733,0.0,1.0,0.0,0.0,0.0,1.0,90.0,64,0.5,0.5,0.25,0.25,Entropia potencial
3551702,0.008538780589863917,0.5,0.0,0.17841551223594557,0.0,1.0,0.0,0.0,0.0,1.0,90.0,64,0.5,0.5,0.25,0.25,Entropia potencial
3551801,0.00036186994923537657,0.5,0.0,0.17514474797969415,0.0,1.0,0.0,0.0,0.0,1.0,90.0,64,0.5,0.5,0.25,0.25,Entropia potencial
3551900,0.0003102326883651451,0.5,0.0,0.17512409307534604,0.0,1.0,0.0,0.0,0.0,1.0,90.0,64,0.5,0.5,0.25,0.25,Entropia potencial
3552007,8.490203823828761e-05,0.5,0.0,0.1750339608152953,0.0,1.0,0.0,0.0,0.0,1.0,90.0,64,0.5,0.5,0.25,0.25,Entropia potencial
3552106,0.001319412624122557,0.5,0.0,0.175527765049649,0.0,1.0,0.0,0.0,0.0,1.0,90.0,64,0.5,0.5,0.25,0.25,Entropia potencial
3552205,0.057556773778153866,0.5,0.0,0.19802270951126155,0.0,1.0,0.0,0.0,0.0,1.0,90.0,64,0.5,0.5,0.25,0.25,Entropia potencial
3552304,0.00020016059087699895,0.5,0.0,0.17508006423635078,0.0,1.0,0.0,0.0,0.0,1.0,90.0,64,0.5,0.5,0.25,0.25,Entropia potencial
3552403,0.018745875500877862,0.5,0.0,0.18249835020035113,0.0,1.0,0.0,0.0,0.0,1.0,90.0,64,0.5,0.5,0.25,0.25,Entropia potencial
3552502,0.01780813459758164,0.5,0.0,0.18212325383903263,0.0,1.0,0.0,0.0,0.0,1.0,90.0,64,0.5,0.5,0.25,0.25,Entropia potencial
3552551,0.0003859416132749952,0.5,0.0,0.17515437664531,0.0,1.0,0.0,0.0,0.0,1.0,90.0,64,0.5,0.5,0.25,0.25,Entropia potencial
3552601,0.00030007543987622747,0.5,0.0,0.1751200301759505,0.0,1.0,0.0,0.0,0.0,1.0,90.0,64,0.5,0.5,0.25,0.25,Entropia potencial
3552700,0.0003758721095430072,0.5,0.0,0.1751503488438172,0.0,1.0,0.0,0.0,0.0,1.0,90.0,64,0.5,0.5,0.25,0.25,Entropia potencial
3552809,0.011580836339996408,0.5,0.0,0.17963233453599856,0.0,1.0,0.0,0.0,0.0,1.0,90.0,64,0.5,0.5,0.25,0.25,Entropia potencial
3552908,0.00018829179104507985,0.5,0.0,0.17507531671641802,0.0,1.0,0.0,0.0,0.0,1.0,90.0,64,0.5,0.5,0.25,0.25,Entropia potencial
3553005,0.00039165876563012286,0.5,0.0,0.17515666350625203,0.0,1.0,0.0,0.0,0.0,1.0,90.0,64,0.5,0.5,0.25,0.25,Entropia potencial
3553104,0.00010592589343178324,0.5,0.0,0.1750423703573727,0.0,1.0,0.0,0.0,0.0,1.0,90.0,64,0.5,0.5,0.25,0.25,Entropia potencial
3553203,0.0001379580155398396,0.5,0.0,0.17505518320621594,0.0,1.0,0.0,0.0,0.0,1.0,90.0,64,0.5,0.5,0.25,0.25,Entropia potencial
3553302,0.0008697228591895451,0.5,0.0,0.1753478891436758,0.0,1.0,0.0,0.0,0.0,1.0,90.0,64,0.5,0.5,0.25,0.25,Entropia potencial
3553401,0.0014672181385876953,0.5,0.0,0.17558688725543506,0.0,1.0,0.0,0.0,0.0,1.0,90.0,64,0.5,0.5,0.25,0.25,Entropia potencial
3553500,0.00018048885067281702,0.5,0.0,0.17507219554026912,0.0,1.0,0.0,0.0,0.0,1.0,90.0,64,0.5,0.5,0.25,0.25,Entropia potencial
3553609,0.0002894350666413236,0.5,0.0,0.1751157740266565,0.0,1.0,0.0,0.0,0.0,1.0,90.0,64,0.5,0.5,0.25,0.25,Entropia potencial
3553658,3.617198316994246e-05,0.5,0.0,0.17501446879326796,0.0,1.0,0.0,0.0,0.0,1.0,90.0,64,0.5,0.5,0.25,0.25,Entropia potencial
3553708,0.002018738336851942,0.5,0.0,0.17580749533474077,0.0,1.0,0.0,0.0,0.0,1.0,90.0,64,0.5,0.5,0.25,0.25,Entropia potencial
3553807,0.0012757802222821014,0.5,0.0,0.17551031208891282,0.0,1.0,0.0,0.0,0.0,1.0,90.0,64,0.5,0.5,0.25,0.25,Entropia potencial
3553856,0.0004577083671174874,0.5,0.0,0.17518308334684699,0.0,1.0,0.0,0.0,0.0,1.0,90.0,64,0.5,0.5,0.25,0.25,Entropia potencial
3553906,0.000157618126920814,0.5,0.0,0.17506304725076832,0.0,1.0,0.0,0.0,0.0,1.0,90.0,64,0.5,0.5,0.25,0.25,Entropia potencial
3553955,0.0009490092329843345,0.5,0.0,0.17537960369319372,0.0,1.0,0.0,0.0,0.0,1.0,90.0,64,0.5,0.5,0.25,0.25,Entropia potencial
3554003,0.00629784715648817,0.5,0.0,0.17751913886259527,0.0,1.0,0.0,0.0,0.0,1.0,90.0,64,0.5,0.5,0.25,0.25,Entropia potencial
3554102,0.019495733736272763,0.5,0.0,0.1827982934945091,0.0,1.0,0.0,0.0,0.0,1.0,90.0,64,0.5,0.5,0.25,0.25,Entropia potencial
3554201,0.00010969786081401243,0.5,0.0,0.1750438791443256,0.0,1.0,0.0,0.0,0.0,1.0,90.0,64,0.5,0.5,0.25,0.25,Entropia potencial
3554300,0.0006954057421426962,0.5,0.0,0.17527816229685705,0.0,1.0,0.0,0.0,0.0,1.0,90.0,64,0.5,0.5,0.25,0.25,Entropia potencial
3554409,0.0001705187205209662,0.5,0.0,0.17506820748820837,0.0,1.0,0.0,0.0,0.0,1.0,90.0,64,0.5,0.5,0.25,0.25,Entropia potencial
3554508,0.0025925309030558766,0.5,0.0,0.17603701236122235,0.0,1.0,0.0,0.0,0.0,1.0,90.0,64,0.5,0.5,0.25,0.25,Entropia potencial
3554607,4.412292674666497e-05,0.5,0.0,0.17501764917069865,0.0,1.0,0.0,0.0,0.0,1.0,90.0,64,0.5,0.5,0.25,0.25,Entropia potencial
3554656,1.7748755711952418e-05,0.5,0.0,0.17500709950228477,0.0,1.0,0.0,0.0,0.0,1.0,90.0,64,0.5,0.5,0.25,0.25,Entropia potencial
3554706,0.0003165809686707187,0.5,0.0,0.17512663238746828,0.0,1.0,0.0,0.0,0.0,1.0,90.0,64,0.5,0.5,0.25,0.25,Entropia potencial
3554755,3.33884657603546e-05,0.5,0.0,0.17501335538630414,0.0,1.0,0.0,0.0,0.0,1.0,90.0,64,0.5,0.5,0.25,0.25,Entropia potencial
3554805,0.0010596183706715202,0.5,0.0,0.1754238473482686,0.0,1.0,0.0,0.0,0.0,1.0,90.0,64,0.5,0.5,0.25,0.25,Entropia potencial
3554904,0.0001159996258267558,0.5,0.0,0.1750463998503307,0.0,1.0,0.0,0.0,0.0,1.0,90.0,64,0.5,0.5,0.25,0.25,Entropia potencial
3554953,0.00018235051955177038,0.5,0.0,0.1750729402078207,0.0,1.0,0.0,0.0,0.0,1.0,90.0,64,0.5,0.5,0.25,0.25,Entropia potencial
3555000,0.00263099799306069,0.5,0.0,0.17605239919722426,0.0,1.0,0.0,0.0,0.0,1.0,90.0,64,0.5,0.5,0.25,0.25,Entropia potencial
3555109,0.00037516697999033147,0.5,0.0,0.17515006679199613,0.0,1.0,0.0,0.0,0.0,1.0,90.0,64,0.5,0.5,0.25,0.25,Entropia potencial
3555208,4.2637608873337605e-05,0.5,0.0,0.17501705504354934,0.0,1.0,0.0,0.0,0.0,1.0,90.0,64,0.5,0.5,0.25,0.25,Entropia potencial
3555307,5.450958020249513e-05,0.5,0.0,0.175021803832081,0.0,1.0,0.0,0.0,0.0,1.0,90.0,64,0.5,0.5,0.25,0.25,Entropia potencial
3555356,0.00022169294279438814,0.5,0.0,0.17508867717711774,0.0,1.0,0.0,0.0,0.0,1.0,90.0,64,0.5,0.5,0.25,0.25,Entropia potencial
3555406,0.0033807695408644063,0.5,0.0,0.17635230781634575,0.0,1.0,0.0,0.0,0.0,1.0,90.0,64,0.5,0.5,0.25,0.25,Entropia potencial
3555505,0.0001086597240513025,0.5,0.0,0.1750434638896205,0.0,1.0,0.0,0.0,0.0,1.0,90.0,64,0.5,0.5,0.25,0.25,Entropia potencial
3555604,0.0004097077564139792,0.5,0.0,0.1751638831025656,0.0,1.0,0.0,0.0,0.0,1.0,90.0,64,0.5,0.5,0.25,0.25,Entropia potencial
3555703,4.566638873603005e-05,0.5,0.0,0.1750182665554944,0.0,1.0,0.0,0.0,0.0,1.0,90.0,64,0.5,0.5,0.25,0.25,Entropia potencial
3555802,0.0003092315524035501,0.5,0.0,0.17512369262096142,0.0,1.0,0.0,0.0,0.0,1.0,90.0,64,0.5,0.5,0.25,0.25,Entropia potencial
3555901,3.187143291464301e-05,0.5,0.0,0.17501274857316584,0.0,1.0,0.0,0.0,0.0,1.0,90.0,64,0.5,0.5,0.25,0.25,Entropia potencial
3556008,0.0005589309301446916,0.5,0.0,0.17522357237205788,0.0,1.0,0.0,0.0,0.0,1.0,90.0,64,0.5,0.5,0.25,0.25,Entropia potencial
3556107,0.0004635196072240216,0.5,0.0,0.1751854078428896,0.0,1.0,0.0,0.0,0.0,1.0,90.0,64,0.5,0.5,0.25,0.25,Entropia potencial
3556206,0.009767107813299012,0.5,0.0,0.1789068431253196,0.0,1.0,0.0,0.0,0.0,1.0,90.0,64,0.5,0.5,0.25,0.25,Entropia potencial
3556305,0.0013926002087278622,0.5,0.0,0.17555704008349113,0.0,1.0,0.0,0.0,0.0,1.0,90.0,64,0.5,0.5,0.25,0.25,Entropia potencial
3556354,0.0001712788226924412,0.5,0.0,0.17506851152907696,0.0,1.0,0.0,0.0,0.0,1.0,90.0,64,0.5,0.5,0.25,0.25,Entropia potencial
3556404,0.001412653585766401,0.5,0.0,0.17556506143430656,0.0,1.0,0.0,0.0,0.0,1.0,90.0,64,0.5,0.5,0.25,0.25,Entropia potencial
3556453,0.0034308189387839347,0.5,0.0,0.17637232757551358,0.0,1.0,0.0,0.0,0.0,1.0,90.0,64,0.5,0.5,0.25,0.25,Entropia potencial
3556503,0.004564955865735151,0.5,0.0,0.17682598234629404,0.0,1.0,0.0,0.0,0.0,1.0,90.0,64,0.5,0.5,0.25,0.25,Entropia potencial
3556602,0.0002711704140452546,0.5,0.0,0.1751084681656181,0.0,1.0,0.0,0.0,0.0,1.0,90.0,64,0.5,0.5,0.25,0.25,Entropia potencial
3556701,0.014842850223933871,0.5,0.0,0.18093714008957354,0.0,1.0,0.0,0.0,0.0,1.0,90.0,64,0.5,0.5,0.25,0.25,Entropia potencial
3556800,0.000519129696968249,0.5,0.0,0.17520765187878728,0.0,1.0,0.0,0.0,0.0,1.0,90.0,64,0.5,0.5,0.25,0.25,Entropia potencial
3556909,0.0005568451421275565,0.5,0.0,0.175222738056851,0.0,1.0,0.0,0.0,0.0,1.0,90.0,64,0.5,0.5,0.25,0.25,Entropia potencial
3556958,2.8343670819772255e-05,0.5,0.0,0.1750113374683279,0.0,1.0,0.0,0.0,0.0,1.0,90.0,64,0.5,0.5,0.25,0.25,Entropia potencial
3557006,0.004755030038228223,0.5,0.0,0.17690201201529127,0.0,1.0,0.0,0.0,0.0,1.0,90.0,64,0.5,0.5,0.25,0.25,Entropia potencial
3557105,0.004352489865573076,0.5,0.0,0.17674099594622922,0.0,1.0,0.0,0.0,0.0,1.0,90.0,64,0.5,0.5,0.25,0.25,Entropia potencial
3557154,0.00013283287600255057,0.5,0.0,0.175053133150401,0.0,1.0,0.0,0.0,0.0,1.0,90.0,64,0.5,0.5,0.25,0.25,Entropia potencial
3557204,0.0003792201534610341,0.5,0.0,0.1751516880613844,0.0,1.0,0.0,0.0,0.0,1.0,90.0,64,0.5,0.5,0.25,0.25,Entropia potencial
3557303,0.00044789892615904996,0.5,0.0,0.17517915957046362,0.0,1.0,0.0,0.0,0.0,1.0,90.0,64,0.5,0.5,0.25,0.25,Entropia potencial
4100103,0.00027643298512954186,0.5,0.0,0.1751105731940518,0.0,1.0,0.0,0.0,0.0,1.0,90.0,64,0.5,0.5,0.25,0.25,Entropia potencial
4100202,0.0004458681107607141,0.5,0.0,0.17517834724430428,0.0,1.0,0.0,0.0,0.0,1.0,90.0,64,0.5,0.5,0.25,0.25,Entropia potencial
4100301,0.00022998323657562173,0.5,0.0,0.17509199329463024,0.0,1.0,0.0,0.0,0.0,1.0,90.0,64,0.5,0.5,0.25,0.25,Entropia potencial
4100400,0.0021709490609812475,0.5,0.0,0.1758683796243925,0.0,1.0,0.0,0.0,0.0,1.0,90.0,64,0.5,0.5,0.25,0.25,Entropia potencial
4100459,8.987494590813241e-05,0.5,0.0,0.17503594997836325,0.0,1.0,0.0,0.0,0.0,1.0,90.0,64,0.5,0.5,0.25,0.25,Entropia potencial
4100509,0.0004459463410259285,0.5,0.0,0.17517837853641036,0.0,1.0,0.0,0.0,0.0,1.0,90.0,64,0.5,0.5,0.25,0.25,Entropia potencial
4100608,0.00039184694113293585,0.5,0.0,0.17515673877645316,0.0,1.0,0.0,0.0,0.0,1.0,90.0,64,0.5,0.5,0.25,0.25,Entropia potencial
4100707,0.00038064204138959297,0.5,0.0,0.17515225681655583,0.0,1.0,0.0,0.0,0.0,1.0,90.0,64,0.5,0.5,0.25,0.25,Entropia potencial
4100806,0.00045334544408316566,0.5,0.0,0.17518133817763326,0.0,1.0,0.0,0.0,0.0,1.0,90.0,64,0.5,0.5,0.25,0.25,Entropia potencial
4100905,0.00010776641899581379,0.5,0.0,0.1750431065675983,0.0,1.0,0.0,0.0,0.0,1.0,90.0,64,0.5,0.5,0.25,0.25,Entropia potencial
4101002,0.0008390555380597562,0.5,0.0,0.1753356222152239,0.0,1.0,0.0,0.0,0.0,1.0,90.0,64,0.5,0.5,0.25,0.25,Entropia potencial
4101051,9.509628752832022e-05,0.5,0.0,0.17503803851501132,0.0,1.0,0.0,0.0,0.0,1.0,90.0,64,0.5,0.5,0.25,0.25,Entropia potencial
4101101,0.0008682565702996483,0.5,0.0,0.17534730262811984,0.0,1.0,0.0,0.0,0.0,1.0,90.0,64,0.5,0.5,0.25,0.25,Entropia potencial
4101150,0.0001577122146722205,0.5,0.0,0.17506308488586889,0.0,1.0,0.0,0.0,0.0,1.0,90.0,64,0.5,0.5,0.25,0.25,Entropia potencial
4101200,0.0009809081522083774,0.5,0.0,0.17539236326088334,0.0,1.0,0.0,0.0,0.0,1.0,90.0,64,0.5,0.5,0.25,0.25,Entropia potencial
4101309,0.00023666346692548338,0.5,0.0,0.17509466538677018,0.0,1.0,0.0,0.0,0.0,1.0,90.0,64,0.5,0.5,0.25,0.25,Entropia potencial
4101408,0.0045365128213352415,0.5,0.0,0.17681460512853409,0.0,1.0,0.0,0.0,0.0,1.0,90.0,64,0.5,0.5,0.25,0.25,Entropia potencial
4101507,0.005372137856548771,0.5,0.0,0.1771488551426195,0.0,1.0,0.0,0.0,0.0,1.0,90.0,64,0.5,0.5,0.25,0.25,Entropia potencial
4101606,0.0017500871487797405,0.5,0.0,0.17570003485951188,0.0,1.0,0.0,0.0,0.0,1.0,90.0,64,0.5,0.5,0.25,0.25,Entropia potencial
4101655,0.00011895017542423386,0.5,0.0,0.17504758007016968,0.0,1.0,0.0,0.0,0.0,1.0,90.0,64,0.5,0.5,0.25,0.25,Entropia potencial
4101705,0.0004766686347745168,0.5,0.0,0.1751906674539098,0.0,1.0,0.0,0.0,0.0,1.0,90.0,64,0.5,0.5,0.25,0.25,Entropia potencial
4101804,0.03307611345466844,0.5,0.0,0.18823044538186737,0.0,1.0,0.0,0.0,0.0,1.0,90.0,64,0.5,0.5,0.25,0.25,Entropia potencial
4101853,9.91758901426763e-05,0.5,0.0,0.17503967035605705,0.0,1.0,0.0,0.0,0.0,1.0,90.0,64,0.5,0.5,0.25,0.25,Entropia potencial
4101903,0.0006263432182788313,0.5,0.0,0.17525053728731152,0.0,1.0,0.0,0.0,0.0,1.0,90.0,64,0.5,0.5,0.25,0.25,Entropia potencial
4102000,0.001687839115315497,0.5,0.0,0.1756751356461262,0.0,1.0,0.0,0.0,0.0,1.0,90.0,64,0.5,0.5,0.25,0.25,Entropia potencial
4102109,0.0011516213912266334,0.5,0.0,0.17546064855649066,0.0,1.0,0.0,0.0,0.0,1.0,90.0,64,0.5,0.5,0.25,0.25,Entropia potencial
4102208,0.00019287249022310654,0.5,0.0,0.17507714899608923,0.0,1.0,0.0,0.0,0.0,1.0,90.0,64,0.5,0.5,0.25,0.25,Entropia potencial
4102307,0.0013230598459467418,0.5,0.0,0.1755292239383787,0.0,1.0,0.0,0.0,0.0,1.0,90.0,64,0.5,0.5,0.25,0.25,Entropia potencial
4102406,0.0011653560886004904,0.5,0.0,0.17546614243544018,0.0,1.0,0.0,0.0,0.0,1.0,90.0,64,0.5,0.5,0.25,0.25,Entropia potencial
4102505,0.0002237977597949538,0.5,0.0,0.17508951910391796,0.0,1.0,0.0,0.0,0.0,1.0,90.0,64,0.5,0.5,0.25,0.25,Entropia potencial
4102604,0.00028617476748022633,0.5,0.0,0.1751144699069921,0.0,1.0,0.0,0.0,0.0,1.0,90.0,64,0.5,0.5,0.25,0.25,Entropia potencial
4102703,0.00017471249703590545,0.5,0.0,0.17506988499881435,0.0,1.0,0.0,0.0,0.0,1.0,90.0,64,0.5,0.5,0.25,0.25,Entropia potencial
4102752,7.405657484863249e-05,0.5,0.0,0.17502962262993943,0.0,1.0,0.0,0.0,0.0,1.0,90.0,64,0.5,0.5,0.25,0.25,Entropia potencial
4102802,0.0006472856717098741,0.5,0.0,0.17525891426868395,0.0,1.0,0.0,0.0,0.0,1.0,90.0,64,0.5,0.5,0.25,0.25,Entropia potencial
4102901,0.0005355918819671484,0.5,0.0,0.17521423675278686,0.0,1.0,0.0,0.0,0.0,1.0,90.0,64,0.5,0.5,0.25,0.25,Entropia potencial
4103008,0.00027448568582515116,0.5,0.0,0.17510979427433004,0.0,1.0,0.0,0.0,0.0,1.0,90.0,64,0.5,0.5,0.25,0.25,Entropia potencial
4103024,0.00010679065501212613,0.5,0.0,0.17504271626200485,0.0,1.0,0.0,0.0,0.0,1.0,90.0,64,0.5,0.5,0.25,0.25,Entropia potencial
4103040,0.0004211854049198263,0.5,0.0,0.17516847416196793,0.0,1.0,0.0,0.0,0.0,1.0,90.0,64,0.5,0.5,0.25,0.25,Entropia potencial
4103057,0.00018106500600446356,0.5,0.0,0.17507242600240178,0.0,1.0,0.0,0.0,0.0,1.0,90.0,64,0.5,0.5,0.25,0.25,Entropia potencial
4103107,0.0002833997073966076,0.5,0.0,0.17511335988295862,0.0,1.0,0.0,0.0,0.0,1.0,90.0,64,0.5,0.5,0.25,0.25,Entropia potencial
4103156,0.00011139884049955246,0.5,0.0,0.17504455953619982,0.0,1.0,0.0,0.0,0.0,1.0,90.0,64,0.5,0.5,0.25,0.25,Entropia potencial
4103206,0.00016784726268046922,0.5,0.0,0.17506713890507217,0.0,1.0,0.0,0.0,0.0,1.0,90.0,64,0.5,0.5,0.25,0.25,Entropia potencial
4103222,0.0003099916545750251,0.5,0.0,0.17512399666183,0.0,1.0,0.0,0.0,0.0,1.0,90.0,64,0.5,0.5,0.25,0.25,Entropia potencial
4103305,0.0002631930413248786,0.5,0.0,0.17510527721652994,0.0,1.0,0.0,0.0,0.0,1.0,90.0,64,0.5,0.5,0.25,0.25,Entropia potencial
4103354,0.00024977443650911756,0.5,0.0,0.17509990977460363,0.0,1.0,0.0,0.0,0.0,1.0,90.0,64,0.5,0.5,0.25,0.25,Entropia potencial
4103370,0.00022646921763545082,0.5,0.0,0.17509058768705416,0.0,1.0,0.0,0.0,0.0,1.0,90.0,64,0.5,0.5,0.25,0.25,Entropia potencial
4103404,7.695638049029582e-05,0.5,0.0,0.17503078255219612,0.0,1.0,0.0,0.0,0.0,1.0,90.0,64,0.5,0.5,0.25,0.25,Entropia potencial
4103453,0.002526261411093315,0.5,0.0,0.17601050456443731,0.0,1.0,0.0,0.0,0.0,1.0,90.0,64,0.5,0.5,0.25,0.25,Entropia potencial
4103479,0.00012469058542577665,0.5,0.0,0.1750498762341703,0.0,1.0,0.0,0.0,0.0,1.0,90.0,64,0.5,0.5,0.25,0.25,Entropia potencial
4103503,0.00023169690225011543,0.5,0.0,0.17509267876090004,0.0,1.0,0.0,0.0,0.0,1.0,90.0,64,0.5,0.5,0.25,0.25,Entropia potencial
4103602,0.0010028358841148231,0.5,0.0,0.1754011343536459,0.0,1.0,0.0,0.0,0.0,1.0,90.0,64,0.5,0.5,0.25,0.25,Entropia potencial
4103701,0.006446401144301575,0.5,0.0,0.1775785604577206,0.0,1.0,0.0,0.0,0.0,1.0,90.0,64,0.5,0.5,0.25,0.25,Entropia potencial
4103800,0.00031044729301161166,0.5,0.0,0.17512417891720464,0.0,1.0,0.0,0.0,0.0,1.0,90.0,64,0.5,0.5,0.25,0.25,Entropia potencial
4103909,0.0006181554695749733,0.5,0.0,0.17524726218783,0.0,1.0,0.0,0.0,0.0,1.0,90.0,64,0.5,0.5,0.25,0.25,Entropia potencial
4103958,0.00015570782841753815,0.5,0.0,0.175062283131367,0.0,1.0,0.0,0.0,0.0,1.0,90.0,64,0.5,0.5,0.25,0.25,Entropia potencial
4104006,0.0026177041338029733,0.5,0.0,0.17604708165352118,0.0,1.0,0.0,0.0,0.0,1.0,90.0,64,0.5,0.5,0.25,0.25,Entropia potencial
4104055,0.0001975578488100011,0.5,0.0,0.17507902313952398,0.0,1.0,0.0,0.0,0.0,1.0,90.0,64,0.5,0.5,0.25,0.25,Entropia potencial
4104105,0.0003095687882765689,0.5,0.0,0.1751238275153106,0.0,1.0,0.0,0.0,0.0,1.0,90.0,64,0.5,0.5,0.25,0.25,Entropia potencial
4104204,0.006446018450301473,0.5,0.0,0.17757840738012057,0.0,1.0,0.0,0.0,0.0,1.0,90.0,64,0.5,0.5,0.25,0.25,Entropia potencial
4104253,0.0006035179526539123,0.5,0.0,0.17524140718106154,0.0,1.0,0.0,0.0,0.0,1.0,90.0,64,0.5,0.5,0.25,0.25,Entropia potencial
4104303,0.006001212791115629,0.5,0.0,0.17740048511644624,0.0,1.0,0.0,0.0,0.0,1.0,90.0,64,0.5,0.5,0.25,0.25,Entropia potencial
4104402,0.00047151495176208204,0.5,0.0,0.17518860598070482,0.0,1.0,0.0,0.0,0.0,1.0,90.0,64,0.5,0.5,0.25,0.25,Entropia potencial
4104428,0.0009491678078462556,0.5,0.0,0.1753796671231385,0.0,1.0,0.0,0.0,0.0,1.0,90.0,64,0.5,0.5,0.25,0.25,Entropia potencial
4104451,0.0003656419166176058,0.5,0.0,0.17514625676664702,0.0,1.0,0.0,0.0,0.0,1.0,90.0,64,0.5,0.5,0.25,0.25,Entropia potencial
4104501,0.001253343993651762,0.5,0.0,0.1755013375974607,0.0,1.0,0.0,0.0,0.0,1.0,90.0,64,0.5,0.5,0.25,0.25,Entropia potencial
4104600,0.0012084503930761606,0.5,0.0,0.17548338015723045,0.0,1.0,0.0,0.0,0.0,1.0,90.0,64,0.5,0.5,0.25,0.25,Entropia potencial
4104659,0.0019122764603868659,0.5,0.0,0.17576491058415475,0.0,1.0,0.0,0.0,0.0,1.0,90.0,64,0.5,0.5,0.25,0.25,Entropia potencial
4104709,0.0005419475624329449,0.5,0.0,0.17521677902497318,0.0,1.0,0.0,0.0,0.0,1.0,90.0,64,0.5,0.5,0.25,0.25,Entropia potencial
4104808,0.019112261662180753,0.5,0.0,0.1826449046648723,0.0,1.0,0.0,0.0,0.0,1.0,90.0,64,0.5,0.5,0.25,0.25,Entropia potencial
4104907,0.004497114368308078,0.5,0.0,0.1767988457473232,0.0,1.0,0.0,0.0,0.0,1.0,90.0,64,0.5,0.5,0.25,0.25,Entropia potencial
4105003,0.0004091062291044253,0.5,0.0,0.17516364249164176,0.0,1.0,0.0,0.0,0.0,1.0,90.0,64,0.5,0.5,0.25,0.25,Entropia potencial
4105102,0.0003361787072726708,0.5,0.0,0.17513447148290906,0.0,1.0,0.0,0.0,0.0,1.0,90.0,64,0.5,0.5,0.25,0.25,Entropia potencial
4105201,0.00033791774492507185,0.5,0.0,0.17513516709797003,0.0,1.0,0.0,0.0,0.0,1.0,90.0,64,0.5,0.5,0.25,0.25,Entropia potencial
4105300,0.0009684515682216039,0.5,0.0,0.17538738062728862,0.0,1.0,0.0,0.0,0.0,1.0,90.0,64,0.5,0.5,0.25,0.25,Entropia potencial
4105409,0.0010019288359046346,0.5,0.0,0.17540077153436184,0.0,1.0,0.0,0.0,0.0,1.0,90.0,64,0.5,0.5,0.25,0.25,Entropia potencial
4105508,0.0036754270062916636,0.5,0.0,0.17647017080251665,0.0,1.0,0.0,0.0,0.0,1.0,90.0,64,0.5,0.5,0.25,0.25,Entropia potencial
4105607,0.0005129093337179584,0.5,0.0,0.17520516373348718,0.0,1.0,0.0,0.0,0.0,1.0,90.0,64,0.5,0.5,0.25,0.25,Entropia potencial
4105706,0.0008469758238298405,0.5,0.0,0.17533879032953192,0.0,1.0,0.0,0.0,0.0,1.0,90.0,64,0.5,0.5,0.25,0.25,Entropia potencial
4105805,0.006707991522355305,0.5,0.0,0.1776831966089421,0.0,1.0,0.0,0.0,0.0,1.0,90.0,64,0.5,0.5,0.25,0.25,Entropia potencial
4105904,0.000980107877738549,0.5,0.0,0.1753920431510954,0.0,1.0,0.0,0.0,0.0,1.0,90.0,64,0.5,0.5,0.25,0.25,Entropia potencial
4106001,0.0003276547798615401,0.5,0.0,0.1751310619119446,0.0,1.0,0.0,0.0,0.0,1.0,90.0,64,0.5,0.5,0.25,0.25,Entropia potencial
4106100,0.00017117839194655786,0.5,0.0,0.1750684713567786,0.0,1.0,0.0,0.0,0.0,1.0,90.0,64,0.5,0.5,0.25,0.25,Entropia potencial
4106209,0.0006323806918550395,0.5,0.0,0.175252952276742,0.0,1.0,0.0,0.0,0.0,1.0,90.0,64,0.5,0.5,0.25,0.25,Entropia potencial
4106308,0.001038793262638299,0.5,0.0,0.1754155173050553,0.0,1.0,0.0,0.0,0.0,1.0,90.0,64,0.5,0.5,0.25,0.25,Entropia potencial
4106407,0.0022759953925122417,0.5,0.0,0.17591039815700488,0.0,1.0,0.0,0.0,0.0,1.0,90.0,64,0.5,0.5,0.25,0.25,Entropia potencial
4106456,0.0003309742803044212,0.5,0.0,0.17513238971212175,0.0,1.0,0.0,0.0,0.0,1.0,90.0,64,0.5,0.5,0.25,0.25,Entropia potencial
4106506,0.0009244798161766371,0.5,0.0,0.17536979192647065,0.0,1.0,0.0,0.0,0.0,1.0,90.0,64,0.5,0.5,0.25,0.25,Entropia potencial
4106555,6.544701701206447e-05,0.5,0.0,0.17502617880680482,0.0,1.0,0.0,0.0,0.0,1.0,90.0,64,0.5,0.5,0.25,0.25,Entropia potencial
4106571,0.00016168927220920097,0.5,0.0,0.17506467570888368,0.0,1.0,0.0,0.0,0.0,1.0,90.0,64,0.5,0.5,0.25,0.25,Entropia potencial
4106605,0.0009227312640325208,0.5,0.0,0.175369092505613,0.0,1.0,0.0,0.0,0.0,1.0,90.0,64,0.5,0.5,0.25,0.25,Entropia potencial
4106704,0.00020380886986692972,0.5,0.0,0.17508152354794676,0.0,1.0,0.0,0.0,0.0,1.0,90.0,64,0.5,0.5,0.25,0.25,Entropia potencial
4106803,0.0004728237229558039,0.5,0.0,0.1751891294891823,0.0,1.0,0.0,0.0,0.0,1.0,90.0,64,0.5,0.5,0.25,0.25,Entropia potencial
4106852,0.00018344151460178735,0.5,0.0,0.1750733766058407,0.0,1.0,0.0,0.0,0.0,1.0,90.0,64,0.5,0.5,0.25,0.25,Entropia potencial
4106902,0.11812690971375847,0.5,0.0,0.22225076388550338,0.0,1.0,0.0,0.0,0.0,1.0,90.0,64,0.5,0.5,0.25,0.25,Entropia potencial
4107009,0.000314799644388472,0.5,0.0,0.17512591985775539,0.0,1.0,0.0,0.0,0.0,1.0,90.0,64,0.5,0.5,0.25,0.25,Entropia potencial
4107108,0.0003802339754115828,0.5,0.0,0.17515209359016462,0.0,1.0,0.0,0.0,0.0,1.0,90.0,64,0.5,0.5,0.25,0.25,Entropia potencial
4107124,5.3837222787949784e-05,0.5,0.0,0.17502153488911518,0.0,1.0,0.0,0.0,0.0,1.0,90.0,64,0.5,0.5,0.25,0.25,Entropia potencial
4107157,9.953744082785635e-05,0.5,0.0,0.17503981497633114,0.0,1.0,0.0,0.0,0.0,1.0,90.0,64,0.5,0.5,0.25,0.25,Entropia potencial
4107207,0.0023154572754841736,0.5,0.0,0.17592618291019366,0.0,1.0,0.0,0.0,0.0,1.0,90.0,64,0.5,0.5,0.25,0.25,Entropia potencial
4107256,0.0007574233134742809,0.5,0.0,0.1753029693253897,0.0,1.0,0.0,0.0,0.0,1.0,90.0,64,0.5,0.5,0.25,0.25,Entropia potencial
4107306,0.000170803098106678,0.5,0.0,0.17506832123924265,0.0,1.0,0.0,0.0,0.0,1.0,90.0,64,0.5,0.5,0.25,0.25,Entropia potencial
4107405,0.00031678605882546994,0.5,0.0,0.17512671442353017,0.0,1.0,0.0,0.0,0.0,1.0,90.0,64,0.5,0.5,0.25,0.25,Entropia potencial
4107504,0.0004653093888322374,0.5,0.0,0.17518612375553289,0.0,1.0,0.0,0.0,0.0,1.0,90.0,64,0.5,0.5,0.25,0.25,Entropia potencial
4107520,4.7251080189494624e-05,0.5,0.0,0.1750189004320758,0.0,1.0,0.0,0.0,0.0,1.0,90.0,64,0.5,0.5,0.25,0.25,Entropia potencial
4107538,0.0003842438050866936,0.5,0.0,0.17515369752203466,0.0,1.0,0.0,0.0,0.0,1.0,90.0,64,0.5,0.5,0.25,0.25,Entropia potencial
4107546,0.00019419183307428983,0.5,0.0,0.17507767673322971,0.0,1.0,0.0,0.0,0.0,1.0,90.0,64,0.5,0.5,0.25,0.25,Entropia potencial
4107553,0.00014957520992417726,0.5,0.0,0.17505983008396966,0.0,1.0,0.0,0.0,0.0,1.0,90.0,64,0.5,0.5,0.25,0.25,Entropia potencial
4107603,0.0006060805224225569,0.5,0.0,0.175242432208969,0.0,1.0,0.0,0.0,0.0,1.0,90.0,64,0.5,0.5,0.25,0.25,Entropia potencial
4107652,0.004262674120946728,0.5,0.0,0.17670506964837868,0.0,1.0,0.0,0.0,0.0,1.0,90.0,64,0.5,0.5,0.25,0.25,Entropia potencial
4107702,0.00014470061866872353,0.5,0.0,0.1750578802474675,0.0,1.0,0.0,0.0,0.0,1.0,90.0,64,0.5,0.5,0.25,0.25,Entropia potencial
4107736,0.00026920937158616404,0.5,0.0,0.17510768374863445,0.0,1.0,0.0,0.0,0.0,1.0,90.0,64,0.5,0.5,0.25,0.25,Entropia potencial
4107751,0.00015731577751741782,0.5,0.0,0.17506292631100695,0.0,1.0,0.0,0.0,0.0,1.0,90.0,64,0.5,0.5,0.25,0.25,Entropia potencial
4107801,0.00026085141919717745,0.5,0.0,0.17510434056767887,0.0,1.0,0.0,0.0,0.0,1.0,90.0,64,0.5,0.5,0.25,0.25,Entropia potencial
4107850,0.0001642920142761988,0.5,0.0,0.17506571680571048,0.0,1.0,0.0,0.0,0.0,1.0,90.0,64,0.5,0.5,0.25,0.25,Entropia potencial
4107900,0.0002707084326141912,0.5,0.0,0.17510828337304565,0.0,1.0,0.0,0.0,0.0,1.0,90.0,64,0.5,0.5,0.25,0.25,Entropia potencial
4108007,0.0004764159721611892,0.5,0.0,0.17519056638886446,0.0,1.0,0.0,0.0,0.0,1.0,90.0,64,0.5,0.5,0.25,0.25,Entropia potencial
4108106,6.511506696777637e-05,0.5,0.0,0.1750260460267871,0.0,1.0,0.0,0.0,0.0,1.0,90.0,64,0.5,0.5,0.25,0.25,Entropia potencial
4108205,0.0004184610887920223,0.5,0.0,0.1751673844355168,0.0,1.0,0.0,0.0,0.0,1.0,90.0,64,0.5,0.5,0.25,0.25,Entropia potencial
4108304,0.018456986988927296,0.5,0.0,0.1823827947955709,0.0,1.0,0.0,0.0,0.0,1.0,90.0,64,0.5,0.5,0.25,0.25,Entropia potencial
4108320,0.00019519085470439258,0.5,0.0,0.17507807634188174,0.0,1.0,0.0,0.0,0.0,1.0,90.0,64,0.5,0.5,0.25,0.25,Entropia potencial
4108403,0.004175083710216005,0.5,0.0,0.1766700334840864,0.0,1.0,0.0,0.0,0.0,1.0,90.0,64,0.5,0.5,0.25,0.25,Entropia potencial
4108452,0.00016369577279537557,0.5,0.0,0.17506547830911814,0.0,1.0,0.0,0.0,0.0,1.0,90.0,64,0.5,0.5,0.25,0.25,Entropia potencial
4108502,0.0004294492695574064,0.5,0.0,0.17517177970782294,0.0,1.0,0.0,0.0,0.0,1.0,90.0,64,0.5,0.5,0.25,0.25,Entropia potencial
4108551,6.35356613430425e-05,0.5,0.0,0.17502541426453722,0.0,1.0,0.0,0.0,0.0,1.0,90.0,64,0.5,0.5,0.25,0.25,Entropia potencial
4108601,0.00116052166964339,0.5,0.0,0.17546420866785734,0.0,1.0,0.0,0.0,0.0,1.0,90.0,64,0.5,0.5,0.25,0.25,Entropia potencial
4108650,0.00034582323037471034,0.5,0.0,0.17513832929214987,0.0,1.0,0.0,0.0,0.0,1.0,90.0,64,0.5,0.5,0.25,0.25,Entropia potencial
4108700,0.0001482960393713473,0.5,0.0,0.17505931841574854,0.0,1.0,0.0,0.0,0.0,1.0,90.0,64,0.5,0.5,0.25,0.25,Entropia potencial
4108809,0.0012100837141539478,0.5,0.0,0.17548403348566158,0.0,1.0,0.0,0.0,0.0,1.0,90.0,64,0.5,0.5,0.25,0.25,Entropia potencial
4108908,0.00027185017162002296,0.5,0.0,0.175108740068648,0.0,1.0,0.0,0.0,0.0,1.0,90.0,64,0.5,0.5,0.25,0.25,Entropia potencial
4108957,0.0002609222493021688,0.5,0.0,0.17510436889972086,0.0,1.0,0.0,0.0,0.0,1.0,90.0,64,0.5,0.5,0.25,0.25,Entropia potencial
4109005,0.00020839168337644868,0.5,0.0,0.17508335667335057,0.0,1.0,0.0,0.0,0.0,1.0,90.0,64,0.5,0.5,0.25,0.25,Entropia potencial
4109104,6.619654752607807e-05,0.5,0.0,0.1750264786190104,0.0,1.0,0.0,0.0,0.0,1.0,90.0,64,0.5,0.5,0.25,0.25,Entropia potencial
4109203,0.00015218218065415968,0.5,0.0,0.17506087287226166,0.0,1.0,0.0,0.0,0.0,1.0,90.0,64,0.5,0.5,0.25,0.25,Entropia potencial
4109302,0.0005443388713507147,0.5,0.0,0.17521773554854028,0.0,1.0,0.0,0.0,0.0,1.0,90.0,64,0.5,0.5,0.25,0.25,Entropia potencial
4109401,0.009892710732763708,0.5,0.0,0.17895708429310547,0.0,1.0,0.0,0.0,0.0,1.0,90.0,64,0.5,0.5,0.25,0.25,Entropia potencial
4109500,0.00011427750282629298,0.5,0.0,0.1750457110011305,0.0,1.0,0.0,0.0,0.0,1.0,90.0,64,0.5,0.5,0.25,0.25,Entropia potencial
4109609,0.0011042423939818557,0.5,0.0,0.17544169695759274,0.0,1.0,0.0,0.0,0.0,1.0,90.0,64,0.5,0.5,0.25,0.25,Entropia potencial
4109658,0.0002768421082732983,0.5,0.0,0.1751107368433093,0.0,1.0,0.0,0.0,0.0,1.0,90.0,64,0.5,0.5,0.25,0.25,Entropia potencial
4109708,0.0010247255580544078,0.5,0.0,0.17540989022322176,0.0,1.0,0.0,0.0,0.0,1.0,90.0,64,0.5,0.5,0.25,0.25,Entropia potencial
4109757,0.00018757608983494274,0.5,0.0,0.17507503043593398,0.0,1.0,0.0,0.0,0.0,1.0,90.0,64,0.5,0.5,0.25,0.25,Entropia potencial
4109807,0.004742154816605978,0.5,0.0,0.1768968619266424,0.0,1.0,0.0,0.0,0.0,1.0,90.0,64,0.5,0.5,0.25,0.25,Entropia potencial
4109906,0.00027188928675263014,0.5,0.0,0.17510875571470105,0.0,1.0,0.0,0.0,0.0,1.0,90.0,64,0.5,0.5,0.25,0.25,Entropia potencial
4110003,0.00022559705589488493,0.5,0.0,0.17509023882235794,0.0,1.0,0.0,0.0,0.0,1.0,90.0,64,0.5,0.5,0.25,0.25,Entropia potencial
4110052,7.381236956127404e-05,0.5,0.0,0.1750295249478245,0.0,1.0,0.0,0.0,0.0,1.0,90.0,64,0.5,0.5,0.25,0.25,Entropia potencial
4110078,0.0002904647460780644,0.5,0.0,0.17511618589843123,0.0,1.0,0.0,0.0,0.0,1.0,90.0,64,0.5,0.5,0.25,0.25,Entropia potencial
4110102,0.0014117391373959893,0.5,0.0,0.17556469565495839,0.0,1.0,0.0,0.0,0.0,1.0,90.0,64,0.5,0.5,0.25,0.25,Entropia potencial
4110201,0.00024312909262887855,0.5,0.0,0.17509725163705153,0.0,1.0,0.0,0.0,0.0,1.0,90.0,64,0.5,0.5,0.25,0.25,Entropia potencial
4110300,3.6624450109290586e-05,0.5,0.0,0.17501464978004372,0.0,1.0,0.0,0.0,0.0,1.0,90.0,64,0.5,0.5,0.25,0.25,Entropia potencial
4110409,0.0007046992862170171,0.5,0.0,0.1752818797144868,0.0,1.0,0.0,0.0,0.0,1.0,90.0,64,0.5,0.5,0.25,0.25,Entropia potencial
4110508,0.0008514550350962378,0.5,0.0,0.1753405820140385,0.0,1.0,0.0,0.0,0.0,1.0,90.0,64,0.5,0.5,0.25,0.25,Entropia potencial
4110607,0.000546522975782241,0.5,0.0,0.17521860919031287,0.0,1.0,0.0,0.0,0.0,1.0,90.0,64,0.5,0.5,0.25,0.25,Entropia potencial
4110656,6.73256005429561e-05,0.5,0.0,0.17502693024021718,0.0,1.0,0.0,0.0,0.0,1.0,90.0,64,0.5,0.5,0.25,0.25,Entropia potencial
4110706,0.0026621008664778887,0.5,0.0,0.17606484034659114,0.0,1.0,0.0,0.0,0.0,1.0,90.0,64,0.5,0.5,0.25,0.25,Entropia potencial
4110805,0.0003619566368265601,0.5,0.0,0.1751447826547306,0.0,1.0,0.0,0.0,0.0,1.0,90.0,64,0.5,0.5,0.25,0.25,Entropia potencial
4110904,0.00011223188710751116,0.5,0.0,0.175044892754843,0.0,1.0,0.0,0.0,0.0,1.0,90.0,64,0.5,0.5,0.25,0.25,Entropia potencial
4110953,0.0005149655210942017,0.5,0.0,0.17520598620843766,0.0,1.0,0.0,0.0,0.0,1.0,90.0,64,0.5,0.5,0.25,0.25,Entropia potencial
4111001,0.00025440905114019737,0.5,0.0,0.17510176362045607,0.0,1.0,0.0,0.0,0.0,1.0,90.0,64,0.5,0.5,0.25,0.25,Entropia potencial
4111100,0.00017363947380357288,0.5,0.0,0.1750694557895214,0.0,1.0,0.0,0.0,0.0,1.0,90.0,64,0.5,0.5,0.25,0.25,Entropia potencial
4111209,0.0009291260596309245,0.5,0.0,0.17537165042385236,0.0,1.0,0.0,0.0,0.0,1.0,90.0,64,0.5,0.5,0.25,0.25,Entropia potencial
4111258,0.0006959776688113582,0.5,0.0,0.17527839106752452,0.0,1.0,0.0,0.0,0.0,1.0,90.0,64,0.5,0.5,0.25,0.25,Entropia potencial
4111308,0.00010950862814545329,0.5,0.0,0.17504380345125817,0.0,1.0,0.0,0.0,0.0,1.0,90.0,64,0.5,0.5,0.25,0.25,Entropia potencial
4111407,0.00048492404208612774,0.5,0.0,0.17519396961683445,0.0,1.0,0.0,0.0,0.0,1.0,90.0,64,0.5,0.5,0.25,0.25,Entropia potencial
4111506,0.0010468816377620198,0.5,0.0,0.1754187526551048,0.0,1.0,0.0,0.0,0.0,1.0,90.0,64,0.5,0.5,0.25,0.25,Entropia potencial
4111555,0.00019834755162236804,0.5,0.0,0.17507933902064893,0.0,1.0,0.0,0.0,0.0,1.0,90.0,64,0.5,0.5,0.25,0.25,Entropia potencial
4111605,0.00010783407760356679,0.5,0.0,0.1750431336310414,0.0,1.0,0.0,0.0,0.0,1.0,90.0,64,0.5,0.5,0.25,0.25,Entropia potencial
4111704,0.00014603793333759125,0.5,0.0,0.17505841517333504,0.0,1.0,0.0,0.0,0.0,1.0,90.0,64,0.5,0.5,0.25,0.25,Entropia potencial
4111803,0.001885343048672445,0.5,0.0,0.17575413721946898,0.0,1.0,0.0,0.0,0.0,1.0,90.0,64,0.5,0.5,0.25,0.25,Entropia potencial
4111902,0.001332677939905128,0.5,0.0,0.17553307117596204,0.0,1.0,0.0,0.0,0.0,1.0,90.0,64,0.5,0.5,0.25,0.25,Entropia potencial
4112009,0.0019970960396969543,0.5,0.0,0.17579883841587876,0.0,1.0,0.0,0.0,0.0,1.0,90.0,64,0.5,0.5,0.25,0.25,Entropia potencial
4112108,0.0009052933150499337,0.5,0.0,0.17536211732601997,0.0,1.0,0.0,0.0,0.0,1.0,90.0,64,0.5,0.5,0.25,0.25,Entropia potencial
4112207,0.00019917108373861147,0.5,0.0,0.17507966843349543,0.0,1.0,0.0,0.0,0.0,1.0,90.0,64,0.5,0.5,0.25,0.25,Entropia potencial
4112306,0.0001690587746255462,0.5,0.0,0.1750676235098502,0.0,1.0,0.0,0.0,0.0,1.0,90.0,64,0.5,0.5,0.25,0.25,Entropia potencial
4112405,0.00036237844595927017,0.5,0.0,0.1751449513783837,0.0,1.0,0.0,0.0,0.0,1.0,90.0,64,0.5,0.5,0.25,0.25,Entropia potencial
4112504,0.00038100887790350375,0.5,0.0,0.17515240355116138,0.0,1.0,0.0,0.0,0.0,1.0,90.0,64,0.5,0.5,0.25,0.25,Entropia potencial
4112603,3.355444078249865e-05,0.5,0.0,0.175013421776313,0.0,1.0,0.0,0.0,0.0,1.0,90.0,64,0.5,0.5,0.25,0.25,Entropia potencial
4112702,0.0002977021027761421,0.5,0.0,0.17511908084111044,0.0,1.0,0.0,0.0,0.0,1.0,90.0,64,0.5,0.5,0.25,0.25,Entropia potencial
4112751,0.00043557765938778275,0.5,0.0,0.1751742310637551,0.0,1.0,0.0,0.0,0.0,1.0,90.0,64,0.5,0.5,0.25,0.25,Entropia potencial
4112801,0.0008731575906987555,0.5,0.0,0.17534926303627948,0.0,1.0,0.0,0.0,0.0,1.0,90.0,64,0.5,0.5,0.25,0.25,Entropia potencial
4112900,0.00014938492008987199,0.5,0.0,0.17505975396803594,0.0,1.0,0.0,0.0,0.0,1.0,90.0,64,0.5,0.5,0.25,0.25,Entropia potencial
4112959,0.00040804272036380795,0.5,0.0,0.1751632170881455,0.0,1.0,0.0,0.0,0.0,1.0,90.0,64,0.5,0.5,0.25,0.25,Entropia potencial
4113007,0.00037586682371427646,0.5,0.0,0.1751503467294857,0.0,1.0,0.0,0.0,0.0,1.0,90.0,64,0.5,0.5,0.25,0.25,Entropia potencial
4113106,0.00014152066410433298,0.5,0.0,0.17505660826564173,0.0,1.0,0.0,0.0,0.0,1.0,90.0,64,0.5,0.5,0.25,0.25,Entropia potencial
4113205,0.0026643198573790376,0.5,0.0,0.1760657279429516,0.0,1.0,0.0,0.0,0.0,1.0,90.0,64,0.5,0.5,0.25,0.25,Entropia potencial
4113254,9.521997592061865e-05,0.5,0.0,0.17503808799036824,0.0,1.0,0.0,0.0,0.0,1.0,90.0,64,0.5,0.5,0.25,0.25,Entropia potencial
4113304,0.00116733933154025,0.5,0.0,0.1754669357326161,0.0,1.0,0.0,0.0,0.0,1.0,90.0,64,0.5,0.5,0.25,0.25,Entropia potencial
4113403,0.0001730104601846193,0.5,0.0,0.17506920418407385,0.0,1.0,0.0,0.0,0.0,1.0,90.0,64,0.5,0.5,0.25,0.25,Entropia potencial
4113429,0.00011325945221275969,0.5,0.0,0.1750453037808851,0.0,1.0,0.0,0.0,0.0,1.0,90.0,64,0.5,0.5,0.25,0.25,Entropia potencial
4113452,0.00022329666323128326,0.5,0.0,0.1750893186652925,0.0,1.0,0.0,0.0,0.0,1.0,90.0,64,0.5,0.5,0.25,0.25,Entropia potencial
4113502,0.0007670773510680358,0.5,0.0,0.1753068309404272,0.0,1.0,0.0,0.0,0.0,1.0,90.0,64,0.5,0.5,0.25,0.25,Entropia potencial
4113601,0.00025763023516868743,0.5,0.0,0.17510305209406746,0.0,1.0,0.0,0.0,0.0,1.0,90.0,64,0.5,0.5,0.25,0.25,Entropia potencial
4113700,0.027691543328945058,0.5,0.0,0.18607661733157801,0.0,1.0,0.0,0.0,0.0,1.0,90.0,64,0.5,0.5,0.25,0.25,Entropia potencial
4113734,0.00048482995433472126,0.5,0.0,0.17519393198173389,0.0,1.0,0.0,0.0,0.0,1.0,90.0,64,0.5,0.5,0.25,0.25,Entropia potencial
4113759,0.00011102248949392647,0.5,0.0,0.17504440899579757,0.0,1.0,0.0,0.0,0.0,1.0,90.0,64,0.5,0.5,0.25,0.25,Entropia potencial
4113809,0.0001302893352173366,0.5,0.0,0.1750521157340869,0.0,1.0,0.0,0.0,0.0,1.0,90.0,64,0.5,0.5,0.25,0.25,Entropia potencial
4113908,0.0008798198492309328,0.5,0.0,0.17535192793969237,0.0,1.0,0.0,0.0,0.0,1.0,90.0,64,0.5,0.5,0.25,0.25,Entropia potencial
4114005,0.000809666330317051,0.5,0.0,0.1753238665321268,0.0,1.0,0.0,0.0,0.0,1.0,90.0,64,0.5,0.5,0.25,0.25,Entropia potencial
4114104,0.0008329313768923643,0.5,0.0,0.17533317255075692,0.0,1.0,0.0,0.0,0.0,1.0,90.0,64,0.5,0.5,0.25,0.25,Entropia potencial
4114203,0.002765444103991851,0.5,0.0,0.17610617764159672,0.0,1.0,0.0,0.0,0.0,1.0,90.0,64,0.5,0.5,0.25,0.25,Entropia potencial
4114302,0.0007492683369085533,0.5,0.0,0.1752997073347634,0.0,1.0,0.0,0.0,0.0,1.0,90.0,64,0.5,0.5,0.25,0.25,Entropia potencial
4114351,6.0446623032820034e-05,0.5,0.0,0.17502417864921313,0.0,1.0,0.0,0.0,0.0,1.0,90.0,64,0.5,0.5,0.25,0.25,Entropia potencial
4114401,0.0017959057693832147,0.5,0.0,0.17571836230775328,0.0,1.0,0.0,0.0,0.0,1.0,90.0,64,0.5,0.5,0.25,0.25,Entropia potencial
4114500,0.0006478047400912291,0.5,0.0,0.17525912189603648,0.0,1.0,0.0,0.0,0.0,1.0,90.0,64,0.5,0.5,0.25,0.25,Entropia potencial
4114609,0.0038166072630257393,0.5,0.0,0.17652664290521028,0.0,1.0,0.0,0.0,0.0,1.0,90.0,64,0.5,0.5,0.25,0.25,Entropia potencial
4114708,0.00012428674811075098,0.5,0.0,0.1750497146992443,0.0,1.0,0.0,0.0,0.0,1.0,90.0,64,0.5,0.5,0.25,0.25,Entropia potencial
4114807,0.002893855912844042,0.5,0.0,0.17615754236513761,0.0,1.0,0.0,0.0,0.0,1.0,90.0,64,0.5,0.5,0.25,0.25,Entropia potencial
4114906,0.0005003163753499331,0.5,0.0,0.17520012655013997,0.0,1.0,0.0,0.0,0.0,1.0,90.0,64,0.5,0.5,0.25,0.25,Entropia potencial
4115002,0.00020071771722521498,0.5,0.0,0.17508028708689008,0.0,1.0,0.0,0.0,0.0,1.0,90.0,64,0.5,0.5,0.25,0.25,Entropia potencial
4115101,0.0002499192682163388,0.5,0.0,0.17509996770728653,0.0,1.0,0.0,0.0,0.0,1.0,90.0,64,0.5,0.5,0.25,0.25,Entropia potencial
4115200,0.02817066987407935,0.5,0.0,0.18626826794963172,0.0,1.0,0.0,0.0,0.0,1.0,90.0,64,0.5,0.5,0.25,0.25,Entropia potencial
4115309,0.0006446247855268386,0.5,0.0,0.17525784991421073,0.0,1.0,0.0,0.0,0.0,1.0,90.0,64,0.5,0.5,0.25,0.25,Entropia potencial
4115358,0.0003721931727464383,0.5,0.0,0.17514887726909856,0.0,1.0,0.0,0.0,0.0,1.0,90.0,64,0.5,0.5,0.25,0.25,Entropia potencial
4115408,0.0006593627331937828,0.5,0.0,0.1752637450932775,0.0,1.0,0.0,0.0,0.0,1.0,90.0,64,0.5,0.5,0.25,0.25,Entropia potencial
4115457,0.00011104468997459539,0.5,0.0,0.17504441787598982,0.0,1.0,0.0,0.0,0.0,1.0,90.0,64,0.5,0.5,0.25,0.25,Entropia potencial
4115507,9.280223785919538e-05,0.5,0.0,0.17503712089514367,0.0,1.0,0.0,0.0,0.0,1.0,90.0,64,0.5,0.5,0.25,0.25,Entropia potencial
4115606,0.0013397038634539774,0.5,0.0,0.17553588154538158,0.0,1.0,0.0,0.0,0.0,1.0,90.0,64,0.5,0.5,0.25,0.25,Entropia potencial
4115705,0.0010354727050296718,0.5,0.0,0.17541418908201187,0.0,1.0,0.0,0.0,0.0,1.0,90.0,64,0.5,0.5,0.25,0.25,Entropia potencial
4115739,0.0001167882714733766,0.5,0.0,0.17504671530858934,0.0,1.0,0.0,0.0,0.0,1.0,90.0,64,0.5,0.5,0.25,0.25,Entropia potencial
4115754,0.0005530953752259963,0.5,0.0,0.17522123815009039,0.0,1.0,0.0,0.0,0.0,1.0,90.0,64,0.5,0.5,0.25,0.25,Entropia potencial
4115804,0.0027734658776735646,0.5,0.0,0.1761093863510694,0.0,1.0,0.0,0.0,0.0,1.0,90.0,64,0.5,0.5,0.25,0.25,Entropia potencial
4115853,0.00025531187068740134,0.5,0.0,0.17510212474827494,0.0,1.0,0.0,0.0,0.0,1.0,90.0,64,0.5,0.5,0.25,0.25,Entropia potencial
4115903,0.00011094848789169662,0.5,0.0,0.17504437939515666,0.0,1.0,0.0,0.0,0.0,1.0,90.0,64,0.5,0.5,0.25,0.25,Entropia potencial
4116000,4.259955090647654e-05,0.5,0.0,0.17501703982036257,0.0,1.0,0.0,0.0,0.0,1.0,90.0,64,0.5,0.5,0.25,0.25,Entropia potencial
4116059,0.00043396971028790307,0.5,0.0,0.17517358788411516,0.0,1.0,0.0,0.0,0.0,1.0,90.0,64,0.5,0.5,0.25,0.25,Entropia potencial
4116109,0.00026522702822045287,0.5,0.0,0.17510609081128817,0.0,1.0,0.0,0.0,0.0,1.0,90.0,64,0.5,0.5,0.25,0.25,Entropia potencial
4116208,0.0004172538055099299,0.5,0.0,0.17516690152220396,0.0,1.0,0.0,0.0,0.0,1.0,90.0,64,0.5,0.5,0.25,0.25,Entropia potencial
4116307,0.00013395030019622105,0.5,0.0,0.1750535801200785,0.0,1.0,0.0,0.0,0.0,1.0,90.0,64,0.5,0.5,0.25,0.25,Entropia potencial
4116406,8.743712169753247e-05,0.5,0.0,0.175034974848679,0.0,1.0,0.0,0.0,0.0,1.0,90.0,64,0.5,0.5,0.25,0.25,Entropia potencial
4116505,3.2042693765517774e-05,0.5,0.0,0.17501281707750618,0.0,1.0,0.0,0.0,0.0,1.0,90.0,64,0.5,0.5,0.25,0.25,Entropia potencial
4116604,8.602580542643494e-05,0.5,0.0,0.17503441032217057,0.0,1.0,0.0,0.0,0.0,1.0,90.0,64,0.5,0.5,0.25,0.25,Entropia potencial
4116703,0.0008780205531310017,0.5,0.0,0.17535120822125239,0.0,1.0,0.0,0.0,0.0,1.0,90.0,64,0.5,0.5,0.25,0.25,Entropia potencial
4116802,0.00033172698231567326,0.5,0.0,0.17513269079292626,0.0,1.0,0.0,0.0,0.0,1.0,90.0,64,0.5,0.5,0.25,0.25,Entropia potencial
4116901,0.0011255770559047166,0.5,0.0,0.17545023082236189,0.0,1.0,0.0,0.0,0.0,1.0,90.0,64,0.5,0.5,0.25,0.25,Entropia potencial
4116950,0.00015221706712378232,0.5,0.0,0.1750608868268495,0.0,1.0,0.0,0.0,0.0,1.0,90.0,64,0.5,0.5,0.25,0.25,Entropia potencial
4117008,0.0003545067898135082,0.5,0.0,0.1751418027159254,0.0,1.0,0.0,0.0,0.0,1.0,90.0,64,0.5,0.5,0.25,0.25,Entropia potencial
4117057,0.0003132900117029834,0.5,0.0,0.17512531600468118,0.0,1.0,0.0,0.0,0.0,1.0,90.0,64,0.5,0.5,0.25,0.25,Entropia potencial
4117107,0.0006089380414343745,0.5,0.0,0.17524357521657374,0.0,1.0,0.0,0.0,0.0,1.0,90.0,64,0.5,0.5,0.25,0.25,Entropia potencial
4117206,9.600439290425488e-05,0.5,0.0,0.1750384017571617,0.0,1.0,0.0,0.0,0.0,1.0,90.0,64,0.5,0.5,0.25,0.25,Entropia potencial
4117214,0.00011322350857739092,0.5,0.0,0.17504528940343095,0.0,1.0,0.0,0.0,0.0,1.0,90.0,64,0.5,0.5,0.25,0.25,Entropia potencial
4117222,0.00037032410370726196,0.5,0.0,0.17514812964148288,0.0,1.0,0.0,0.0,0.0,1.0,90.0,64,0.5,0.5,0.25,0.25,Entropia potencial
4117255,0.00041512890236018756,0.5,0.0,0.17516605156094406,0.0,1.0,0.0,0.0,0.0,1.0,90.0,64,0.5,0.5,0.25,0.25,Entropia potencial
4117271,0.00021090562352077074,0.5,0.0,0.1750843622494083,0.0,1.0,0.0,0.0,0.0,1.0,90.0,64,0.5,0.5,0.25,0.25,Entropia potencial
4117297,8.573931350923088e-05,0.5,0.0,0.1750342957254037,0.0,1.0,0.0,0.0,0.0,1.0,90.0,64,0.5,0.5,0.25,0.25,Entropia potencial
4117305,0.0032595665452351467,0.5,0.0,0.17630382661809404,0.0,1.0,0.0,0.0,0.0,1.0,90.0,64,0.5,0.5,0.25,0.25,Entropia potencial
4117404,0.0001203614916953314,0.5,0.0,0.1750481445966781,0.0,1.0,0.0,0.0,0.0,1.0,90.0,64,0.5,0.5,0.25,0.25,Entropia potencial
4117453,0.00022876432447032177,0.5,0.0,0.17509150572978813,0.0,1.0,0.0,0.0,0.0,1.0,90.0,64,0.5,0.5,0.25,0.25,Entropia potencial
4117503,0.0012287574898937731,0.5,0.0,0.1754915029959575,0.0,1.0,0.0,0.0,0.0,1.0,90.0,64,0.5,0.5,0.25,0.25,Entropia potencial
4117602,0.0016917622573994243,0.5,0.0,0.17567670490295975,0.0,1.0,0.0,0.0,0.0,1.0,90.0,64,0.5,0.5,0.25,0.25,Entropia potencial
4117701,0.0020546999440384027,0.5,0.0,0.17582187997761534,0.0,1.0,0.0,0.0,0.0,1.0,90.0,64,0.5,0.5,0.25,0.25,Entropia potencial
4117800,0.0003766512406979127,0.5,0.0,0.17515066049627914,0.0,1.0,0.0,0.0,0.0,1.0,90.0,64,0.5,0.5,0.25,0.25,Entropia potencial
4117909,0.003265316469728405,0.5,0.0,0.17630612658789135,0.0,1.0,0.0,0.0,0.0,1.0,90.0,64,0.5,0.5,0.25,0.25,Entropia potencial
4118006,0.0004072900183525559,0.5,0.0,0.17516291600734102,0.0,1.0,0.0,0.0,0.0,1.0,90.0,64,0.5,0.5,0.25,0.25,Entropia potencial
4118105,0.0003599511934061316,0.5,0.0,0.17514398047736243,0.0,1.0,0.0,0.0,0.0,1.0,90.0,64,0.5,0.5,0.25,0.25,Entropia potencial
4118204,0.017281069814522862,0.5,0.0,0.18191242792580914,0.0,1.0,0.0,0.0,0.0,1.0,90.0,64,0.5,0.5,0.25,0.25,Entropia potencial
4118303,6.180508101661054e-05,0.5,0.0,0.17502472203240663,0.0,1.0,0.0,0.0,0.0,1.0,90.0,64,0.5,0.5,0.25,0.25,Entropia potencial
4118402,0.003647981926356111,0.5,0.0,0.17645919277054242,0.0,1.0,0.0,0.0,0.0,1.0,90.0,64,0.5,0.5,0.25,0.25,Entropia potencial
4118451,0.00021386885910720248,0.5,0.0,0.17508554754364286,0.0,1.0,0.0,0.0,0.0,1.0,90.0,64,0.5,0.5,0.25,0.25,Entropia potencial
4118501,0.005733933804181918,0.5,0.0,0.17729357352167274,0.0,1.0,0.0,0.0,0.0,1.0,90.0,64,0.5,0.5,0.25,0.25,Entropia potencial
4118600,0.0005098329813966896,0.5,0.0,0.17520393319255867,0.0,1.0,0.0,0.0,0.0,1.0,90.0,64,0.5,0.5,0.25,0.25,Entropia potencial
4118709,0.00046622066570541055,0.5,0.0,0.17518648826628216,0.0,1.0,0.0,0.0,0.0,1.0,90.0,64,0.5,0.5,0.25,0.25,Entropia potencial
4118808,0.00037200605440937146,0.5,0.0,0.17514880242176373,0.0,1.0,0.0,0.0,0.0,1.0,90.0,64,0.5,0.5,0.25,0.25,Entropia potencial
4118857,0.00023463265152714753,0.5,0.0,0.17509385306061084,0.0,1.0,0.0,0.0,0.0,1.0,90.0,64,0.5,0.5,0.25,0.25,Entropia potencial
4118907,0.0003182830055220048,0.5,0.0,0.17512731320220878,0.0,1.0,0.0,0.0,0.0,1.0,90.0,64,0.5,0.5,0.25,0.25,Entropia potencial
4119004,0.00016328136382288852,0.5,0.0,0.17506531254552915,0.0,1.0,0.0,0.0,0.0,1.0,90.0,64,0.5,0.5,0.25,0.25,Entropia potencial
4119103,0.0009528530876373013,0.5,0.0,0.1753811412350549,0.0,1.0,0.0,0.0,0.0,1.0,90.0,64,0.5,0.5,0.25,0.25,Entropia potencial
4119152,0.009025820020608073,0.5,0.0,0.17861032800824322,0.0,1.0,0.0,0.0,0.0,1.0,90.0,64,0.5,0.5,0.25,0.25,Entropia potencial
4119202,0.00027433239679196074,0.5,0.0,0.17510973295871676,0.0,1.0,0.0,0.0,0.0,1.0,90.0,64,0.5,0.5,0.25,0.25,Entropia potencial
4119251,4.3882950122291076e-05,0.5,0.0,0.1750175531800489,0.0,1.0,0.0,0.0,0.0,1.0,90.0,64,0.5,0.5,0.25,0.25,Entropia potencial
4119301,0.0018799229598919828,0.5,0.0,0.17575196918395677,0.0,1.0,0.0,0.0,0.0,1.0,90.0,64,0.5,0.5,0.25,0.25,Entropia potencial
4119400,0.001424109033791579,0.5,0.0,0.17556964361351662,0.0,1.0,0.0,0.0,0.0,1.0,90.0,64,0.5,0.5,0.25,0.25,Entropia potencial
4119509,0.001765827289574026,0.5,0.0,0.1757063309158296,0.0,1.0,0.0,0.0,0.0,1.0,90.0,64,0.5,0.5,0.25,0.25,Entropia potencial
4119608,0.0014276600535328649,0.5,0.0,0.17557106402141315,0.0,1.0,0.0,0.0,0.0,1.0,90.0,64,0.5,0.5,0.25,0.25,Entropia potencial
4119657,0.00014128385897719753,0.5,0.0,0.17505651354359086,0.0,1.0,0.0,0.0,0.0,1.0,90.0,64,0.5,0.5,0.25,0.25,Entropia potencial
4119707,0.0001003694302700689,0.5,0.0,0.17504014777210802,0.0,1.0,0.0,0.0,0.0,1.0,90.0,64,0.5,0.5,0.25,0.25,Entropia potencial
4119806,0.0004089931123695882,0.5,0.0,0.17516359724494782,0.0,1.0,0.0,0.0,0.0,1.0,90.0,64,0.5,0.5,0.25,0.25,Entropia potencial
4119905,0.02460151868308144,0.5,0.0,0.18484060747323255,0.0,1.0,0.0,0.0,0.0,1.0,90.0,64,0.5,0.5,0.25,0.25,Entropia potencial
4119954,0.0007317912727933591,0.5,0.0,0.17529271650911732,0.0,1.0,0.0,0.0,0.0,1.0,90.0,64,0.5,0.5,0.25,0.25,Entropia potencial
4120002,0.0006956214039549088,0.5,0.0,0.17527824856158195,0.0,1.0,0.0,0.0,0.0,1.0,90.0,64,0.5,0.5,0.25,0.25,Entropia potencial
4120101,0.00023544138332294503,0.5,0.0,0.17509417655332918,0.0,1.0,0.0,0.0,0.0,1.0,90.0,64,0.5,0.5,0.25,0.25,Entropia potencial
4120150,0.00017254002142758678,0.5,0.0,0.17506901600857103,0.0,1.0,0.0,0.0,0.0,1.0,90.0,64,0.5,0.5,0.25,0.25,Entropia potencial
4120200,0.00010314449035368764,0.5,0.0,0.17504125779614146,0.0,1.0,0.0,0.0,0.0,1.0,90.0,64,0.5,0.5,0.25,0.25,Entropia potencial
4120309,7.436526724650551e-05,0.5,0.0,0.1750297461068986,0.0,1.0,0.0,0.0,0.0,1.0,90.0,64,0.5,0.5,0.25,0.25,Entropia potencial
4120333,0.0001873530278625071,0.5,0.0,0.175074941211145,0.0,1.0,0.0,0.0,0.0,1.0,90.0,64,0.5,0.5,0.25,0.25,Entropia potencial
4120358,0.00027289782287444813,0.5,0.0,0.17510915912914976,0.0,1.0,0.0,0.0,0.0,1.0,90.0,64,0.5,0.5,0.25,0.25,Entropia potencial
4120408,0.00017325677980347003,0.5,0.0,0.17506930271192137,0.0,1.0,0.0,0.0,0.0,1.0,90.0,64,0.5,0.5,0.25,0.25,Entropia potencial
4120507,0.0004650609548818944,0.5,0.0,0.17518602438195274,0.0,1.0,0.0,0.0,0.0,1.0,90.0,64,0.5,0.5,0.25,0.25,Entropia potencial
4120606,0.0016878496869729583,0.5,0.0,0.17567513987478917,0.0,1.0,0.0,0.0,0.0,1.0,90.0,64,0.5,0.5,0.25,0.25,Entropia potencial
4120655,0.00025872863037892734,0.5,0.0,0.17510349145215157,0.0,1.0,0.0,0.0,0.0,1.0,90.0,64,0.5,0.5,0.25,0.25,Entropia potencial
4120705,0.00022392250535299837,0.5,0.0,0.17508956900214118,0.0,1.0,0.0,0.0,0.0,1.0,90.0,64,0.5,0.5,0.25,0.25,Entropia potencial
4120804,0.002180698243492155,0.5,0.0,0.17587227929739685,0.0,1.0,0.0,0.0,0.0,1.0,90.0,64,0.5,0.5,0.25,0.25,Entropia potencial
4120853,0.0002453723983421886,0.5,0.0,0.17509814895933687,0.0,1.0,0.0,0.0,0.0,1.0,90.0,64,0.5,0.5,0.25,0.25,Entropia potencial
4120903,0.0017564988590300823,0.5,0.0,0.17570259954361203,0.0,1.0,0.0,0.0,0.0,1.0,90.0,64,0.5,0.5,0.25,0.25,Entropia potencial
4121000,0.0002423996482640416,0.5,0.0,0.1750969598593056,0.0,1.0,0.0,0.0,0.0,1.0,90.0,64,0.5,0.5,0.25,0.25,Entropia potencial
4121109,0.0002164737155056926,0.5,0.0,0.17508658948620226,0.0,1.0,0.0,0.0,0.0,1.0,90.0,64,0.5,0.5,0.25,0.25,Entropia potencial
4121208,0.0005711105367059761,0.5,0.0,0.17522844421468237,0.0,1.0,0.0,0.0,0.0,1.0,90.0,64,0.5,0.5,0.25,0.25,Entropia potencial
4121257,8.2135435480638e-05,0.5,0.0,0.17503285417419223,0.0,1.0,0.0,0.0,0.0,1.0,90.0,64,0.5,0.5,0.25,0.25,Entropia potencial
4121307,0.0001621079098446726,0.5,0.0,0.17506484316393786,0.0,1.0,0.0,0.0,0.0,1.0,90.0,64,0.5,0.5,0.25,0.25,Entropia potencial
4121356,0.00016746034001738182,0.5,0.0,0.17506698413600694,0.0,1.0,0.0,0.0,0.0,1.0,90.0,64,0.5,0.5,0.25,0.25,Entropia potencial
4121406,0.0007690204217094419,0.5,0.0,0.17530760816868377,0.0,1.0,0.0,0.0,0.0,1.0,90.0,64,0.5,0.5,0.25,0.25,Entropia potencial
4121505,0.0005494766968769574,0.5,0.0,0.17521979067875076,0.0,1.0,0.0,0.0,0.0,1.0,90.0,64,0.5,0.5,0.25,0.25,Entropia potencial
4121604,0.0003447174350042474,0.5,0.0,0.17513788697400168,0.0,1.0,0.0,0.0,0.0,1.0,90.0,64,0.5,0.5,0.25,0.25,Entropia potencial
4121703,0.0008023623721769664,0.5,0.0,0.17532094494887077,0.0,1.0,0.0,0.0,0.0,1.0,90.0,64,0.5,0.5,0.25,0.25,Entropia potencial
4121752,0.0002561755751019981,0.5,0.0,0.17510247023004077,0.0,1.0,0.0,0.0,0.0,1.0,90.0,64,0.5,0.5,0.25,0.25,Entropia potencial
4121802,0.0005022700176488007,0.5,0.0,0.1752009080070595,0.0,1.0,0.0,0.0,0.0,1.0,90.0,64,0.5,0.5,0.25,0.25,Entropia potencial
4121901,0.00046327751626815545,0.5,0.0,0.17518531100650725,0.0,1.0,0.0,0.0,0.0,1.0,90.0,64,0.5,0.5,0.25,0.25,Entropia potencial
4122008,0.000980958896164192,0.5,0.0,0.17539238355846568,0.0,1.0,0.0,0.0,0.0,1.0,90.0,64,0.5,0.5,0.25,0.25,Entropia potencial
4122107,9.997405028101236e-05,0.5,0.0,0.17503998962011239,0.0,1.0,0.0,0.0,0.0,1.0,90.0,64,0.5,0.5,0.25,0.25,Entropia potencial
4122156,0.0005141589036298964,0.5,0.0,0.17520566356145195,0.0,1.0,0.0,0.0,0.0,1.0,90.0,64,0.5,0.5,0.25,0.25,Entropia potencial
4122172,0.00013752669191541427,0.5,0.0,0.17505501067676615,0.0,1.0,0.0,0.0,0.0,1.0,90.0,64,0.5,0.5,0.25,0.25,Entropia potencial
4122206,0.0017215944175897624,0.5,0.0,0.1756886377670359,0.0,1.0,0.0,0.0,0.0,1.0,90.0,64,0.5,0.5,0.25,0.25,Entropia potencial
4122305,0.0014194818193207222,0.5,0.0,0.17556779272772827,0.0,1.0,0.0,0.0,0.0,1.0,90.0,64,0.5,0.5,0.25,0.25,Entropia potencial
4122404,0.004403949522597956,0.5,0.0,0.17676157980903917,0.0,1.0,0.0,0.0,0.0,1.0,90.0,64,0.5,0.5,0.25,0.25,Entropia potencial
4122503,0.0006461946766598572,0.5,0.0,0.17525847787066393,0.0,1.0,0.0,0.0,0.0,1.0,90.0,64,0.5,0.5,0.25,0.25,Entropia potencial
4122602,0.0004032960461636372,0.5,0.0,0.17516131841846544,0.0,1.0,0.0,0.0,0.0,1.0,90.0,64,0.5,0.5,0.25,0.25,Entropia potencial
4122651,0.0001280407436752958,0.5,0.0,0.1750512162974701,0.0,1.0,0.0,0.0,0.0,1.0,90.0,64,0.5,0.5,0.25,0.25,Entropia potencial
4122701,0.0007099523428095891,0.5,0.0,0.17528398093712383,0.0,1.0,0.0,0.0,0.0,1.0,90.0,64,0.5,0.5,0.25,0.25,Entropia potencial
4122800,0.00010936379643823206,0.5,0.0,0.1750437455185753,0.0,1.0,0.0,0.0,0.0,1.0,90.0,64,0.5,0.5,0.25,0.25,Entropia potencial
4122909,9.697487105921183e-05,0.5,0.0,0.17503878994842367,0.0,1.0,0.0,0.0,0.0,1.0,90.0,64,0.5,0.5,0.25,0.25,Entropia potencial
4123006,0.000494814884807018,0.5,0.0,0.1751979259539228,0.0,1.0,0.0,0.0,0.0,1.0,90.0,64,0.5,0.5,0.25,0.25,Entropia potencial
4123105,0.000103358037834408,0.5,0.0,0.17504134321513376,0.0,1.0,0.0,0.0,0.0,1.0,90.0,64,0.5,0.5,0.25,0.25,Entropia potencial
4123204,0.0001733973828477067,0.5,0.0,0.17506935895313908,0.0,1.0,0.0,0.0,0.0,1.0,90.0,64,0.5,0.5,0.25,0.25,Entropia potencial
4123303,0.0003526525210947778,0.5,0.0,0.1751410610084379,0.0,1.0,0.0,0.0,0.0,1.0,90.0,64,0.5,0.5,0.25,0.25,Entropia potencial
4123402,0.00035252777553673324,0.5,0.0,0.17514101111021468,0.0,1.0,0.0,0.0,0.0,1.0,90.0,64,0.5,0.5,0.25,0.25,Entropia potencial
4123501,0.001627596525271682,0.5,0.0,0.17565103861010867,0.0,1.0,0.0,0.0,0.0,1.0,90.0,64,0.5,0.5,0.25,0.25,Entropia potencial
4123600,4.007292477320081e-05,0.5,0.0,0.17501602916990927,0.0,1.0,0.0,0.0,0.0,1.0,90.0,64,0.5,0.5,0.25,0.25,Entropia potencial
4123709,0.0002481654302434918,0.5,0.0,0.1750992661720974,0.0,1.0,0.0,0.0,0.0,1.0,90.0,64,0.5,0.5,0.25,0.25,Entropia potencial
4123808,0.0003991170699691439,0.5,0.0,0.17515964682798765,0.0,1.0,0.0,0.0,0.0,1.0,90.0,64,0.5,0.5,0.25,0.25,Entropia potencial
4123824,0.00014330410271807197,0.5,0.0,0.17505732164108723,0.0,1.0,0.0,0.0,0.0,1.0,90.0,64,0.5,0.5,0.25,0.25,Entropia potencial
4123857,0.00032259095593752726,0.5,0.0,0.175129036382375,0.0,1.0,0.0,0.0,0.0,1.0,90.0,64,0.5,0.5,0.25,0.25,Entropia potencial
4123907,0.00046578617058374677,0.5,0.0,0.1751863144682335,0.0,1.0,0.0,0.0,0.0,1.0,90.0,64,0.5,0.5,0.25,0.25,Entropia potencial
4123956,7.37457681192672e-05,0.5,0.0,0.1750294983072477,0.0,1.0,0.0,0.0,0.0,1.0,90.0,64,0.5,0.5,0.25,0.25,Entropia potencial
4124004,0.00018487714568504612,0.5,0.0,0.175073950858274,0.0,1.0,0.0,0.0,0.0,1.0,90.0,64,0.5,0.5,0.25,0.25,Entropia potencial
4124020,0.0006952545674409981,0.5,0.0,0.1752781018269764,0.0,1.0,0.0,0.0,0.0,1.0,90.0,64,0.5,0.5,0.25,0.25,Entropia potencial
4124053,0.0007142624075566038,0.5,0.0,0.17528570496302262,0.0,1.0,0.0,0.0,0.0,1.0,90.0,64,0.5,0.5,0.25,0.25,Entropia potencial
4124103,0.001859658149704216,0.5,0.0,0.17574386325988167,0.0,1.0,0.0,0.0,0.0,1.0,90.0,64,0.5,0.5,0.25,0.25,Entropia potencial
4124202,3.937730971224038e-05,0.5,0.0,0.17501575092388488,0.0,1.0,0.0,0.0,0.0,1.0,90.0,64,0.5,0.5,0.25,0.25,Entropia potencial
4124301,0.00010822734326113105,0.5,0.0,0.17504329093730445,0.0,1.0,0.0,0.0,0.0,1.0,90.0,64,0.5,0.5,0.25,0.25,Entropia potencial
4124400,0.0006813242944041051,0.5,0.0,0.17527252971776164,0.0,1.0,0.0,0.0,0.0,1.0,90.0,64,0.5,0.5,0.25,0.25,Entropia potencial
4124509,0.0007161473340819723,0.5,0.0,0.1752864589336328,0.0,1.0,0.0,0.0,0.0,1.0,90.0,64,0.5,0.5,0.25,0.25,Entropia potencial
4124608,0.000445859653434745,0.5,0.0,0.17517834386137388,0.0,1.0,0.0,0.0,0.0,1.0,90.0,64,0.5,0.5,0.25,0.25,Entropia potencial
4124707,0.0003692098510108299,0.5,0.0,0.1751476839404043,0.0,1.0,0.0,0.0,0.0,1.0,90.0,64,0.5,0.5,0.25,0.25,Entropia potencial
4124806,0.0011207310081244087,0.5,0.0,0.17544829240324974,0.0,1.0,0.0,0.0,0.0,1.0,90.0,64,0.5,0.5,0.25,0.25,Entropia potencial
4124905,0.00012889599076392345,0.5,0.0,0.17505155839630557,0.0,1.0,0.0,0.0,0.0,1.0,90.0,64,0.5,0.5,0.25,0.25,Entropia potencial
4125001,0.00034922413258004425,0.5,0.0,0.175139689653032,0.0,1.0,0.0,0.0,0.0,1.0,90.0,64,0.5,0.5,0.25,0.25,Entropia potencial
4125100,0.0007486742097592224,0.5,0.0,0.17529946968390367,0.0,1.0,0.0,0.0,0.0,1.0,90.0,64,0.5,0.5,0.25,0.25,Entropia potencial
4125209,0.00044961153466779755,0.5,0.0,0.1751798446138671,0.0,1.0,0.0,0.0,0.0,1.0,90.0,64,0.5,0.5,0.25,0.25,Entropia potencial
4125308,0.00031788868269869445,0.5,0.0,0.17512715547307947,0.0,1.0,0.0,0.0,0.0,1.0,90.0,64,0.5,0.5,0.25,0.25,Entropia potencial
4125357,0.00015918484655659418,0.5,0.0,0.17506367393862263,0.0,1.0,0.0,0.0,0.0,1.0,90.0,64,0.5,0.5,0.25,0.25,Entropia potencial
4125407,0.00025222177521143276,0.5,0.0,0.17510088871008456,0.0,1.0,0.0,0.0,0.0,1.0,90.0,64,0.5,0.5,0.25,0.25,Entropia potencial
4125456,7.228370789235492e-05,0.5,0.0,0.17502891348315694,0.0,1.0,0.0,0.0,0.0,1.0,90.0,64,0.5,0.5,0.25,0.25,Entropia potencial
4125506,0.033256384529197554,0.5,0.0,0.188302553811679,0.0,1.0,0.0,0.0,0.0,1.0,90.0,64,0.5,0.5,0.25,0.25,Entropia potencial
4125555,4.775640541614977e-05,0.5,0.0,0.17501910256216646,0.0,1.0,0.0,0.0,0.0,1.0,90.0,64,0.5,0.5,0.25,0.25,Entropia potencial
4125605,0.0019372298006587656,0.5,0.0,0.1757748919202635,0.0,1.0,0.0,0.0,0.0,1.0,90.0,64,0.5,0.5,0.25,0.25,Entropia potencial
4125704,0.0014747842738328226,0.5,0.0,0.1755899137095331,0.0,1.0,0.0,0.0,0.0,1.0,90.0,64,0.5,0.5,0.25,0.25,Entropia potencial
4125753,0.0002171080149533769,0.5,0.0,0.17508684320598134,0.0,1.0,0.0,0.0,0.0,1.0,90.0,64,0.5,0.5,0.25,0.25,Entropia potencial
4125803,0.00040709549985526607,0.5,0.0,0.1751628381999421,0.0,1.0,0.0,0.0,0.0,1.0,90.0,64,0.5,0.5,0.25,0.25,Entropia potencial
4125902,7.366330919106823e-05,0.5,0.0,0.17502946532367641,0.0,1.0,0.0,0.0,0.0,1.0,90.0,64,0.5,0.5,0.25,0.25,Entropia potencial
4126009,0.0003062535164966724,0.5,0.0,0.17512250140659866,0.0,1.0,0.0,0.0,0.0,1.0,90.0,64,0.5,0.5,0.25,0.25,Entropia potencial
4126108,0.0001674962836527506,0.5,0.0,0.17506699851346108,0.0,1.0,0.0,0.0,0.0,1.0,90.0,64,0.5,0.5,0.25,0.25,Entropia potencial
4126207,0.00014439615493383508,0.5,0.0,0.17505775846197352,0.0,1.0,0.0,0.0,0.0,1.0,90.0,64,0.5,0.5,0.25,0.25,Entropia potencial
4126256,0.0023677457504540276,0.5,0.0,0.1759470983001816,0.0,1.0,0.0,0.0,0.0,1.0,90.0,64,0.5,0.5,0.25,0.25,Entropia potencial
4126272,0.0012059808538931766,0.5,0.0,0.17548239234155727,0.0,1.0,0.0,0.0,0.0,1.0,90.0,64,0.5,0.5,0.25,0.25,Entropia potencial
4126306,0.0006676392838203167,0.5,0.0,0.1752670557135281,0.0,1.0,0.0,0.0,0.0,1.0,90.0,64,0.5,0.5,0.25,0.25,Entropia potencial
4126355,0.00021763871215793942,0.5,0.0,0.17508705548486317,0.0,1.0,0.0,0.0,0.0,1.0,90.0,64,0.5,0.5,0.25,0.25,Entropia potencial
4126405,0.0003709964611218073,0.5,0.0,0.17514839858444872,0.0,1.0,0.0,0.0,0.0,1.0,90.0,64,0.5,0.5,0.25,0.25,Entropia potencial
4126504,0.0009248709675027091,0.5,0.0,0.17536994838700107,0.0,1.0,0.0,0.0,0.0,1.0,90.0,64,0.5,0.5,0.25,0.25,Entropia potencial
4126603,0.0008141043121193487,0.5,0.0,0.17532564172484774,0.0,1.0,0.0,0.0,0.0,1.0,90.0,64,0.5,0.5,0.25,0.25,Entropia potencial
4126652,0.0001560514072850338,0.5,0.0,0.175062420562914,0.0,1.0,0.0,0.0,0.0,1.0,90.0,64,0.5,0.5,0.25,0.25,Entropia potencial
4126678,0.00044571270739603147,0.5,0.0,0.1751782850829584,0.0,1.0,0.0,0.0,0.0,1.0,90.0,64,0.5,0.5,0.25,0.25,Entropia potencial
4126702,0.00013297136471529498,0.5,0.0,0.1750531885458861,0.0,1.0,0.0,0.0,0.0,1.0,90.0,64,0.5,0.5,0.25,0.25,Entropia potencial
4126801,0.0005497885607720688,0.5,0.0,0.17521991542430881,0.0,1.0,0.0,0.0,0.0,1.0,90.0,64,0.5,0.5,0.25,0.25,Entropia potencial
4126900,0.0001422099361708166,0.5,0.0,0.1750568839744683,0.0,1.0,0.0,0.0,0.0,1.0,90.0,64,0.5,0.5,0.25,0.25,Entropia potencial
4127007,0.0006070446575830369,0.5,0.0,0.1752428178630332,0.0,1.0,0.0,0.0,0.0,1.0,90.0,64,0.5,0.5,0.25,0.25,Entropia potencial
4127106,0.005334212035405982,0.5,0.0,0.1771336848141624,0.0,1.0,0.0,0.0,0.0,1.0,90.0,64,0.5,0.5,0.25,0.25,Entropia potencial
4127205,0.0006270007753729306,0.5,0.0,0.17525080031014917,0.0,1.0,0.0,0.0,0.0,1.0,90.0,64,0.5,0.5,0.25,0.25,Entropia potencial
4127304,0.00040931237642492265,0.5,0.0,0.17516372495056995,0.0,1.0,0.0,0.0,0.0,1.0,90.0,64,0.5,0.5,0.25,0.25,Entropia potencial
4127403,0.0007545901092746245,0.5,0.0,0.17530183604370983,0.0,1.0,0.0,0.0,0.0,1.0,90.0,64,0.5,0.5,0.25,0.25,Entropia potencial
4127502,0.0017573488202899793,0.5,0.0,0.17570293952811597,0.0,1.0,0.0,0.0,0.0,1.0,90.0,64,0.5,0.5,0.25,0.25,Entropia potencial
4127601,0.000650807090810268,0.5,0.0,0.1752603228363241,0.0,1.0,0.0,0.0,0.0,1.0,90.0,64,0.5,0.5,0.25,0.25,Entropia potencial
4127700,0.008895400654003962,0.5,0.0,0.17855816026160157,0.0,1.0,0.0,0.0,0.0,1.0,90.0,64,0.5,0.5,0.25,0.25,Entropia potencial
4127809,0.00036937159736998937,0.5,0.0,0.175147748638948,0.0,1.0,0.0,0.0,0.0,1.0,90.0,64,0.5,0.5,0.25,0.25,Entropia potencial
4127858,0.00045823272132757307,0.5,0.0,0.175183293088531,0.0,1.0,0.0,0.0,0.0,1.0,90.0,64,0.5,0.5,0.25,0.25,Entropia potencial
4127882,0.00011820275924171255,0.5,0.0,0.17504728110369666,0.0,1.0,0.0,0.0,0.0,1.0,90.0,64,0.5,0.5,0.25,0.25,Entropia potencial
4127908,0.00023039341688512426,0.5,0.0,0.17509215736675404,0.0,1.0,0.0,0.0,0.0,1.0,90.0,64,0.5,0.5,0.25,0.25,Entropia potencial
4127957,0.00044414598776025126,0.5,0.0,0.1751776583951041,0.0,1.0,0.0,0.0,0.0,1.0,90.0,64,0.5,0.5,0.25,0.25,Entropia potencial
4127965,0.0006475203625055173,0.5,0.0,0.1752590081450022,0.0,1.0,0.0,0.0,0.0,1.0,90.0,64,0.5,0.5,0.25,0.25,Entropia potencial
4128005,0.0018177817001680996,0.5,0.0,0.17572711268006722,0.0,1.0,0.0,0.0,0.0,1.0,90.0,64,0.5,0.5,0.25,0.25,Entropia potencial
4128104,0.004631843799659204,0.5,0.0,0.17685273751986366,0.0,1.0,0.0,0.0,0.0,1.0,90.0,64,0.5,0.5,0.25,0.25,Entropia potencial
4128203,0.002067792941804352,0.5,0.0,0.17582711717672173,0.0,1.0,0.0,0.0,0.0,1.0,90.0,64,0.5,0.5,0.25,0.25,Entropia potencial
4128302,8.733246228866457e-05,0.5,0.0,0.17503493298491546,0.0,1.0,0.0,0.0,0.0,1.0,90.0,64,0.5,0.5,0.25,0.25,Entropia potencial
4128401,0.00034391504620292677,0.5,0.0,0.17513756601848116,0.0,1.0,0.0,0.0,0.0,1.0,90.0,64,0.5,0.5,0.25,0.25,Entropia potencial
4128500,0.0008714502680187387,0.5,0.0,0.1753485801072075,0.0,1.0,0.0,0.0,0.0,1.0,90.0,64,0.5,0.5,0.25,0.25,Entropia potencial
4128534,0.0003977448688306536,0.5,0.0,0.17515909794753226,0.0,1.0,0.0,0.0,0.0,1.0,90.0,64,0.5,0.5,0.25,0.25,Entropia potencial
4128559,0.00028517151718713906,0.5,0.0,0.17511406860687484,0.0,1.0,0.0,0.0,0.0,1.0,90.0,64,0.5,0.5,0.25,0.25,Entropia potencial
4128609,0.000543979434997027,0.5,0.0,0.1752175917739988,0.0,1.0,0.0,0.0,0.0,1.0,90.0,64,0.5,0.5,0.25,0.25,Entropia potencial
4128625,0.00010292459987849042,0.5,0.0,0.17504116983995138,0.0,1.0,0.0,0.0,0.0,1.0,90.0,64,0.5,0.5,0.25,0.25,Entropia potencial
4128633,8.190180185074096e-05,0.5,0.0,0.17503276072074028,0.0,1.0,0.0,0.0,0.0,1.0,90.0,64,0.5,0.5,0.25,0.25,Entropia potencial
4128658,0.0001929581206485439,0.5,0.0,0.1750771832482594,0.0,1.0,0.0,0.0,0.0,1.0,90.0,64,0.5,0.5,0.25,0.25,Entropia potencial
4128708,0.0005277138828269096,0.5,0.0,0.17521108555313075,0.0,1.0,0.0,0.0,0.0,1.0,90.0,64,0.5,0.5,0.25,0.25,Entropia potencial
4128807,9.446304524638206e-05,0.5,0.0,0.17503778521809854,0.0,1.0,0.0,0.0,0.0,1.0,90.0,64,0.5,0.5,0.25,0.25,Entropia potencial
4200051,9.440595829609049e-05,0.5,0.0,0.17503776238331842,0.0,1.0,0.0,0.0,0.0,1.0,90.0,64,0.5,0.5,0.25,0.25,Entropia potencial
4200101,0.0010545101457861694,0.5,0.0,0.17542180405831445,0.0,1.0,0.0,0.0,0.0,1.0,90.0,64,0.5,0.5,0.25,0.25,Entropia potencial
4200200,0.0004535600487296322,0.5,0.0,0.17518142401949185,0.0,1.0,0.0,0.0,0.0,1.0,90.0,64,0.5,0.5,0.25,0.25,Entropia potencial
4200309,0.00022597023540327248,0.5,0.0,0.1750903880941613,0.0,1.0,0.0,0.0,0.0,1.0,90.0,64,0.5,0.5,0.25,0.25,Entropia potencial
4200408,0.000776222891937897,0.5,0.0,0.17531048915677513,0.0,1.0,0.0,0.0,0.0,1.0,90.0,64,0.5,0.5,0.25,0.25,Entropia potencial
4200507,0.00014675046305048992,0.5,0.0,0.17505870018522018,0.0,1.0,0.0,0.0,0.0,1.0,90.0,64,0.5,0.5,0.25,0.25,Entropia potencial
4200556,0.00019658737065504414,0.5,0.0,0.175078634948262,0.0,1.0,0.0,0.0,0.0,1.0,90.0,64,0.5,0.5,0.25,0.25,Entropia potencial
4200606,0.000201282243733654,0.5,0.0,0.17508051289749346,0.0,1.0,0.0,0.0,0.0,1.0,90.0,64,0.5,0.5,0.25,0.25,Entropia potencial
4200705,0.0003500011494034575,0.5,0.0,0.17514000045976139,0.0,1.0,0.0,0.0,0.0,1.0,90.0,64,0.5,0.5,0.25,0.25,Entropia potencial
4200754,6.45283399786684e-05,0.5,0.0,0.17502581133599146,0.0,1.0,0.0,0.0,0.0,1.0,90.0,64,0.5,0.5,0.25,0.25,Entropia potencial
4200804,0.00021199027557631086,0.5,0.0,0.1750847961102305,0.0,1.0,0.0,0.0,0.0,1.0,90.0,64,0.5,0.5,0.25,0.25,Entropia potencial
4200903,0.0001336902374226705,0.5,0.0,0.17505347609496905,0.0,1.0,0.0,0.0,0.0,1.0,90.0,64,0.5,0.5,0.25,0.25,Entropia potencial
4201000,0.0002042232788394168,0.5,0.0,0.17508168931153575,0.0,1.0,0.0,0.0,0.0,1.0,90.0,64,0.5,0.5,0.25,0.25,Entropia potencial
4201109,7.733378866166797e-05,0.5,0.0,0.17503093351546464,0.0,1.0,0.0,0.0,0.0,1.0,90.0,64,0.5,0.5,0.25,0.25,Entropia potencial
4201208,0.000843532634994661,0.5,0.0,0.17533741305399786,0.0,1.0,0.0,0.0,0.0,1.0,90.0,64,0.5,0.5,0.25,0.25,Entropia potencial
4201257,0.0004891262759270362,0.5,0.0,0.1751956505103708,0.0,1.0,0.0,0.0,0.0,1.0,90.0,64,0.5,0.5,0.25,0.25,Entropia potencial
4201273,0.0003443780847997363,0.5,0.0,0.1751377512339199,0.0,1.0,0.0,0.0,0.0,1.0,90.0,64,0.5,0.5,0.25,0.25,Entropia potencial
4201307,0.00842016025015248,0.5,0.0,0.17836806410006098,0.0,1.0,0.0,0.0,0.0,1.0,90.0,64,0.5,0.5,0.25,0.25,Entropia potencial
4201406,0.0028255619484776214,0.5,0.0,0.17613022477939103,0.0,1.0,0.0,0.0,0.0,1.0,90.0,64,0.5,0.5,0.25,0.25,Entropia potencial
4201505,0.00028033921256153093,0.5,0.0,0.1751121356850246,0.0,1.0,0.0,0.0,0.0,1.0,90.0,64,0.5,0.5,0.25,0.25,Entropia potencial
4201604,0.00012266399869042535,0.5,0.0,0.17504906559947617,0.0,1.0,0.0,0.0,0.0,1.0,90.0,64,0.5,0.5,0.25,0.25,Entropia potencial
4201653,0.0001724776486485645,0.5,0.0,0.17506899105945942,0.0,1.0,0.0,0.0,0.0,1.0,90.0,64,0.5,0.5,0.25,0.25,Entropia potencial
4201703,0.0002690624255474505,0.5,0.0,0.17510762497021898,0.0,1.0,0.0,0.0,0.0,1.0,90.0,64,0.5,0.5,0.25,0.25,Entropia potencial
4201802,0.00012599512795651398,0.5,0.0,0.17505039805118258,0.0,1.0,0.0,0.0,0.0,1.0,90.0,64,0.5,0.5,0.25,0.25,Entropia potencial
4201901,0.00040942549315975966,0.5,0.0,0.1751637701972639,0.0,1.0,0.0,0.0,0.0,1.0,90.0,64,0.5,0.5,0.25,0.25,Entropia potencial
4201950,0.0002440784274689127,0.5,0.0,0.17509763137098755,0.0,1.0,0.0,0.0,0.0,1.0,90.0,64,0.5,0.5,0.25,0.25,Entropia potencial
4202008,0.00841535331750478,0.5,0.0,0.1783661413270019,0.0,1.0,0.0,0.0,0.0,1.0,90.0,64,0.5,0.5,0.25,0.25,Entropia potencial
4202057,0.00027606614861563114,0.5,0.0,0.17511042645944624,0.0,1.0,0.0,0.0,0.0,1.0,90.0,64,0.5,0.5,0.25,0.25,Entropia potencial
4202073,0.0002514849306863728,0.5,0.0,0.17510059397227454,0.0,1.0,0.0,0.0,0.0,1.0,90.0,64,0.5,0.5,0.25,0.25,Entropia potencial
4202081,9.239417188118516e-05,0.5,0.0,0.17503695766875246,0.0,1.0,0.0,0.0,0.0,1.0,90.0,64,0.5,0.5,0.25,0.25,Entropia potencial
4202099,3.6784082136957804e-05,0.5,0.0,0.17501471363285478,0.0,1.0,0.0,0.0,0.0,1.0,90.0,64,0.5,0.5,0.25,0.25,Entropia potencial
4202107,0.0026781031843772173,0.5,0.0,0.17607124127375087,0.0,1.0,0.0,0.0,0.0,1.0,90.0,64,0.5,0.5,0.25,0.25,Entropia potencial
4202131,0.00020136470266185296,0.5,0.0,0.17508054588106473,0.0,1.0,0.0,0.0,0.0,1.0,90.0,64,0.5,0.5,0.25,0.25,Entropia potencial
4202156,5.571369198734912e-05,0.5,0.0,0.17502228547679494,0.0,1.0,0.0,0.0,0.0,1.0,90.0,64,0.5,0.5,0.25,0.25,Entropia potencial
4202206,0.0004669310810868169,0.5,0.0,0.17518677243243472,0.0,1.0,0.0,0.0,0.0,1.0,90.0,64,0.5,0.5,0.25,0.25,Entropia potencial
4202305,0.0031184338609596476,0.5,0.0,0.17624737354438386,0.0,1.0,0.0,0.0,0.0,1.0,90.0,64,0.5,0.5,0.25,0.25,Entropia potencial
4202404,0.024071950531535803,0.5,0.0,0.1846287802126143,0.0,1.0,0.0,0.0,0.0,1.0,90.0,64,0.5,0.5,0.25,0.25,Entropia potencial
4202438,0.00011712762167788768,0.5,0.0,0.17504685104867115,0.0,1.0,0.0,0.0,0.0,1.0,90.0,64,0.5,0.5,0.25,0.25,Entropia potencial
4202453,0.0009989455141690261,0.5,0.0,0.1753995782056676,0.0,1.0,0.0,0.0,0.0,1.0,90.0,64,0.5,0.5,0.25,0.25,Entropia potencial
4202503,0.00026402820226432955,0.5,0.0,0.1751056112809057,0.0,1.0,0.0,0.0,0.0,1.0,90.0,64,0.5,0.5,0.25,0.25,Entropia potencial
4202537,0.00016835047357563208,0.5,0.0,0.17506734018943024,0.0,1.0,0.0,0.0,0.0,1.0,90.0,64,0.5,0.5,0.25,0.25,Entropia potencial
4202578,6.635300805650686e-05,0.5,0.0,0.17502654120322259,0.0,1.0,0.0,0.0,0.0,1.0,90.0,64,0.5,0.5,0.25,0.25,Entropia potencial
4202602,0.0004190044719855385,0.5,0.0,0.1751676017887942,0.0,1.0,0.0,0.0,0.0,1.0,90.0,64,0.5,0.5,0.25,0.25,Entropia potencial
4202701,0.00046925684572832595,0.5,0.0,0.17518770273829132,0.0,1.0,0.0,0.0,0.0,1.0,90.0,64,0.5,0.5,0.25,0.25,Entropia potencial
4202800,0.002052633185004698,0.5,0.0,0.17582105327400188,0.0,1.0,0.0,0.0,0.0,1.0,90.0,64,0.5,0.5,0.25,0.25,Entropia potencial
4202859,0.00025161496207314814,0.5,0.0,0.17510064598482925,0.0,1.0,0.0,0.0,0.0,1.0,90.0,64,0.5,0.5,0.25,0.25,Entropia potencial
4202875,9.726770597089275e-05,0.5,0.0,0.17503890708238834,0.0,1.0,0.0,0.0,0.0,1.0,90.0,64,0.5,0.5,0.25,0.25,Entropia potencial
4202909,0.010464068646254281,0.5,0.0,0.1791856274585017,0.0,1.0,0.0,0.0,0.0,1.0,90.0,64,0.5,0.5,0.25,0.25,Entropia potencial
4203006,0.0051812412091052015,0.5,0.0,0.17707249648364207,0.0,1.0,0.0,0.0,0.0,1.0,90.0,64,0.5,0.5,0.25,0.25,Entropia potencial
4203105,0.00033649691416225906,0.5,0.0,0.1751345987656649,0.0,1.0,0.0,0.0,0.0,1.0,90.0,64,0.5,0.5,0.25,0.25,Entropia potencial
4203154,8.962228329480484e-05,0.5,0.0,0.17503584891331792,0.0,1.0,0.0,0.0,0.0,1.0,90.0,64,0.5,0.5,0.25,0.25,Entropia potencial
4203204,0.002685085764130475,0.5,0.0,0.1760740343056522,0.0,1.0,0.0,0.0,0.0,1.0,90.0,64,0.5,0.5,0.25,0.25,Entropia potencial
4203253,0.00018359374646923158,0.5,0.0,0.17507343749858767,0.0,1.0,0.0,0.0,0.0,1.0,90.0,64,0.5,0.5,0.25,0.25,Entropia potencial
4203303,0.0007925296735721138,0.5,0.0,0.17531701186942883,0.0,1.0,0.0,0.0,0.0,1.0,90.0,64,0.5,0.5,0.25,0.25,Entropia potencial
4203402,0.0003001198408375654,0.5,0.0,0.175120047936335,0.0,1.0,0.0,0.0,0.0,1.0,90.0,64,0.5,0.5,0.25,0.25,Entropia potencial
4203501,0.0004927016104804832,0.5,0.0,0.17519708064419218,0.0,1.0,0.0,0.0,0.0,1.0,90.0,64,0.5,0.5,0.25,0.25,Entropia potencial
4203600,0.003391498716021986,0.5,0.0,0.17635659948640878,0.0,1.0,0.0,0.0,0.0,1.0,90.0,64,0.5,0.5,0.25,0.25,Entropia potencial
4203709,0.0003625645071305909,0.5,0.0,0.17514502580285224,0.0,1.0,0.0,0.0,0.0,1.0,90.0,64,0.5,0.5,0.25,0.25,Entropia potencial
4203808,0.0025341182669186306,0.5,0.0,0.17601364730676744,0.0,1.0,0.0,0.0,0.0,1.0,90.0,64,0.5,0.5,0.25,0.25,Entropia potencial
4203907,0.0013316376888109255,0.5,0.0,0.17553265507552435,0.0,1.0,0.0,0.0,0.0,1.0,90.0,64,0.5,0.5,0.25,0.25,Entropia potencial
4203956,0.0006036384695489724,0.5,0.0,0.17524145538781957,0.0,1.0,0.0,0.0,0.0,1.0,90.0,64,0.5,0.5,0.25,0.25,Entropia potencial
4204004,0.0006391729817739921,0.5,0.0,0.17525566919270957,0.0,1.0,0.0,0.0,0.0,1.0,90.0,64,0.5,0.5,0.25,0.25,Entropia potencial
4204103,0.00020300013807113227,0.5,0.0,0.17508120005522845,0.0,1.0,0.0,0.0,0.0,1.0,90.0,64,0.5,0.5,0.25,0.25,Entropia potencial
4204152,6.598088571386541e-05,0.5,0.0,0.17502639235428555,0.0,1.0,0.0,0.0,0.0,1.0,90.0,64,0.5,0.5,0.25,0.25,Entropia potencial
4204178,9.053778883096248e-05,0.5,0.0,0.17503621511553238,0.0,1.0,0.0,0.0,0.0,1.0,90.0,64,0.5,0.5,0.25,0.25,Entropia potencial
4204194,9.517980362226531e-05,0.5,0.0,0.1750380719214489,0.0,1.0,0.0,0.0,0.0,1.0,90.0,64,0.5,0.5,0.25,0.25,Entropia potencial
4204202,0.016486125574386563,0.5,0.0,0.18159445022975462,0.0,1.0,0.0,0.0,0.0,1.0,90.0,64,0.5,0.5,0.25,0.25,Entropia potencial
4204251,0.001034917693012948,0.5,0.0,0.17541396707720516,0.0,1.0,0.0,0.0,0.0,1.0,90.0,64,0.5,0.5,0.25,0.25,Entropia potencial
4204301,0.005387030150414652,0.5,0.0,0.17715481206016584,0.0,1.0,0.0,0.0,0.0,1.0,90.0,64,0.5,0.5,0.25,0.25,Entropia potencial
4204350,0.00045311921061349164,0.5,0.0,0.1751812476842454,0.0,1.0,0.0,0.0,0.0,1.0,90.0,64,0.5,0.5,0.25,0.25,Entropia potencial
4204400,0.00040855438858493993,0.5,0.0,0.17516342175543395,0.0,1.0,0.0,0.0,0.0,1.0,90.0,64,0.5,0.5,0.25,0.25,Entropia potencial
4204459,3.531990757855324e-05,0.5,0.0,0.17501412796303142,0.0,1.0,0.0,0.0,0.0,1.0,90.0,64,0.5,0.5,0.25,0.25,Entropia potencial
4204509,0.0008638228171603352,0.5,0.0,0.17534552912686413,0.0,1.0,0.0,0.0,0.0,1.0,90.0,64,0.5,0.5,0.25,0.25,Entropia potencial
4204558,0.0006649297680129587,0.5,0.0,0.17526597190720516,0.0,1.0,0.0,0.0,0.0,1.0,90.0,64,0.5,0.5,0.25,0.25,Entropia potencial
4204608,0.011829789358720776,0.5,0.0,0.1797319157434883,0.0,1.0,0.0,0.0,0.0,1.0,90.0,64,0.5,0.5,0.25,0.25,Entropia potencial
4204707,0.0010492750610112819,0.5,0.0,0.1754197100244045,0.0,1.0,0.0,0.0,0.0,1.0,90.0,64,0.5,0.5,0.25,0.25,Entropia potencial
4204756,6.148264546403769e-05,0.5,0.0,0.1750245930581856,0.0,1.0,0.0,0.0,0.0,1.0,90.0,64,0.5,0.5,0.25,0.25,Entropia potencial
4204806,0.002096922086773507,0.5,0.0,0.1758387688347094,0.0,1.0,0.0,0.0,0.0,1.0,90.0,64,0.5,0.5,0.25,0.25,Entropia potencial
4204905,0.0003250805812696881,0.5,0.0,0.17513003223250787,0.0,1.0,0.0,0.0,0.0,1.0,90.0,64,0.5,0.5,0.25,0.25,Entropia potencial
4205001,0.0005966622327901914,0.5,0.0,0.17523866489311607,0.0,1.0,0.0,0.0,0.0,1.0,90.0,64,0.5,0.5,0.25,0.25,Entropia potencial
4205100,0.00016457004886743376,0.5,0.0,0.17506582801954695,0.0,1.0,0.0,0.0,0.0,1.0,90.0,64,0.5,0.5,0.25,0.25,Entropia potencial
4205159,0.0001523312410243655,0.5,0.0,0.17506093249640972,0.0,1.0,0.0,0.0,0.0,1.0,90.0,64,0.5,0.5,0.25,0.25,Entropia potencial
4205175,4.951658638347367e-05,0.5,0.0,0.17501980663455338,0.0,1.0,0.0,0.0,0.0,1.0,90.0,64,0.5,0.5,0.25,0.25,Entropia potencial
4205191,0.00016910423275263024,0.5,0.0,0.17506764169310104,0.0,1.0,0.0,0.0,0.0,1.0,90.0,64,0.5,0.5,0.25,0.25,Entropia potencial
4205209,0.0002305488202498069,0.5,0.0,0.17509221952809992,0.0,1.0,0.0,0.0,0.0,1.0,90.0,64,0.5,0.5,0.25,0.25,Entropia potencial
4205308,0.0008264763228464306,0.5,0.0,0.17533059052913857,0.0,1.0,0.0,0.0,0.0,1.0,90.0,64,0.5,0.5,0.25,0.25,Entropia potencial
4205357,6.202179999456934e-05,0.5,0.0,0.17502480871999782,0.0,1.0,0.0,0.0,0.0,1.0,90.0,64,0.5,0.5,0.25,0.25,Entropia potencial
4205407,0.028048095734477346,0.5,0.0,0.18621923829379092,0.0,1.0,0.0,0.0,0.0,1.0,90.0,64,0.5,0.5,0.25,0.25,Entropia potencial
4205431,6.987865581988533e-05,0.5,0.0,0.17502795146232794,0.0,1.0,0.0,0.0,0.0,1.0,90.0,64,0.5,0.5,0.25,0.25,Entropia potencial
4205456,0.0013929892457224418,0.5,0.0,0.17555719569828895,0.0,1.0,0.0,0.0,0.0,1.0,90.0,64,0.5,0.5,0.25,0.25,Entropia potencial
4205506,0.0014436169133051093,0.5,0.0,0.17557744676532203,0.0,1.0,0.0,0.0,0.0,1.0,90.0,64,0.5,0.5,0.25,0.25,Entropia potencial
4205555,8.030548157406884e-05,0.5,0.0,0.17503212219262962,0.0,1.0,0.0,0.0,0.0,1.0,90.0,64,0.5,0.5,0.25,0.25,Entropia potencial
4205605,0.00010800745278593383,0.5,0.0,0.17504320298111437,0.0,1.0,0.0,0.0,0.0,1.0,90.0,64,0.5,0.5,0.25,0.25,Entropia potencial
4205704,0.0008904538794713598,0.5,0.0,0.17535618155178853,0.0,1.0,0.0,0.0,0.0,1.0,90.0,64,0.5,0.5,0.25,0.25,Entropia potencial
4205803,0.0018464953789990208,0.5,0.0,0.1757385981515996,0.0,1.0,0.0,0.0,0.0,1.0,90.0,64,0.5,0.5,0.25,0.25,Entropia potencial
4205902,0.00522543179445962,0.5,0.0,0.17709017271778385,0.0,1.0,0.0,0.0,0.0,1.0,90.0,64,0.5,0.5,0.25,0.25,Entropia potencial
4206009,0.000564450392505291,0.5,0.0,0.1752257801570021,0.0,1.0,0.0,0.0,0.0,1.0,90.0,64,0.5,0.5,0.25,0.25,Entropia potencial
4206108,0.0003532508769070933,0.5,0.0,0.17514130035076284,0.0,1.0,0.0,0.0,0.0,1.0,90.0,64,0.5,0.5,0.25,0.25,Entropia potencial
4206207,0.0003905519130939138,0.5,0.0,0.17515622076523754,0.0,1.0,0.0,0.0,0.0,1.0,90.0,64,0.5,0.5,0.25,0.25,Entropia potencial
4206306,0.0013827505954710714,0.5,0.0,0.17555310023818843,0.0,1.0,0.0,0.0,0.0,1.0,90.0,64,0.5,0.5,0.25,0.25,Entropia potencial
4206405,0.0005159137987684896,0.5,0.0,0.17520636551950738,0.0,1.0,0.0,0.0,0.0,1.0,90.0,64,0.5,0.5,0.25,0.25,Entropia potencial
4206504,0.00305242337460489,0.5,0.0,0.17622096934984194,0.0,1.0,0.0,0.0,0.0,1.0,90.0,64,0.5,0.5,0.25,0.25,Entropia potencial
4206603,0.0002146183896212161,0.5,0.0,0.17508584735584848,0.0,1.0,0.0,0.0,0.0,1.0,90.0,64,0.5,0.5,0.25,0.25,Entropia potencial
4206652,0.000480154110239542,0.5,0.0,0.17519206164409581,0.0,1.0,0.0,0.0,0.0,1.0,90.0,64,0.5,0.5,0.25,0.25,Entropia potencial
4206702,0.0006805155626083076,0.5,0.0,0.1752722062250433,0.0,1.0,0.0,0.0,0.0,1.0,90.0,64,0.5,0.5,0.25,0.25,Entropia potencial
4206751,5.648753731352396e-05,0.5,0.0,0.1750225950149254,0.0,1.0,0.0,0.0,0.0,1.0,90.0,64,0.5,0.5,0.25,0.25,Entropia potencial
4206801,0.0001416538669883467,0.5,0.0,0.17505666154679533,0.0,1.0,0.0,0.0,0.0,1.0,90.0,64,0.5,0.5,0.25,0.25,Entropia potencial
4206900,0.000696781114778425,0.5,0.0,0.17527871244591137,0.0,1.0,0.0,0.0,0.0,1.0,90.0,64,0.5,0.5,0.25,0.25,Entropia potencial
4207007,0.004557317843219286,0.5,0.0,0.1768229271372877,0.0,1.0,0.0,0.0,0.0,1.0,90.0,64,0.5,0.5,0.25,0.25,Entropia potencial
4207106,0.0012861806188926314,0.5,0.0,0.17551447224755704,0.0,1.0,0.0,0.0,0.0,1.0,90.0,64,0.5,0.5,0.25,0.25,Entropia potencial
4207205,0.00027327100238283574,0.5,0.0,0.17510930840095312,0.0,1.0,0.0,0.0,0.0,1.0,90.0,64,0.5,0.5,0.25,0.25,Entropia potencial
4207304,0.002971265817439432,0.5,0.0,0.17618850632697577,0.0,1.0,0.0,0.0,0.0,1.0,90.0,64,0.5,0.5,0.25,0.25,Entropia potencial
4207403,0.00028584070310444596,0.5,0.0,0.17511433628124176,0.0,1.0,0.0,0.0,0.0,1.0,90.0,64,0.5,0.5,0.25,0.25,Entropia potencial
4207502,0.0042524862146511725,0.5,0.0,0.17670099448586046,0.0,1.0,0.0,0.0,0.0,1.0,90.0,64,0.5,0.5,0.25,0.25,Entropia potencial
4207577,0.0002697104681498346,0.5,0.0,0.17510788418725992,0.0,1.0,0.0,0.0,0.0,1.0,90.0,64,0.5,0.5,0.25,0.25,Entropia potencial
4207601,0.00010227021428162948,0.5,0.0,0.17504090808571265,0.0,1.0,0.0,0.0,0.0,1.0,90.0,64,0.5,0.5,0.25,0.25,Entropia potencial
4207650,0.0004104921733976154,0.5,0.0,0.17516419686935902,0.0,1.0,0.0,0.0,0.0,1.0,90.0,64,0.5,0.5,0.25,0.25,Entropia potencial
4207684,0.0003775445457534014,0.5,0.0,0.17515101781830136,0.0,1.0,0.0,0.0,0.0,1.0,90.0,64,0.5,0.5,0.25,0.25,Entropia potencial
4207700,0.0005261281342076989,0.5,0.0,0.17521045125368306,0.0,1.0,0.0,0.0,0.0,1.0,90.0,64,0.5,0.5,0.25,0.25,Entropia potencial
4207759,0.0001858740529836566,0.5,0.0,0.17507434962119345,0.0,1.0,0.0,0.0,0.0,1.0,90.0,64,0.5,0.5,0.25,0.25,Entropia potencial
4207809,0.00030728636743065164,0.5,0.0,0.17512291454697224,0.0,1.0,0.0,0.0,0.0,1.0,90.0,64,0.5,0.5,0.25,0.25,Entropia potencial
4207858,4.840021935554932e-05,0.5,0.0,0.17501936008774222,0.0,1.0,0.0,0.0,0.0,1.0,90.0,64,0.5,0.5,0.25,0.25,Entropia potencial
4207908,0.0005406261052502693,0.5,0.0,0.1752162504421001,0.0,1.0,0.0,0.0,0.0,1.0,90.0,64,0.5,0.5,0.25,0.25,Entropia potencial
4208005,0.0004935917440387335,0.5,0.0,0.17519743669761548,0.0,1.0,0.0,0.0,0.0,1.0,90.0,64,0.5,0.5,0.25,0.25,Entropia potencial
4208104,0.0012184501238689035,0.5,0.0,0.17548738004954756,0.0,1.0,0.0,0.0,0.0,1.0,90.0,64,0.5,0.5,0.25,0.25,Entropia potencial
4208203,0.05369945083358127,0.5,0.0,0.1964797803334325,0.0,1.0,0.0,0.0,0.0,1.0,90.0,64,0.5,0.5,0.25,0.25,Entropia potencial
4208302,0.003376409789327323,0.5,0.0,0.17635056391573092,0.0,1.0,0.0,0.0,0.0,1.0,90.0,64,0.5,0.5,0.25,0.25,Entropia potencial
4208401,0.0012775478034096482,0.5,0.0,0.17551101912136385,0.0,1.0,0.0,0.0,0.0,1.0,90.0,64,0.5,0.5,0.25,0.25,Entropia potencial
4208450,0.0020675402791910246,0.5,0.0,0.1758270161116764,0.0,1.0,0.0,0.0,0.0,1.0,90.0,64,0.5,0.5,0.25,0.25,Entropia potencial
4208500,0.001458184657286925,0.5,0.0,0.17558327386291475,0.0,1.0,0.0,0.0,0.0,1.0,90.0,64,0.5,0.5,0.25,0.25,Entropia potencial
4208609,0.00020096297967831957,0.5,0.0,0.17508038519187133,0.0,1.0,0.0,0.0,0.0,1.0,90.0,64,0.5,0.5,0.25,0.25,Entropia potencial
4208708,0.0006108187392967584,0.5,0.0,0.1752443274957187,0.0,1.0,0.0,0.0,0.0,1.0,90.0,64,0.5,0.5,0.25,0.25,Entropia potencial
4208807,0.0008396348648886411,0.5,0.0,0.17533585394595544,0.0,1.0,0.0,0.0,0.0,1.0,90.0,64,0.5,0.5,0.25,0.25,Entropia potencial
4208906,0.014543473570615842,0.5,0.0,0.18081738942824632,0.0,1.0,0.0,0.0,0.0,1.0,90.0,64,0.5,0.5,0.25,0.25,Entropia potencial
4208955,5.3633189798944674e-05,0.5,0.0,0.17502145327591956,0.0,1.0,0.0,0.0,0.0,1.0,90.0,64,0.5,0.5,0.25,0.25,Entropia potencial
4209003,0.0027138681587348954,0.5,0.0,0.17608554726349396,0.0,1.0,0.0,0.0,0.0,1.0,90.0,64,0.5,0.5,0.25,0.25,Entropia potencial
4209102,0.048090504678399794,0.5,0.0,0.1942362018713599,0.0,1.0,0.0,0.0,0.0,1.0,90.0,64,0.5,0.5,0.25,0.25,Entropia potencial
4209151,0.00012606278656426698,0.5,0.0,0.1750504251146257,0.0,1.0,0.0,0.0,0.0,1.0,90.0,64,0.5,0.5,0.25,0.25,Entropia potencial
4209177,7.934768940806557e-05,0.5,0.0,0.17503173907576322,0.0,1.0,0.0,0.0,0.0,1.0,90.0,64,0.5,0.5,0.25,0.25,Entropia potencial
4209201,0.00014889122368642437,0.5,0.0,0.17505955648947455,0.0,1.0,0.0,0.0,0.0,1.0,90.0,64,0.5,0.5,0.25,0.25,Entropia potencial
4209300,0.007949068164688855,0.5,0.0,0.17817962726587552,0.0,1.0,0.0,0.0,0.0,1.0,90.0,64,0.5,0.5,0.25,0.25,Entropia potencial
4209409,0.0012271009111695708,0.5,0.0,0.17549084036446783,0.0,1.0,0.0,0.0,0.0,1.0,90.0,64,0.5,0.5,0.25,0.25,Entropia potencial
4209458,6.47788882605037e-05,0.5,0.0,0.1750259115553042,0.0,1.0,0.0,0.0,0.0,1.0,90.0,64,0.5,0.5,0.25,0.25,Entropia potencial
4209508,0.0005323918412535812,0.5,0.0,0.17521295673650142,0.0,1.0,0.0,0.0,0.0,1.0,90.0,64,0.5,0.5,0.25,0.25,Entropia potencial
4209607,0.00041868415076445794,0.5,0.0,0.17516747366030577,0.0,1.0,0.0,0.0,0.0,1.0,90.0,64,0.5,0.5,0.25,0.25,Entropia potencial
4209706,0.00037480648647089757,0.5,0.0,0.17514992259458834,0.0,1.0,0.0,0.0,0.0,1.0,90.0,64,0.5,0.5,0.25,0.25,Entropia potencial
4209805,0.00014027849435261792,0.5,0.0,0.17505611139774105,0.0,1.0,0.0,0.0,0.0,1.0,90.0,64,0.5,0.5,0.25,0.25,Entropia potencial
4209854,0.0001497771285816901,0.5,0.0,0.17505991085143266,0.0,1.0,0.0,0.0,0.0,1.0,90.0,64,0.5,0.5,0.25,0.25,Entropia potencial
4209904,0.0005363995565971998,0.5,0.0,0.17521455982263887,0.0,1.0,0.0,0.0,0.0,1.0,90.0,64,0.5,0.5,0.25,0.25,Entropia potencial
4210001,0.0009688828918460293,0.5,0.0,0.1753875531567384,0.0,1.0,0.0,0.0,0.0,1.0,90.0,64,0.5,0.5,0.25,0.25,Entropia potencial
4210035,0.0003219545421583507,0.5,0.0,0.17512878181686334,0.0,1.0,0.0,0.0,0.0,1.0,90.0,64,0.5,0.5,0.25,0.25,Entropia potencial
4210050,4.886220078661271e-05,0.5,0.0,0.17501954488031463,0.0,1.0,0.0,0.0,0.0,1.0,90.0,64,0.5,0.5,0.25,0.25,Entropia potencial
4210100,0.003176104366743103,0.5,0.0,0.17627044174669723,0.0,1.0,0.0,0.0,0.0,1.0,90.0,64,0.5,0.5,0.25,0.25,Entropia potencial
4210209,5.5666119528772803e-05,0.5,0.0,0.1750222664478115,0.0,1.0,0.0,0.0,0.0,1.0,90.0,64,0.5,0.5,0.25,0.25,Entropia potencial
4210308,0.0003505001316356358,0.5,0.0,0.17514020005265424,0.0,1.0,0.0,0.0,0.0,1.0,90.0,64,0.5,0.5,0.25,0.25,Entropia potencial
4210407,0.0003152954551234119,0.5,0.0,0.17512611818204935,0.0,1.0,0.0,0.0,0.0,1.0,90.0,64,0.5,0.5,0.25,0.25,Entropia potencial
4210506,0.0023567290262134976,0.5,0.0,0.1759426916104854,0.0,1.0,0.0,0.0,0.0,1.0,90.0,64,0.5,0.5,0.25,0.25,Entropia potencial
4210555,8.36841832987338e-05,0.5,0.0,0.17503347367331948,0.0,1.0,0.0,0.0,0.0,1.0,90.0,64,0.5,0.5,0.25,0.25,Entropia potencial
4210605,0.0008975390043019933,0.5,0.0,0.1753590156017208,0.0,1.0,0.0,0.0,0.0,1.0,90.0,64,0.5,0.5,0.25,0.25,Entropia potencial
4210704,4.857676603515479e-05,0.5,0.0,0.17501943070641404,0.0,1.0,0.0,0.0,0.0,1.0,90.0,64,0.5,0.5,0.25,0.25,Entropia potencial
4210803,0.00037721682437209786,0.5,0.0,0.17515088672974882,0.0,1.0,0.0,0.0,0.0,1.0,90.0,64,0.5,0.5,0.25,0.25,Entropia potencial
4210852,7.972298324794543e-05,0.5,0.0,0.17503188919329918,0.0,1.0,0.0,0.0,0.0,1.0,90.0,64,0.5,0.5,0.25,0.25,Entropia potencial
4210902,0.00016789589230479168,0.5,0.0,0.1750671583569219,0.0,1.0,0.0,0.0,0.0,1.0,90.0,64,0.5,0.5,0.25,0.25,Entropia potencial
4211009,0.0011742140803874014,0.5,0.0,0.17546968563215495,0.0,1.0,0.0,0.0,0.0,1.0,90.0,64,0.5,0.5,0.25,0.25,Entropia potencial
4211058,0.00024130336738529396,0.5,0.0,0.1750965213469541,0.0,1.0,0.0,0.0,0.0,1.0,90.0,64,0.5,0.5,0.25,0.25,Entropia potencial
4211108,0.0002555772192896826,0.5,0.0,0.17510223088771587,0.0,1.0,0.0,0.0,0.0,1.0,90.0,64,0.5,0.5,0.25,0.25,Entropia potencial
4211207,0.0009500167119404064,0.5,0.0,0.17538000668477616,0.0,1.0,0.0,0.0,0.0,1.0,90.0,64,0.5,0.5,0.25,0.25,Entropia potencial
4211256,0.00016176855964016148,0.5,0.0,0.17506470742385605,0.0,1.0,0.0,0.0,0.0,1.0,90.0,64,0.5,0.5,0.25,0.25,Entropia potencial
4211306,0.007553750548411338,0.5,0.0,0.17802150021936453,0.0,1.0,0.0,0.0,0.0,1.0,90.0,64,0.5,0.5,0.25,0.25,Entropia potencial
4211405,0.0002478694238345724,0.5,0.0,0.1750991477695338,0.0,1.0,0.0,0.0,0.0,1.0,90.0,64,0.5,0.5,0.25,0.25,Entropia potencial
4211454,0.00015477435106369612,0.5,0.0,0.17506190974042546,0.0,1.0,0.0,0.0,0.0,1.0,90.0,64,0.5,0.5,0.25,0.25,Entropia potencial
4211504,0.0008513419183614007,0.5,0.0,0.17534053676734454,0.0,1.0,0.0,0.0,0.0,1.0,90.0,64,0.5,0.5,0.25,0.25,Entropia potencial
4211603,0.0012095339879659548,0.5,0.0,0.17548381359518636,0.0,1.0,0.0,0.0,0.0,1.0,90.0,64,0.5,0.5,0.25,0.25,Entropia potencial
4211652,0.00012602472859740593,0.5,0.0,0.17505040989143894,0.0,1.0,0.0,0.0,0.0,1.0,90.0,64,0.5,0.5,0.25,0.25,Entropia potencial
4211702,0.0013245557354775305,0.5,0.0,0.175529822294191,0.0,1.0,0.0,0.0,0.0,1.0,90.0,64,0.5,0.5,0.25,0.25,Entropia potencial
4211751,0.0011481972313748844,0.5,0.0,0.17545927889254995,0.0,1.0,0.0,0.0,0.0,1.0,90.0,64,0.5,0.5,0.25,0.25,Entropia potencial
4211801,0.0002537377508913982,0.5,0.0,0.17510149510035655,0.0,1.0,0.0,0.0,0.0,1.0,90.0,64,0.5,0.5,0.25,0.25,Entropia potencial
4211850,0.0001651610045195263,0.5,0.0,0.1750660644018078,0.0,1.0,0.0,0.0,0.0,1.0,90.0,64,0.5,0.5,0.25,0.25,Entropia potencial
4211876,5.6458993838378165e-05,0.5,0.0,0.17502258359753534,0.0,1.0,0.0,0.0,0.0,1.0,90.0,64,0.5,0.5,0.25,0.25,Entropia potencial
4211892,7.672486119189105e-05,0.5,0.0,0.17503068994447674,0.0,1.0,0.0,0.0,0.0,1.0,90.0,64,0.5,0.5,0.25,0.25,Entropia potencial
4211900,0.009603595987343465,0.5,0.0,0.17884143839493738,0.0,1.0,0.0,0.0,0.0,1.0,90.0,64,0.5,0.5,0.25,0.25,Entropia potencial
4212007,0.00032746977585596557,0.5,0.0,0.17513098791034237,0.0,1.0,0.0,0.0,0.0,1.0,90.0,64,0.5,0.5,0.25,0.25,Entropia potencial
4212056,0.00016914863371396814,0.5,0.0,0.17506765945348557,0.0,1.0,0.0,0.0,0.0,1.0,90.0,64,0.5,0.5,0.25,0.25,Entropia potencial
4212106,0.0010574976961847623,0.5,0.0,0.1754229990784739,0.0,1.0,0.0,0.0,0.0,1.0,90.0,64,0.5,0.5,0.25,0.25,Entropia potencial
4212205,0.0010865116100875877,0.5,0.0,0.175434604644035,0.0,1.0,0.0,0.0,0.0,1.0,90.0,64,0.5,0.5,0.25,0.25,Entropia potencial
4212239,0.00017296077339455068,0.5,0.0,0.1750691843093578,0.0,1.0,0.0,0.0,0.0,1.0,90.0,64,0.5,0.5,0.25,0.25,Entropia potencial
4212254,0.0002683858394699206,0.5,0.0,0.17510735433578795,0.0,1.0,0.0,0.0,0.0,1.0,90.0,64,0.5,0.5,0.25,0.25,Entropia potencial
4212270,0.00016323696286155062,0.5,0.0,0.1750652947851446,0.0,1.0,0.0,0.0,0.0,1.0,90.0,64,0.5,0.5,0.25,0.25,Entropia potencial
4212304,0.00029408342442710327,0.5,0.0,0.17511763336977082,0.0,1.0,0.0,0.0,0.0,1.0,90.0,64,0.5,0.5,0.25,0.25,Entropia potencial
4212403,0.00028013412240677967,0.5,0.0,0.1751120536489627,0.0,1.0,0.0,0.0,0.0,1.0,90.0,64,0.5,0.5,0.25,0.25,Entropia potencial
4212502,0.0011905821776348943,0.5,0.0,0.17547623287105393,0.0,1.0,0.0,0.0,0.0,1.0,90.0,64,0.5,0.5,0.25,0.25,Entropia potencial
4212601,0.00013150507582539815,0.5,0.0,0.17505260203033016,0.0,1.0,0.0,0.0,0.0,1.0,90.0,64,0.5,0.5,0.25,0.25,Entropia potencial
4212650,0.0001242243753317287,0.5,0.0,0.1750496897501327,0.0,1.0,0.0,0.0,0.0,1.0,90.0,64,0.5,0.5,0.25,0.25,Entropia potencial
4212700,0.00023903363252833032,0.5,0.0,0.17509561345301133,0.0,1.0,0.0,0.0,0.0,1.0,90.0,64,0.5,0.5,0.25,0.25,Entropia potencial
4212809,0.0016562277451744045,0.5,0.0,0.17566249109806975,0.0,1.0,0.0,0.0,0.0,1.0,90.0,64,0.5,0.5,0.25,0.25,Entropia potencial
4212908,0.00181597923257093,0.5,0.0,0.17572639169302837,0.0,1.0,0.0,0.0,0.0,1.0,90.0,64,0.5,0.5,0.25,0.25,Entropia potencial
4213005,0.00023343805423400881,0.5,0.0,0.1750933752216936,0.0,1.0,0.0,0.0,0.0,1.0,90.0,64,0.5,0.5,0.25,0.25,Entropia potencial
4213104,0.0004215934708978365,0.5,0.0,0.1751686373883591,0.0,1.0,0.0,0.0,0.0,1.0,90.0,64,0.5,0.5,0.25,0.25,Entropia potencial
4213153,0.00013945284790488222,0.5,0.0,0.17505578113916195,0.0,1.0,0.0,0.0,0.0,1.0,90.0,64,0.5,0.5,0.25,0.25,Entropia potencial
4213203,0.0031113466217975215,0.5,0.0,0.176244538648719,0.0,1.0,0.0,0.0,0.0,1.0,90.0,64,0.5,0.5,0.25,0.25,Entropia potencial
4213302,0.00015871969362829237,0.5,0.0,0.1750634878774513,0.0,1.0,0.0,0.0,0.0,1.0,90.0,64,0.5,0.5,0.25,0.25,Entropia potencial
4213351,0.00013996028746302965,0.5,0.0,0.1750559841149852,0.0,1.0,0.0,0.0,0.0,1.0,90.0,64,0.5,0.5,0.25,0.25,Entropia potencial
4213401,0.0003188697325111128,0.5,0.0,0.17512754789300444,0.0,1.0,0.0,0.0,0.0,1.0,90.0,64,0.5,0.5,0.25,0.25,Entropia potencial
4213500,0.0017973043996653585,0.5,0.0,0.17571892175986614,0.0,1.0,0.0,0.0,0.0,1.0,90.0,64,0.5,0.5,0.25,0.25,Entropia potencial
4213609,0.0014021464154155107,0.5,0.0,0.17556085856616618,0.0,1.0,0.0,0.0,0.0,1.0,90.0,64,0.5,0.5,0.25,0.25,Entropia potencial
4213708,0.000838241520435228,0.5,0.0,0.17533529660817407,0.0,1.0,0.0,0.0,0.0,1.0,90.0,64,0.5,0.5,0.25,0.25,Entropia potencial
4213807,0.00023128355044337452,0.5,0.0,0.17509251342017734,0.0,1.0,0.0,0.0,0.0,1.0,90.0,64,0.5,0.5,0.25,0.25,Entropia potencial
4213906,6.431056383496346e-05,0.5,0.0,0.17502572422553397,0.0,1.0,0.0,0.0,0.0,1.0,90.0,64,0.5,0.5,0.25,0.25,Entropia potencial
4214003,0.0010360488603613183,0.5,0.0,0.17541441954414452,0.0,1.0,0.0,0.0,0.0,1.0,90.0,64,0.5,0.5,0.25,0.25,Entropia potencial
4214102,5.363530413043695e-05,0.5,0.0,0.17502145412165215,0.0,1.0,0.0,0.0,0.0,1.0,90.0,64,0.5,0.5,0.25,0.25,Entropia potencial
4214151,0.00014532223212745414,0.5,0.0,0.17505812889285097,0.0,1.0,0.0,0.0,0.0,1.0,90.0,64,0.5,0.5,0.25,0.25,Entropia potencial
4214201,0.0005924346269713756,0.5,0.0,0.17523697385078854,0.0,1.0,0.0,0.0,0.0,1.0,90.0,64,0.5,0.5,0.25,0.25,Entropia potencial
4214300,0.00015396984793088323,0.5,0.0,0.17506158793917234,0.0,1.0,0.0,0.0,0.0,1.0,90.0,64,0.5,0.5,0.25,0.25,Entropia potencial
4214409,0.00029500104429475317,0.5,0.0,0.17511800041771788,0.0,1.0,0.0,0.0,0.0,1.0,90.0,64,0.5,0.5,0.25,0.25,Entropia potencial
4214508,0.00023231640137735376,0.5,0.0,0.17509292656055092,0.0,1.0,0.0,0.0,0.0,1.0,90.0,64,0.5,0.5,0.25,0.25,Entropia potencial
4214607,0.00029148702535458225,0.5,0.0,0.17511659481014183,0.0,1.0,0.0,0.0,0.0,1.0,90.0,64,0.5,0.5,0.25,0.25,Entropia potencial
4214706,0.0005129325913643735,0.5,0.0,0.17520517303654573,0.0,1.0,0.0,0.0,0.0,1.0,90.0,64,0.5,0.5,0.25,0.25,Entropia potencial
4214805,0.004530878127908313,0.5,0.0,0.17681235125116332,0.0,1.0,0.0,0.0,0.0,1.0,90.0,64,0.5,0.5,0.25,0.25,Entropia potencial
4214904,0.0003109039886139443,0.5,0.0,0.17512436159544556,0.0,1.0,0.0,0.0,0.0,1.0,90.0,64,0.5,0.5,0.25,0.25,Entropia potencial
4215000,0.0017846448398553263,0.5,0.0,0.17571385793594213,0.0,1.0,0.0,0.0,0.0,1.0,90.0,64,0.5,0.5,0.25,0.25,Entropia potencial
4215059,6.912489664288719e-05,0.5,0.0,0.17502764995865713,0.0,1.0,0.0,0.0,0.0,1.0,90.0,64,0.5,0.5,0.25,0.25,Entropia potencial
4215075,0.00015712654484885868,0.5,0.0,0.17506285061793952,0.0,1.0,0.0,0.0,0.0,1.0,90.0,64,0.5,0.5,0.25,0.25,Entropia potencial
4215109,0.0004561501048076764,0.5,0.0,0.17518246004192306,0.0,1.0,0.0,0.0,0.0,1.0,90.0,64,0.5,0.5,0.25,0.25,Entropia potencial
4215208,9.703301517524956e-05,0.5,0.0,0.1750388132060701,0.0,1.0,0.0,0.0,0.0,1.0,90.0,64,0.5,0.5,0.25,0.25,Entropia potencial
4215307,0.0003409401817932875,0.5,0.0,0.17513637607271731,0.0,1.0,0.0,0.0,0.0,1.0,90.0,64,0.5,0.5,0.25,0.25,Entropia potencial
4215356,8.259424541446296e-05,0.5,0.0,0.17503303769816578,0.0,1.0,0.0,0.0,0.0,1.0,90.0,64,0.5,0.5,0.25,0.25,Entropia potencial
4215406,0.00030233143157849124,0.5,0.0,0.1751209325726314,0.0,1.0,0.0,0.0,0.0,1.0,90.0,64,0.5,0.5,0.25,0.25,Entropia potencial
4215455,0.0005803374793382902,0.5,0.0,0.17523213499173532,0.0,1.0,0.0,0.0,0.0,1.0,90.0,64,0.5,0.5,0.25,0.25,Entropia potencial
4215505,0.0006947439563856123,0.5,0.0,0.17527789758255424,0.0,1.0,0.0,0.0,0.0,1.0,90.0,64,0.5,0.5,0.25,0.25,Entropia potencial
4215554,0.00010666908095131999,0.5,0.0,0.17504266763238052,0.0,1.0,0.0,0.0,0.0,1.0,90.0,64,0.5,0.5,0.25,0.25,Entropia potencial
4215604,7.187141325136014e-05,0.5,0.0,0.17502874856530054,0.0,1.0,0.0,0.0,0.0,1.0,90.0,64,0.5,0.5,0.25,0.25,Entropia potencial
4215653,0.00022009767968346214,0.5,0.0,0.17508803907187337,0.0,1.0,0.0,0.0,0.0,1.0,90.0,64,0.5,0.5,0.25,0.25,Entropia potencial
4215679,0.00026215701889366095,0.5,0.0,0.17510486280755747,0.0,1.0,0.0,0.0,0.0,1.0,90.0,64,0.5,0.5,0.25,0.25,Entropia potencial
4215687,7.531460208653966e-05,0.5,0.0,0.1750301258408346,0.0,1.0,0.0,0.0,0.0,1.0,90.0,64,0.5,0.5,0.25,0.25,Entropia potencial
4215695,3.292225566630664e-05,0.5,0.0,0.1750131689022665,0.0,1.0,0.0,0.0,0.0,1.0,90.0,64,0.5,0.5,0.25,0.25,Entropia potencial
4215703,0.001434184880518044,0.5,0.0,0.17557367395220722,0.0,1.0,0.0,0.0,0.0,1.0,90.0,64,0.5,0.5,0.25,0.25,Entropia potencial
4215752,8.543273544285014e-05,0.5,0.0,0.17503417309417713,0.0,1.0,0.0,0.0,0.0,1.0,90.0,64,0.5,0.5,0.25,0.25,Entropia potencial
4215802,0.00505999486968035,0.5,0.0,0.17702399794787213,0.0,1.0,0.0,0.0,0.0,1.0,90.0,64,0.5,0.5,0.25,0.25,Entropia potencial
4215901,0.0002194538657440626,0.5,0.0,0.17508778154629762,0.0,1.0,0.0,0.0,0.0,1.0,90.0,64,0.5,0.5,0.25,0.25,Entropia potencial
4216008,0.0006703805146000589,0.5,0.0,0.17526815220584002,0.0,1.0,0.0,0.0,0.0,1.0,90.0,64,0.5,0.5,0.25,0.25,Entropia potencial
4216057,0.00017668199682096517,0.5,0.0,0.17507067279872837,0.0,1.0,0.0,0.0,0.0,1.0,90.0,64,0.5,0.5,0.25,0.25,Entropia potencial
4216107,0.0005077281643961239,0.5,0.0,0.17520309126575845,0.0,1.0,0.0,0.0,0.0,1.0,90.0,64,0.5,0.5,0.25,0.25,Entropia potencial
4216206,0.00815060729969882,0.5,0.0,0.17826024291987952,0.0,1.0,0.0,0.0,0.0,1.0,90.0,64,0.5,0.5,0.25,0.25,Entropia potencial
4216255,0.0004090385704966723,0.5,0.0,0.17516361542819867,0.0,1.0,0.0,0.0,0.0,1.0,90.0,64,0.5,0.5,0.25,0.25,Entropia potencial
4216305,0.0013086411623351318,0.5,0.0,0.17552345646493403,0.0,1.0,0.0,0.0,0.0,1.0,90.0,64,0.5,0.5,0.25,0.25,Entropia potencial
4216354,0.00039778081246602233,0.5,0.0,0.1751591123249864,0.0,1.0,0.0,0.0,0.0,1.0,90.0,64,0.5,0.5,0.25,0.25,Entropia potencial
4216404,0.00031725438325101013,0.5,0.0,0.1751269017533004,0.0,1.0,0.0,0.0,0.0,1.0,90.0,64,0.5,0.5,0.25,0.25,Entropia potencial
4216503,0.0012321097624747846,0.5,0.0,0.1754928439049899,0.0,1.0,0.0,0.0,0.0,1.0,90.0,64,0.5,0.5,0.25,0.25,Entropia potencial
4216602,0.015271671537038069,0.5,0.0,0.18110866861481523,0.0,1.0,0.0,0.0,0.0,1.0,90.0,64,0.5,0.5,0.25,0.25,Entropia potencial
4216701,0.000606037178626965,0.5,0.0,0.17524241487145079,0.0,1.0,0.0,0.0,0.0,1.0,90.0,64,0.5,0.5,0.25,0.25,Entropia potencial
4216800,0.00028450550276707054,0.5,0.0,0.1751138022011068,0.0,1.0,0.0,0.0,0.0,1.0,90.0,64,0.5,0.5,0.25,0.25,Entropia potencial
4216909,0.0016237642994419228,0.5,0.0,0.17564950571977675,0.0,1.0,0.0,0.0,0.0,1.0,90.0,64,0.5,0.5,0.25,0.25,Entropia potencial
4217006,0.0010867378435572617,0.5,0.0,0.17543469513742288,0.0,1.0,0.0,0.0,0.0,1.0,90.0,64,0.5,0.5,0.25,0.25,Entropia potencial
4217105,0.00010999703872017019,0.5,0.0,0.17504399881548804,0.0,1.0,0.0,0.0,0.0,1.0,90.0,64,0.5,0.5,0.25,0.25,Entropia potencial
4217154,3.281865342318487e-05,0.5,0.0,0.17501312746136927,0.0,1.0,0.0,0.0,0.0,1.0,90.0,64,0.5,0.5,0.25,0.25,Entropia potencial
4217204,0.0026576819136590215,0.5,0.0,0.1760630727654636,0.0,1.0,0.0,0.0,0.0,1.0,90.0,64,0.5,0.5,0.25,0.25,Entropia potencial
4217253,9.709538795427185e-05,0.5,0.0,0.1750388381551817,0.0,1.0,0.0,0.0,0.0,1.0,90.0,64,0.5,0.5,0.25,0.25,Entropia potencial
4217303,0.0006229359730790206,0.5,0.0,0.1752491743892316,0.0,1.0,0.0,0.0,0.0,1.0,90.0,64,0.5,0.5,0.25,0.25,Entropia potencial
4217402,0.0008462865517633569,0.5,0.0,0.17533851462070532,0.0,1.0,0.0,0.0,0.0,1.0,90.0,64,0.5,0.5,0.25,0.25,Entropia potencial
4217501,0.0013573532455857925,0.5,0.0,0.1755429412982343,0.0,1.0,0.0,0.0,0.0,1.0,90.0,64,0.5,0.5,0.25,0.25,Entropia potencial
4217550,0.00011056367956010149,0.5,0.0,0.17504422547182402,0.0,1.0,0.0,0.0,0.0,1.0,90.0,64,0.5,0.5,0.25,0.25,Entropia potencial
4217600,0.0007197268972984039,0.5,0.0,0.17528789075891935,0.0,1.0,0.0,0.0,0.0,1.0,90.0,64,0.5,0.5,0.25,0.25,Entropia potencial
4217709,0.001116925211438303,0.5,0.0,0.17544677008457532,0.0,1.0,0.0,0.0,0.0,1.0,90.0,64,0.5,0.5,0.25,0.25,Entropia potencial
4217758,7.91605710709987e-05,0.5,0.0,0.1750316642284284,0.0,1.0,0.0,0.0,0.0,1.0,90.0,64,0.5,0.5,0.25,0.25,Entropia potencial
4217808,0.0009671258823759438,0.5,0.0,0.17538685035295037,0.0,1.0,0.0,0.0,0.0,1.0,90.0,64,0.5,0.5,0.25,0.25,Entropia potencial
4217907,0.0006362911479500131,0.5,0.0,0.17525451645918,0.0,1.0,0.0,0.0,0.0,1.0,90.0,64,0.5,0.5,0.25,0.25,Entropia potencial
4217956,6.100057788379764e-05,0.5,0.0,0.1750244002311535,0.0,1.0,0.0,0.0,0.0,1.0,90.0,64,0.5,0.5,0.25,0.25,Entropia potencial
4218004,0.0031246214520718077,0.5,0.0,0.1762498485808287,0.0,1.0,0.0,0.0,0.0,1.0,90.0,64,0.5,0.5,0.25,0.25,Entropia potencial
4218103,0.00014275014786709436,0.5,0.0,0.17505710005914682,0.0,1.0,0.0,0.0,0.0,1.0,90.0,64,0.5,0.5,0.25,0.25,Entropia potencial
4218202,0.0027205462747532647,0.5,0.0,0.1760882185099013,0.0,1.0,0.0,0.0,0.0,1.0,90.0,64,0.5,0.5,0.25,0.25,Entropia potencial
4218251,0.0002702538513433508,0.5,0.0,0.17510810154053733,0.0,1.0,0.0,0.0,0.0,1.0,90.0,64,0.5,0.5,0.25,0.25,Entropia potencial
4218301,0.0018799980186599587,0.5,0.0,0.17575199920746398,0.0,1.0,0.0,0.0,0.0,1.0,90.0,64,0.5,0.5,0.25,0.25,Entropia potencial
4218350,0.00016803120952029767,0.5,0.0,0.1750672124838081,0.0,1.0,0.0,0.0,0.0,1.0,90.0,64,0.5,0.5,0.25,0.25,Entropia potencial
4218400,0.0002209000684847828,0.5,0.0,0.1750883600273939,0.0,1.0,0.0,0.0,0.0,1.0,90.0,64,0.5,0.5,0.25,0.25,Entropia potencial
4218509,0.00101786349519621,0.5,0.0,0.17540714539807847,0.0,1.0,0.0,0.0,0.0,1.0,90.0,64,0.5,0.5,0.25,0.25,Entropia potencial
4218608,0.00041765235699622486,0.5,0.0,0.1751670609427985,0.0,1.0,0.0,0.0,0.0,1.0,90.0,64,0.5,0.5,0.25,0.25,Entropia potencial
4218707,0.005619420553394236,0.5,0.0,0.17724776822135768,0.0,1.0,0.0,0.0,0.0,1.0,90.0,64,0.5,0.5,0.25,0.25,Entropia potencial
4218756,0.0001789475030149442,0.5,0.0,0.17507157900120596,0.0,1.0,0.0,0.0,0.0,1.0,90.0,64,0.5,0.5,0.25,0.25,Entropia potencial
4218806,0.0008452230430227396,0.5,0.0,0.1753380892172091,0.0,1.0,0.0,0.0,0.0,1.0,90.0,64,0.5,0.5,0.25,0.25,Entropia potencial
4218855,8.58418585866065e-05,0.5,0.0,0.17503433674343463,0.0,1.0,0.0,0.0,0.0,1.0,90.0,64,0.5,0.5,0.25,0.25,Entropia potencial
4218905,0.0003894006595963668,0.5,0.0,0.17515576026383853,0.0,1.0,0.0,0.0,0.0,1.0,90.0,64,0.5,0.5,0.25,0.25,Entropia potencial
4218954,6.782563994088054e-05,0.5,0.0,0.17502713025597635,0.0,1.0,0.0,0.0,0.0,1.0,90.0,64,0.5,0.5,0.25,0.25,Entropia potencial
4219002,0.001330285573821612,0.5,0.0,0.17553211422952864,0.0,1.0,0.0,0.0,0.0,1.0,90.0,64,0.5,0.5,0.25,0.25,Entropia potencial
4219101,0.00025011167238213637,0.5,0.0,0.17510004466895285,0.0,1.0,0.0,0.0,0.0,1.0,90.0,64,0.5,0.5,0.25,0.25,Entropia potencial
4219150,6.948221866508266e-05,0.5,0.0,0.17502779288746603,0.0,1.0,0.0,0.0,0.0,1.0,90.0,64,0.5,0.5,0.25,0.25,Entropia potencial
4219176,0.0006109117698824188,0.5,0.0,0.17524436470795296,0.0,1.0,0.0,0.0,0.0,1.0,90.0,64,0.5,0.5,0.25,0.25,Entropia potencial
4219200,0.00035871113798590883,0.5,0.0,0.17514348445519434,0.0,1.0,0.0,0.0,0.0,1.0,90.0,64,0.5,0.5,0.25,0.25,Entropia potencial
4219309,0.004044211876672545,0.5,0.0,0.176617684750669,0.0,1.0,0.0,0.0,0.0,1.0,90.0,64,0.5,0.5,0.25,0.25,Entropia potencial
4219358,0.0001511303007367499,0.5,0.0,0.1750604521202947,0.0,1.0,0.0,0.0,0.0,1.0,90.0,64,0.5,0.5,0.25,0.25,Entropia potencial
4219408,0.00017739875519684841,0.5,0.0,0.17507095950207874,0.0,1.0,0.0,0.0,0.0,1.0,90.0,64,0.5,0.5,0.25,0.25,Entropia potencial
4219507,0.0030286826034438136,0.5,0.0,0.17621147304137752,0.0,1.0,0.0,0.0,0.0,1.0,90.0,64,0.5,0.5,0.25,0.25,Entropia potencial
4219606,0.00019356070512384398,0.5,0.0,0.17507742428204953,0.0,1.0,0.0,0.0,0.0,1.0,90.0,64,0.5,0.5,0.25,0.25,Entropia potencial
4219705,0.0016304847020901377,0.5,0.0,0.17565219388083606,0.0,1.0,0.0,0.0,0.0,1.0,90.0,64,0.5,0.5,0.25,0.25,Entropia potencial
4219853,0.00012597609897308347,0.5,0.0,0.17505039043958923,0.0,1.0,0.0,0.0,0.0,1.0,90.0,64,0.5,0.5,0.25,0.25,Entropia potencial
4220000,0.0003526060058019476,0.5,0.0,0.17514104240232076,0.0,1.0,0.0,0.0,0.0,1.0,90.0,64,0.5,0.5,0.25,0.25,Entropia potencial
4300034,0.0002854696379275507,0.5,0.0,0.17511418785517102,0.0,1.0,0.0,0.0,0.0,1.0,90.0,64,0.5,0.5,0.25,0.25,Entropia potencial
4300059,0.00048592623521346895,0.5,0.0,0.17519437049408537,0.0,1.0,0.0,0.0,0.0,1.0,90.0,64,0.5,0.5,0.25,0.25,Entropia potencial
4300109,0.0006631854445318268,0.5,0.0,0.1752652741778127,0.0,1.0,0.0,0.0,0.0,1.0,90.0,64,0.5,0.5,0.25,0.25,Entropia potencial
4300208,0.0003791038652289586,0.5,0.0,0.17515164154609159,0.0,1.0,0.0,0.0,0.0,1.0,90.0,64,0.5,0.5,0.25,0.25,Entropia potencial
4300307,0.000123526645939276,0.5,0.0,0.1750494106583757,0.0,1.0,0.0,0.0,0.0,1.0,90.0,64,0.5,0.5,0.25,0.25,Entropia potencial
4300406,0.002748257760456845,0.5,0.0,0.17609930310418273,0.0,1.0,0.0,0.0,0.0,1.0,90.0,64,0.5,0.5,0.25,0.25,Entropia potencial
4300455,0.00010441520358054848,0.5,0.0,0.1750417660814322,0.0,1.0,0.0,0.0,0.0,1.0,90.0,64,0.5,0.5,0.25,0.25,Entropia potencial
4300471,0.00026054589829654283,0.5,0.0,0.1751042183593186,0.0,1.0,0.0,0.0,0.0,1.0,90.0,64,0.5,0.5,0.25,0.25,Entropia potencial
4300505,0.00024907459278517257,0.5,0.0,0.17509962983711405,0.0,1.0,0.0,0.0,0.0,1.0,90.0,64,0.5,0.5,0.25,0.25,Entropia potencial
4300554,4.9518700714965946e-05,0.5,0.0,0.17501980748028598,0.0,1.0,0.0,0.0,0.0,1.0,90.0,64,0.5,0.5,0.25,0.25,Entropia potencial
4300570,0.00016220728342480979,0.5,0.0,0.1750648829133699,0.0,1.0,0.0,0.0,0.0,1.0,90.0,64,0.5,0.5,0.25,0.25,Entropia potencial
4300604,0.0037089243601238706,0.5,0.0,0.17648356974404955,0.0,1.0,0.0,0.0,0.0,1.0,90.0,64,0.5,0.5,0.25,0.25,Entropia potencial
4300638,0.000133535891223734,0.5,0.0,0.1750534143564895,0.0,1.0,0.0,0.0,0.0,1.0,90.0,64,0.5,0.5,0.25,0.25,Entropia potencial
4300646,0.00016981993396276735,0.5,0.0,0.17506792797358509,0.0,1.0,0.0,0.0,0.0,1.0,90.0,64,0.5,0.5,0.25,0.25,Entropia potencial
4300661,8.902392748248932e-05,0.5,0.0,0.17503560957099298,0.0,1.0,0.0,0.0,0.0,1.0,90.0,64,0.5,0.5,0.25,0.25,Entropia potencial
4300703,0.00029015288218295295,0.5,0.0,0.17511606115287318,0.0,1.0,0.0,0.0,0.0,1.0,90.0,64,0.5,0.5,0.25,0.25,Entropia potencial
4300802,0.0008464874132551236,0.5,0.0,0.17533859496530205,0.0,1.0,0.0,0.0,0.0,1.0,90.0,64,0.5,0.5,0.25,0.25,Entropia potencial
4300851,0.0002250589585300994,0.5,0.0,0.17509002358341202,0.0,1.0,0.0,0.0,0.0,1.0,90.0,64,0.5,0.5,0.25,0.25,Entropia potencial
4300877,0.0002836365125237431,0.5,0.0,0.1751134546050095,0.0,1.0,0.0,0.0,0.0,1.0,90.0,64,0.5,0.5,0.25,0.25,Entropia potencial
4300901,0.0012240013012018872,0.5,0.0,0.17548960052048074,0.0,1.0,0.0,0.0,0.0,1.0,90.0,64,0.5,0.5,0.25,0.25,Entropia potencial
4301008,0.0018606730288205108,0.5,0.0,0.1757442692115282,0.0,1.0,0.0,0.0,0.0,1.0,90.0,64,0.5,0.5,0.25,0.25,Entropia potencial
4301057,0.0003036053163025905,0.5,0.0,0.17512144212652103,0.0,1.0,0.0,0.0,0.0,1.0,90.0,64,0.5,0.5,0.25,0.25,Entropia potencial
4301073,6.148053113254542e-05,0.5,0.0,0.175024592212453,0.0,1.0,0.0,0.0,0.0,1.0,90.0,64,0.5,0.5,0.25,0.25,Entropia potencial
4301107,0.0003563388580515696,0.5,0.0,0.17514253554322062,0.0,1.0,0.0,0.0,0.0,1.0,90.0,64,0.5,0.5,0.25,0.25,Entropia potencial
4301206,0.00040387643015826833,0.5,0.0,0.17516155057206328,0.0,1.0,0.0,0.0,0.0,1.0,90.0,64,0.5,0.5,0.25,0.25,Entropia potencial
4301305,0.0010412363726776297,0.5,0.0,0.17541649454907104,0.0,1.0,0.0,0.0,0.0,1.0,90.0,64,0.5,0.5,0.25,0.25,Entropia potencial
4301404,0.0003435746388326695,0.5,0.0,0.17513742985553304,0.0,1.0,0.0,0.0,0.0,1.0,90.0,64,0.5,0.5,0.25,0.25,Entropia potencial
4301503,0.00034112518579886204,0.5,0.0,0.17513645007431952,0.0,1.0,0.0,0.0,0.0,1.0,90.0,64,0.5,0.5,0.25,0.25,Entropia potencial
4301552,0.0001418473283198904,0.5,0.0,0.17505673893132795,0.0,1.0,0.0,0.0,0.0,1.0,90.0,64,0.5,0.5,0.25,0.25,Entropia potencial
4301602,0.004349947381953608,0.5,0.0,0.17673997895278143,0.0,1.0,0.0,0.0,0.0,1.0,90.0,64,0.5,0.5,0.25,0.25,Entropia potencial
4301636,0.0003294805051051247,0.5,0.0,0.17513179220204203,0.0,1.0,0.0,0.0,0.0,1.0,90.0,64,0.5,0.5,0.25,0.25,Entropia potencial
4301651,0.0003157003496041837,0.5,0.0,0.17512628013984166,0.0,1.0,0.0,0.0,0.0,1.0,90.0,64,0.5,0.5,0.25,0.25,Entropia potencial
4301701,0.0002983194875718881,0.5,0.0,0.17511932779502876,0.0,1.0,0.0,0.0,0.0,1.0,90.0,64,0.5,0.5,0.25,0.25,Entropia potencial
4301750,0.00014401346093373223,0.5,0.0,0.17505760538437348,0.0,1.0,0.0,0.0,0.0,1.0,90.0,64,0.5,0.5,0.25,0.25,Entropia potencial
4301800,0.00024590943854122796,0.5,0.0,0.1750983637754165,0.0,1.0,0.0,0.0,0.0,1.0,90.0,64,0.5,0.5,0.25,0.25,Entropia potencial
4301859,3.1434823461487e-05,0.5,0.0,0.17501257392938457,0.0,1.0,0.0,0.0,0.0,1.0,90.0,64,0.5,0.5,0.25,0.25,Entropia potencial
4301875,0.00022264439196591456,0.5,0.0,0.17508905775678635,0.0,1.0,0.0,0.0,0.0,1.0,90.0,64,0.5,0.5,0.25,0.25,Entropia potencial
4301909,0.0004949227157131244,0.5,0.0,0.17519796908628524,0.0,1.0,0.0,0.0,0.0,1.0,90.0,64,0.5,0.5,0.25,0.25,Entropia potencial
4301925,5.233499026268417e-05,0.5,0.0,0.17502093399610505,0.0,1.0,0.0,0.0,0.0,1.0,90.0,64,0.5,0.5,0.25,0.25,Entropia potencial
4301958,0.00014569964029882628,0.5,0.0,0.17505827985611952,0.0,1.0,0.0,0.0,0.0,1.0,90.0,64,0.5,0.5,0.25,0.25,Entropia potencial
4302006,0.0002132525314772026,0.5,0.0,0.17508530101259087,0.0,1.0,0.0,0.0,0.0,1.0,90.0,64,0.5,0.5,0.25,0.25,Entropia potencial
4302055,2.628959777502131e-05,0.5,0.0,0.17501051583911,0.0,1.0,0.0,0.0,0.0,1.0,90.0,64,0.5,0.5,0.25,0.25,Entropia potencial
4302105,0.008181110760137958,0.5,0.0,0.17827244430405517,0.0,1.0,0.0,0.0,0.0,1.0,90.0,64,0.5,0.5,0.25,0.25,Entropia potencial
4302154,0.0001495942389076078,0.5,0.0,0.17505983769556302,0.0,1.0,0.0,0.0,0.0,1.0,90.0,64,0.5,0.5,0.25,0.25,Entropia potencial
4302204,0.00030945250004449343,0.5,0.0,0.1751237810000178,0.0,1.0,0.0,0.0,0.0,1.0,90.0,64,0.5,0.5,0.25,0.25,Entropia potencial
4302220,0.00022116541708706402,0.5,0.0,0.17508846616683482,0.0,1.0,0.0,0.0,0.0,1.0,90.0,64,0.5,0.5,0.25,0.25,Entropia potencial
4302238,0.00018355885999960894,0.5,0.0,0.17507342354399982,0.0,1.0,0.0,0.0,0.0,1.0,90.0,64,0.5,0.5,0.25,0.25,Entropia potencial
4302253,0.00011339582659401182,0.5,0.0,0.17504535833063758,0.0,1.0,0.0,0.0,0.0,1.0,90.0,64,0.5,0.5,0.25,0.25,Entropia potencial
4302303,0.00043467801133781716,0.5,0.0,0.17517387120453512,0.0,1.0,0.0,0.0,0.0,1.0,90.0,64,0.5,0.5,0.25,0.25,Entropia potencial
4302352,0.0008924688373835036,0.5,0.0,0.17535698753495338,0.0,1.0,0.0,0.0,0.0,1.0,90.0,64,0.5,0.5,0.25,0.25,Entropia potencial
4302378,4.636200379699049e-05,0.5,0.0,0.1750185448015188,0.0,1.0,0.0,0.0,0.0,1.0,90.0,64,0.5,0.5,0.25,0.25,Entropia potencial
4302402,0.00043770361970327124,0.5,0.0,0.1751750814478813,0.0,1.0,0.0,0.0,0.0,1.0,90.0,64,0.5,0.5,0.25,0.25,Entropia potencial
4302451,0.00014032606681119427,0.5,0.0,0.17505613042672447,0.0,1.0,0.0,0.0,0.0,1.0,90.0,64,0.5,0.5,0.25,0.25,Entropia potencial
4302501,0.0002536024336758922,0.5,0.0,0.17510144097347036,0.0,1.0,0.0,0.0,0.0,1.0,90.0,64,0.5,0.5,0.25,0.25,Entropia potencial
4302584,0.00011849982281637804,0.5,0.0,0.17504739992912655,0.0,1.0,0.0,0.0,0.0,1.0,90.0,64,0.5,0.5,0.25,0.25,Entropia potencial
4302600,7.993864506015809e-05,0.5,0.0,0.17503197545802404,0.0,1.0,0.0,0.0,0.0,1.0,90.0,64,0.5,0.5,0.25,0.25,Entropia potencial
4302659,9.792843456223053e-05,0.5,0.0,0.17503917137382488,0.0,1.0,0.0,0.0,0.0,1.0,90.0,64,0.5,0.5,0.25,0.25,Entropia potencial
4302709,0.0005545595497844008,0.5,0.0,0.17522182381991375,0.0,1.0,0.0,0.0,0.0,1.0,90.0,64,0.5,0.5,0.25,0.25,Entropia potencial
4302808,0.0011101086067071893,0.5,0.0,0.17544404344268286,0.0,1.0,0.0,0.0,0.0,1.0,90.0,64,0.5,0.5,0.25,0.25,Entropia potencial
4302907,0.00041896112818994675,0.5,0.0,0.17516758445127598,0.0,1.0,0.0,0.0,0.0,1.0,90.0,64,0.5,0.5,0.25,0.25,Entropia potencial
4303004,0.0035807599280562766,0.5,0.0,0.1764323039712225,0.0,1.0,0.0,0.0,0.0,1.0,90.0,64,0.5,0.5,0.25,0.25,Entropia potencial
4303103,0.007477726588109138,0.5,0.0,0.17799109063524365,0.0,1.0,0.0,0.0,0.0,1.0,90.0,64,0.5,0.5,0.25,0.25,Entropia potencial
4303202,0.00012125902541380466,0.5,0.0,0.17504850361016552,0.0,1.0,0.0,0.0,0.0,1.0,90.0,64,0.5,0.5,0.25,0.25,Entropia potencial
4303301,0.0001662826573761813,0.5,0.0,0.17506651306295046,0.0,1.0,0.0,0.0,0.0,1.0,90.0,64,0.5,0.5,0.25,0.25,Entropia potencial
4303400,0.00010849586336065072,0.5,0.0,0.17504339834534424,0.0,1.0,0.0,0.0,0.0,1.0,90.0,64,0.5,0.5,0.25,0.25,Entropia potencial
4303509,0.0029897662179968905,0.5,0.0,0.17619590648719874,0.0,1.0,0.0,0.0,0.0,1.0,90.0,64,0.5,0.5,0.25,0.25,Entropia potencial
4303558,0.000617837262685385,0.5,0.0,0.17524713490507415,0.0,1.0,0.0,0.0,0.0,1.0,90.0,64,0.5,0.5,0.25,0.25,Entropia potencial
4303608,0.00024003053982694082,0.5,0.0,0.17509601221593077,0.0,1.0,0.0,0.0,0.0,1.0,90.0,64,0.5,0.5,0.25,0.25,Entropia potencial
4303673,0.00017297451654925053,0.5,0.0,0.1750691898066197,0.0,1.0,0.0,0.0,0.0,1.0,90.0,64,0.5,0.5,0.25,0.25,Entropia potencial
4303707,0.00016174953065673097,0.5,0.0,0.1750646998122627,0.0,1.0,0.0,0.0,0.0,1.0,90.0,64,0.5,0.5,0.25,0.25,Entropia potencial
4303806,0.00032677310362925897,0.5,0.0,0.1751307092414517,0.0,1.0,0.0,0.0,0.0,1.0,90.0,64,0.5,0.5,0.25,0.25,Entropia potencial
4303905,0.00409712725092986,0.5,0.0,0.17663885090037193,0.0,1.0,0.0,0.0,0.0,1.0,90.0,64,0.5,0.5,0.25,0.25,Entropia potencial
4304002,0.0002557548231350342,0.5,0.0,0.175102301929254,0.0,1.0,0.0,0.0,0.0,1.0,90.0,64,0.5,0.5,0.25,0.25,Entropia potencial
4304101,8.684088021670924e-05,0.5,0.0,0.17503473635208666,0.0,1.0,0.0,0.0,0.0,1.0,90.0,64,0.5,0.5,0.25,0.25,Entropia potencial
4304200,0.0011479128537891727,0.5,0.0,0.17545916514151566,0.0,1.0,0.0,0.0,0.0,1.0,90.0,64,0.5,0.5,0.25,0.25,Entropia potencial
4304309,0.0003262223202755198,0.5,0.0,0.1751304889281102,0.0,1.0,0.0,0.0,0.0,1.0,90.0,64,0.5,0.5,0.25,0.25,Entropia potencial
4304358,0.002267510580233718,0.5,0.0,0.1759070042320935,0.0,1.0,0.0,0.0,0.0,1.0,90.0,64,0.5,0.5,0.25,0.25,Entropia potencial
4304408,0.0018624754964176803,0.5,0.0,0.17574499019856707,0.0,1.0,0.0,0.0,0.0,1.0,90.0,64,0.5,0.5,0.25,0.25,Entropia potencial
4304507,0.0017254943020272744,0.5,0.0,0.1756901977208109,0.0,1.0,0.0,0.0,0.0,1.0,90.0,64,0.5,0.5,0.25,0.25,Entropia potencial
4304606,0.03044405301003288,0.5,0.0,0.18717762120401316,0.0,1.0,0.0,0.0,0.0,1.0,90.0,64,0.5,0.5,0.25,0.25,Entropia potencial
4304614,3.6317872042909846e-05,0.5,0.0,0.17501452714881716,0.0,1.0,0.0,0.0,0.0,1.0,90.0,64,0.5,0.5,0.25,0.25,Entropia potencial
4304622,0.00022410010919835,0.5,0.0,0.17508964004367933,0.0,1.0,0.0,0.0,0.0,1.0,90.0,64,0.5,0.5,0.25,0.25,Entropia potencial
4304630,0.002231932724213107,0.5,0.0,0.17589277308968523,0.0,1.0,0.0,0.0,0.0,1.0,90.0,64,0.5,0.5,0.25,0.25,Entropia potencial
4304655,0.0002700466468571073,0.5,0.0,0.17510801865874284,0.0,1.0,0.0,0.0,0.0,1.0,90.0,64,0.5,0.5,0.25,0.25,Entropia potencial
4304663,0.0008071354755207907,0.5,0.0,0.1753228541902083,0.0,1.0,0.0,0.0,0.0,1.0,90.0,64,0.5,0.5,0.25,0.25,Entropia potencial
4304671,0.0003930055947907058,0.5,0.0,0.17515720223791628,0.0,1.0,0.0,0.0,0.0,1.0,90.0,64,0.5,0.5,0.25,0.25,Entropia potencial
4304689,0.00026915651329885703,0.5,0.0,0.17510766260531954,0.0,1.0,0.0,0.0,0.0,1.0,90.0,64,0.5,0.5,0.25,0.25,Entropia potencial
4304697,6.636146538247597e-05,0.5,0.0,0.17502654458615297,0.0,1.0,0.0,0.0,0.0,1.0,90.0,64,0.5,0.5,0.25,0.25,Entropia potencial
4304705,0.004485180024199898,0.5,0.0,0.17679407200967995,0.0,1.0,0.0,0.0,0.0,1.0,90.0,64,0.5,0.5,0.25,0.25,Entropia potencial
4304713,0.00011809492833560623,0.5,0.0,0.17504723797133423,0.0,1.0,0.0,0.0,0.0,1.0,90.0,64,0.5,0.5,0.25,0.25,Entropia potencial
4304804,0.0035552695475853375,0.5,0.0,0.1764221078190341,0.0,1.0,0.0,0.0,0.0,1.0,90.0,64,0.5,0.5,0.25,0.25,Entropia potencial
4304853,3.529347843489973e-05,0.5,0.0,0.17501411739137396,0.0,1.0,0.0,0.0,0.0,1.0,90.0,64,0.5,0.5,0.25,0.25,Entropia potencial
4304903,0.0007679304838251711,0.5,0.0,0.17530717219353006,0.0,1.0,0.0,0.0,0.0,1.0,90.0,64,0.5,0.5,0.25,0.25,Entropia potencial
4304952,0.00015252893101889376,0.5,0.0,0.17506101157240755,0.0,1.0,0.0,0.0,0.0,1.0,90.0,64,0.5,0.5,0.25,0.25,Entropia potencial
4305009,0.0004272323929877498,0.5,0.0,0.1751708929571951,0.0,1.0,0.0,0.0,0.0,1.0,90.0,64,0.5,0.5,0.25,0.25,Entropia potencial
4305108,0.03628306908938116,0.5,0.0,0.18951322763575246,0.0,1.0,0.0,0.0,0.0,1.0,90.0,64,0.5,0.5,0.25,0.25,Entropia potencial
4305116,7.970818292749947e-05,0.5,0.0,0.17503188327317099,0.0,1.0,0.0,0.0,0.0,1.0,90.0,64,0.5,0.5,0.25,0.25,Entropia potencial
4305124,0.00014550300747004415,0.5,0.0,0.175058201202988,0.0,1.0,0.0,0.0,0.0,1.0,90.0,64,0.5,0.5,0.25,0.25,Entropia potencial
4305132,6.979619689168638e-05,0.5,0.0,0.17502791847875665,0.0,1.0,0.0,0.0,0.0,1.0,90.0,64,0.5,0.5,0.25,0.25,Entropia potencial
4305157,4.709144816182742e-05,0.5,0.0,0.17501883657926473,0.0,1.0,0.0,0.0,0.0,1.0,90.0,64,0.5,0.5,0.25,0.25,Entropia potencial
4305173,0.00020729963116068557,0.5,0.0,0.17508291985246427,0.0,1.0,0.0,0.0,0.0,1.0,90.0,64,0.5,0.5,0.25,0.25,Entropia potencial
4305207,0.0008073828523053876,0.5,0.0,0.17532295314092214,0.0,1.0,0.0,0.0,0.0,1.0,90.0,64,0.5,0.5,0.25,0.25,Entropia potencial
4305306,0.000632015969672621,0.5,0.0,0.17525280638786903,0.0,1.0,0.0,0.0,0.0,1.0,90.0,64,0.5,0.5,0.25,0.25,Entropia potencial
4305355,0.0019109497173754595,0.5,0.0,0.17576437988695018,0.0,1.0,0.0,0.0,0.0,1.0,90.0,64,0.5,0.5,0.25,0.25,Entropia potencial
4305371,0.00011309030569337723,0.5,0.0,0.17504523612227735,0.0,1.0,0.0,0.0,0.0,1.0,90.0,64,0.5,0.5,0.25,0.25,Entropia potencial
4305405,0.00023265469441611874,0.5,0.0,0.17509306187776644,0.0,1.0,0.0,0.0,0.0,1.0,90.0,64,0.5,0.5,0.25,0.25,Entropia potencial
4305439,0.00042478611145118077,0.5,0.0,0.17516991444458047,0.0,1.0,0.0,0.0,0.0,1.0,90.0,64,0.5,0.5,0.25,0.25,Entropia potencial
4305447,0.00012834203591294583,0.5,0.0,0.17505133681436516,0.0,1.0,0.0,0.0,0.0,1.0,90.0,64,0.5,0.5,0.25,0.25,Entropia potencial
4305454,0.00036336372443467307,0.5,0.0,0.17514534548977387,0.0,1.0,0.0,0.0,0.0,1.0,90.0,64,0.5,0.5,0.25,0.25,Entropia potencial
4305504,0.00021666189100850563,0.5,0.0,0.1750866647564034,0.0,1.0,0.0,0.0,0.0,1.0,90.0,64,0.5,0.5,0.25,0.25,Entropia potencial
4305587,5.891901852964704e-05,0.5,0.0,0.17502356760741183,0.0,1.0,0.0,0.0,0.0,1.0,90.0,64,0.5,0.5,0.25,0.25,Entropia potencial
4305603,0.00023343488273677037,0.5,0.0,0.1750933739530947,0.0,1.0,0.0,0.0,0.0,1.0,90.0,64,0.5,0.5,0.25,0.25,Entropia potencial
4305702,0.0005099651271149572,0.5,0.0,0.17520398605084597,0.0,1.0,0.0,0.0,0.0,1.0,90.0,64,0.5,0.5,0.25,0.25,Entropia potencial
4305801,0.00044600025647898166,0.5,0.0,0.17517840010259159,0.0,1.0,0.0,0.0,0.0,1.0,90.0,64,0.5,0.5,0.25,0.25,Entropia potencial
4305835,2.694398337188226e-05,0.5,0.0,0.17501077759334874,0.0,1.0,0.0,0.0,0.0,1.0,90.0,64,0.5,0.5,0.25,0.25,Entropia potencial
4305850,0.00014112951277826102,0.5,0.0,0.17505645180511129,0.0,1.0,0.0,0.0,0.0,1.0,90.0,64,0.5,0.5,0.25,0.25,Entropia potencial
4305871,0.0001695080700676559,0.5,0.0,0.17506780322802706,0.0,1.0,0.0,0.0,0.0,1.0,90.0,64,0.5,0.5,0.25,0.25,Entropia potencial
4305900,0.0003576772298861835,0.5,0.0,0.17514307089195447,0.0,1.0,0.0,0.0,0.0,1.0,90.0,64,0.5,0.5,0.25,0.25,Entropia potencial
4305934,2.6351970554043596e-05,0.5,0.0,0.17501054078822162,0.0,1.0,0.0,0.0,0.0,1.0,90.0,64,0.5,0.5,0.25,0.25,Entropia potencial
4305959,0.00015511581559969948,0.5,0.0,0.17506204632623987,0.0,1.0,0.0,0.0,0.0,1.0,90.0,64,0.5,0.5,0.25,0.25,Entropia potencial
4305975,0.00029425151378073956,0.5,0.0,0.1751177006055123,0.0,1.0,0.0,0.0,0.0,1.0,90.0,64,0.5,0.5,0.25,0.25,Entropia potencial
4306007,0.000499089005918664,0.5,0.0,0.17519963560236745,0.0,1.0,0.0,0.0,0.0,1.0,90.0,64,0.5,0.5,0.25,0.25,Entropia potencial
4306056,0.00032890329260773206,0.5,0.0,0.17513156131704308,0.0,1.0,0.0,0.0,0.0,1.0,90.0,64,0.5,0.5,0.25,0.25,Entropia potencial
4306072,6.835845147693533e-05,0.5,0.0,0.17502734338059076,0.0,1.0,0.0,0.0,0.0,1.0,90.0,64,0.5,0.5,0.25,0.25,Entropia potencial
4306106,0.004334511704894212,0.5,0.0,0.17673380468195768,0.0,1.0,0.0,0.0,0.0,1.0,90.0,64,0.5,0.5,0.25,0.25,Entropia potencial
4306130,9.023966809055087e-05,0.5,0.0,0.1750360958672362,0.0,1.0,0.0,0.0,0.0,1.0,90.0,64,0.5,0.5,0.25,0.25,Entropia potencial
4306205,0.000679449939536198,0.5,0.0,0.17527177997581447,0.0,1.0,0.0,0.0,0.0,1.0,90.0,64,0.5,0.5,0.25,0.25,Entropia potencial
4306304,0.0001820481701483742,0.5,0.0,0.17507281926805934,0.0,1.0,0.0,0.0,0.0,1.0,90.0,64,0.5,0.5,0.25,0.25,Entropia potencial
4306320,8.82289388413917e-05,0.5,0.0,0.17503529157553654,0.0,1.0,0.0,0.0,0.0,1.0,90.0,64,0.5,0.5,0.25,0.25,Entropia potencial
4306353,2.927609100786815e-05,0.5,0.0,0.17501171043640312,0.0,1.0,0.0,0.0,0.0,1.0,90.0,64,0.5,0.5,0.25,0.25,Entropia potencial
4306379,0.0001681527835811038,0.5,0.0,0.17506726111343243,0.0,1.0,0.0,0.0,0.0,1.0,90.0,64,0.5,0.5,0.25,0.25,Entropia potencial
4306403,0.0026229582475612917,0.5,0.0,0.1760491832990245,0.0,1.0,0.0,0.0,0.0,1.0,90.0,64,0.5,0.5,0.25,0.25,Entropia potencial
4306429,0.00011154050070953528,0.5,0.0,0.1750446162002838,0.0,1.0,0.0,0.0,0.0,1.0,90.0,64,0.5,0.5,0.25,0.25,Entropia potencial
4306452,0.00014477673460244566,0.5,0.0,0.17505791069384097,0.0,1.0,0.0,0.0,0.0,1.0,90.0,64,0.5,0.5,0.25,0.25,Entropia potencial
4306502,0.0003384251844832193,0.5,0.0,0.1751353700737933,0.0,1.0,0.0,0.0,0.0,1.0,90.0,64,0.5,0.5,0.25,0.25,Entropia potencial
4306551,5.198929706369624e-05,0.5,0.0,0.17502079571882548,0.0,1.0,0.0,0.0,0.0,1.0,90.0,64,0.5,0.5,0.25,0.25,Entropia potencial
4306601,0.0020931247474133704,0.5,0.0,0.17583724989896535,0.0,1.0,0.0,0.0,0.0,1.0,90.0,64,0.5,0.5,0.25,0.25,Entropia potencial
4306700,7.313261198650572e-05,0.5,0.0,0.17502925304479458,0.0,1.0,0.0,0.0,0.0,1.0,90.0,64,0.5,0.5,0.25,0.25,Entropia potencial
4306734,0.0002273804945086239,0.5,0.0,0.17509095219780343,0.0,1.0,0.0,0.0,0.0,1.0,90.0,64,0.5,0.5,0.25,0.25,Entropia potencial
4306759,5.780688016470727e-05,0.5,0.0,0.17502312275206588,0.0,1.0,0.0,0.0,0.0,1.0,90.0,64,0.5,0.5,0.25,0.25,Entropia potencial
4306767,0.002559870824494613,0.5,0.0,0.17602394832979784,0.0,1.0,0.0,0.0,0.0,1.0,90.0,64,0.5,0.5,0.25,0.25,Entropia potencial
4306809,0.0012787825730011403,0.5,0.0,0.17551151302920046,0.0,1.0,0.0,0.0,0.0,1.0,90.0,64,0.5,0.5,0.25,0.25,Entropia potencial
4306908,0.001144628239815914,0.5,0.0,0.17545785129592636,0.0,1.0,0.0,0.0,0.0,1.0,90.0,64,0.5,0.5,0.25,0.25,Entropia potencial
4306924,3.5163447048124446e-05,0.5,0.0,0.17501406537881925,0.0,1.0,0.0,0.0,0.0,1.0,90.0,64,0.5,0.5,0.25,0.25,Entropia potencial
4306932,0.000493346481585629,0.5,0.0,0.17519733859263423,0.0,1.0,0.0,0.0,0.0,1.0,90.0,64,0.5,0.5,0.25,0.25,Entropia potencial
4306957,0.00020237852461240166,0.5,0.0,0.17508095140984495,0.0,1.0,0.0,0.0,0.0,1.0,90.0,64,0.5,0.5,0.25,0.25,Entropia potencial
4306973,0.0001918058099852508,0.5,0.0,0.1750767223239941,0.0,1.0,0.0,0.0,0.0,1.0,90.0,64,0.5,0.5,0.25,0.25,Entropia potencial
4307005,0.008100943767276632,0.5,0.0,0.17824037750691063,0.0,1.0,0.0,0.0,0.0,1.0,90.0,64,0.5,0.5,0.25,0.25,Entropia potencial
4307054,0.00017241104720655765,0.5,0.0,0.17506896441888262,0.0,1.0,0.0,0.0,0.0,1.0,90.0,64,0.5,0.5,0.25,0.25,Entropia potencial
4307104,0.00018804970008921368,0.5,0.0,0.1750752198800357,0.0,1.0,0.0,0.0,0.0,1.0,90.0,64,0.5,0.5,0.25,0.25,Entropia potencial
4307203,0.00013816099136309857,0.5,0.0,0.17505526439654523,0.0,1.0,0.0,0.0,0.0,1.0,90.0,64,0.5,0.5,0.25,0.25,Entropia potencial
4307302,0.00026721872848618154,0.5,0.0,0.17510688749139447,0.0,1.0,0.0,0.0,0.0,1.0,90.0,64,0.5,0.5,0.25,0.25,Entropia potencial
4307401,0.00029358972802365565,0.5,0.0,0.17511743589120946,0.0,1.0,0.0,0.0,0.0,1.0,90.0,64,0.5,0.5,0.25,0.25,Entropia potencial
4307450,7.546049095950704e-05,0.5,0.0,0.1750301841963838,0.0,1.0,0.0,0.0,0.0,1.0,90.0,64,0.5,0.5,0.25,0.25,Entropia potencial
4307500,0.0009097027533770856,0.5,0.0,0.17536388110135082,0.0,1.0,0.0,0.0,0.0,1.0,90.0,64,0.5,0.5,0.25,0.25,Entropia potencial
4307559,0.0004367468847030141,0.5,0.0,0.1751746987538812,0.0,1.0,0.0,0.0,0.0,1.0,90.0,64,0.5,0.5,0.25,0.25,Entropia potencial
4307609,0.0020835246252726685,0.5,0.0,0.17583340985010906,0.0,1.0,0.0,0.0,0.0,1.0,90.0,64,0.5,0.5,0.25,0.25,Entropia potencial
4307708,0.004524941085077987,0.5,0.0,0.17680997643403118,0.0,1.0,0.0,0.0,0.0,1.0,90.0,64,0.5,0.5,0.25,0.25,Entropia potencial
4307807,0.002300618897071346,0.5,0.0,0.17592024755882854,0.0,1.0,0.0,0.0,0.0,1.0,90.0,64,0.5,0.5,0.25,0.25,Entropia potencial
4307815,0.00012088796023690935,0.5,0.0,0.17504835518409476,0.0,1.0,0.0,0.0,0.0,1.0,90.0,64,0.5,0.5,0.25,0.25,Entropia potencial
4307831,0.0002357595902125333,0.5,0.0,0.175094303836085,0.0,1.0,0.0,0.0,0.0,1.0,90.0,64,0.5,0.5,0.25,0.25,Entropia potencial
4307864,0.00016462290715474077,0.5,0.0,0.1750658491628619,0.0,1.0,0.0,0.0,0.0,1.0,90.0,64,0.5,0.5,0.25,0.25,Entropia potencial
4307906,0.004819735982052244,0.5,0.0,0.1769278943928209,0.0,1.0,0.0,0.0,0.0,1.0,90.0,64,0.5,0.5,0.25,0.25,Entropia potencial
4308003,0.0002450055618282779,0.5,0.0,0.1750980022247313,0.0,1.0,0.0,0.0,0.0,1.0,90.0,64,0.5,0.5,0.25,0.25,Entropia potencial
4308052,6.2109544751499e-05,0.5,0.0,0.1750248438179006,0.0,1.0,0.0,0.0,0.0,1.0,90.0,64,0.5,0.5,0.25,0.25,Entropia potencial
4308078,0.00011159970199131915,0.5,0.0,0.17504463988079652,0.0,1.0,0.0,0.0,0.0,1.0,90.0,64,0.5,0.5,0.25,0.25,Entropia potencial
4308102,0.0006007714360454394,0.5,0.0,0.17524030857441816,0.0,1.0,0.0,0.0,0.0,1.0,90.0,64,0.5,0.5,0.25,0.25,Entropia potencial
4308201,0.002984067037459447,0.5,0.0,0.17619362681498377,0.0,1.0,0.0,0.0,0.0,1.0,90.0,64,0.5,0.5,0.25,0.25,Entropia potencial
4308250,6.620289052055491e-05,0.5,0.0,0.17502648115620822,0.0,1.0,0.0,0.0,0.0,1.0,90.0,64,0.5,0.5,0.25,0.25,Entropia potencial
4308300,0.00022088421099859066,0.5,0.0,0.17508835368439943,0.0,1.0,0.0,0.0,0.0,1.0,90.0,64,0.5,0.5,0.25,0.25,Entropia potencial
4308409,0.0002139502608696553,0.5,0.0,0.17508558010434785,0.0,1.0,0.0,0.0,0.0,1.0,90.0,64,0.5,0.5,0.25,0.25,Entropia potencial
4308433,3.4098881141760994e-05,0.5,0.0,0.1750136395524567,0.0,1.0,0.0,0.0,0.0,1.0,90.0,64,0.5,0.5,0.25,0.25,Entropia potencial
4308458,0.00033285497816680514,0.5,0.0,0.1751331419912667,0.0,1.0,0.0,0.0,0.0,1.0,90.0,64,0.5,0.5,0.25,0.25,Entropia potencial
4308508,0.0016360961378706514,0.5,0.0,0.17565443845514825,0.0,1.0,0.0,0.0,0.0,1.0,90.0,64,0.5,0.5,0.25,0.25,Entropia potencial
4308607,0.003292808064956788,0.5,0.0,0.1763171232259827,0.0,1.0,0.0,0.0,0.0,1.0,90.0,64,0.5,0.5,0.25,0.25,Entropia potencial
4308656,0.000113126249328746,0.5,0.0,0.1750452504997315,0.0,1.0,0.0,0.0,0.0,1.0,90.0,64,0.5,0.5,0.25,0.25,Entropia potencial
4308706,0.00029274928125547396,0.5,0.0,0.17511709971250217,0.0,1.0,0.0,0.0,0.0,1.0,90.0,64,0.5,0.5,0.25,0.25,Entropia potencial
4308805,0.00022112735912020298,0.5,0.0,0.17508845094364808,0.0,1.0,0.0,0.0,0.0,1.0,90.0,64,0.5,0.5,0.25,0.25,Entropia potencial
4308854,0.0001308094607644377,0.5,0.0,0.17505232378430577,0.0,1.0,0.0,0.0,0.0,1.0,90.0,64,0.5,0.5,0.25,0.25,Entropia potencial
4308904,0.0008425262132043353,0.5,0.0,0.17533701048528172,0.0,1.0,0.0,0.0,0.0,1.0,90.0,64,0.5,0.5,0.25,0.25,Entropia potencial
4309001,0.000971258343277607,0.5,0.0,0.17538850333731104,0.0,1.0,0.0,0.0,0.0,1.0,90.0,64,0.5,0.5,0.25,0.25,Entropia potencial
4309050,0.00038927908553556065,0.5,0.0,0.1751557116342142,0.0,1.0,0.0,0.0,0.0,1.0,90.0,64,0.5,0.5,0.25,0.25,Entropia potencial
4309100,0.0032981552093007665,0.5,0.0,0.17631926208372029,0.0,1.0,0.0,0.0,0.0,1.0,90.0,64,0.5,0.5,0.25,0.25,Entropia potencial
4309126,4.943729895251313e-05,0.5,0.0,0.17501977491958098,0.0,1.0,0.0,0.0,0.0,1.0,90.0,64,0.5,0.5,0.25,0.25,Entropia potencial
4309159,9.254323225139097e-05,0.5,0.0,0.17503701729290055,0.0,1.0,0.0,0.0,0.0,1.0,90.0,64,0.5,0.5,0.25,0.25,Entropia potencial
4309209,0.01372683100354001,0.5,0.0,0.180490732401416,0.0,1.0,0.0,0.0,0.0,1.0,90.0,64,0.5,0.5,0.25,0.25,Entropia potencial
4309258,7.670371787696824e-05,0.5,0.0,0.17503068148715079,0.0,1.0,0.0,0.0,0.0,1.0,90.0,64,0.5,0.5,0.25,0.25,Entropia potencial
4309308,0.00877007048330177,0.5,0.0,0.1785080281933207,0.0,1.0,0.0,0.0,0.0,1.0,90.0,64,0.5,0.5,0.25,0.25,Entropia potencial
4309407,0.0011655093776336807,0.5,0.0,0.17546620375105346,0.0,1.0,0.0,0.0,0.0,1.0,90.0,64,0.5,0.5,0.25,0.25,Entropia potencial
4309506,0.0002787661499312739,0.5,0.0,0.1751115064599725,0.0,1.0,0.0,0.0,0.0,1.0,90.0,64,0.5,0.5,0.25,0.25,Entropia potencial
4309555,0.00025369757859304483,0.5,0.0,0.17510147903143722,0.0,1.0,0.0,0.0,0.0,1.0,90.0,64,0.5,0.5,0.25,0.25,Entropia potencial
4309571,4.47899983324796e-05,0.5,0.0,0.17501791599933297,0.0,1.0,0.0,0.0,0.0,1.0,90.0,64,0.5,0.5,0.25,0.25,Entropia potencial
4309605,0.0039089950919124474,0.5,0.0,0.17656359803676497,0.0,1.0,0.0,0.0,0.0,1.0,90.0,64,0.5,0.5,0.25,0.25,Entropia potencial
4309654,0.00022115484542960264,0.5,0.0,0.17508846193817182,0.0,1.0,0.0,0.0,0.0,1.0,90.0,64,0.5,0.5,0.25,0.25,Entropia potencial
4309704,0.00018736359951996852,0.5,0.0,0.17507494543980798,0.0,1.0,0.0,0.0,0.0,1.0,90.0,64,0.5,0.5,0.25,0.25,Entropia potencial
4309753,8.343786367988306e-05,0.5,0.0,0.17503337514547193,0.0,1.0,0.0,0.0,0.0,1.0,90.0,64,0.5,0.5,0.25,0.25,Entropia potencial
4309803,0.00023589385026229312,0.5,0.0,0.1750943575401049,0.0,1.0,0.0,0.0,0.0,1.0,90.0,64,0.5,0.5,0.25,0.25,Entropia potencial
4309902,0.0003437712716614517,0.5,0.0,0.17513750850866458,0.0,1.0,0.0,0.0,0.0,1.0,90.0,64,0.5,0.5,0.25,0.25,Entropia potencial
4309951,0.00015715403115825833,0.5,0.0,0.1750628616124633,0.0,1.0,0.0,0.0,0.0,1.0,90.0,64,0.5,0.5,0.25,0.25,Entropia potencial
4310009,0.0017975137184830943,0.5,0.0,0.17571900548739322,0.0,1.0,0.0,0.0,0.0,1.0,90.0,64,0.5,0.5,0.25,0.25,Entropia potencial
4310108,0.0022922345155387057,0.5,0.0,0.17591689380621547,0.0,1.0,0.0,0.0,0.0,1.0,90.0,64,0.5,0.5,0.25,0.25,Entropia potencial
4310207,0.005775920198955634,0.5,0.0,0.17731036807958225,0.0,1.0,0.0,0.0,0.0,1.0,90.0,64,0.5,0.5,0.25,0.25,Entropia potencial
4310306,0.0001147458272518332,0.5,0.0,0.17504589833090073,0.0,1.0,0.0,0.0,0.0,1.0,90.0,64,0.5,0.5,0.25,0.25,Entropia potencial
4310330,0.0006871270771846702,0.5,0.0,0.17527485083087385,0.0,1.0,0.0,0.0,0.0,1.0,90.0,64,0.5,0.5,0.25,0.25,Entropia potencial
4310363,0.000666776636571466,0.5,0.0,0.17526671065462857,0.0,1.0,0.0,0.0,0.0,1.0,90.0,64,0.5,0.5,0.25,0.25,Entropia potencial
4310405,0.00038658859871163316,0.5,0.0,0.17515463543948465,0.0,1.0,0.0,0.0,0.0,1.0,90.0,64,0.5,0.5,0.25,0.25,Entropia potencial
4310413,5.5649204876834555e-05,0.5,0.0,0.17502225968195073,0.0,1.0,0.0,0.0,0.0,1.0,90.0,64,0.5,0.5,0.25,0.25,Entropia potencial
4310439,0.000236269144102173,0.5,0.0,0.17509450765764087,0.0,1.0,0.0,0.0,0.0,1.0,90.0,64,0.5,0.5,0.25,0.25,Entropia potencial
4310462,0.00015624592578232366,0.5,0.0,0.17506249837031293,0.0,1.0,0.0,0.0,0.0,1.0,90.0,64,0.5,0.5,0.25,0.25,Entropia potencial
4310504,0.00023057207789622198,0.5,0.0,0.17509222883115846,0.0,1.0,0.0,0.0,0.0,1.0,90.0,64,0.5,0.5,0.25,0.25,Entropia potencial
4310538,0.00026173943842393543,0.5,0.0,0.17510469577536955,0.0,1.0,0.0,0.0,0.0,1.0,90.0,64,0.5,0.5,0.25,0.25,Entropia potencial
4310553,7.326687203626556e-05,0.5,0.0,0.1750293067488145,0.0,1.0,0.0,0.0,0.0,1.0,90.0,64,0.5,0.5,0.25,0.25,Entropia potencial
4310579,7.257125697530512e-05,0.5,0.0,0.17502902850279012,0.0,1.0,0.0,0.0,0.0,1.0,90.0,64,0.5,0.5,0.25,0.25,Entropia potencial
4310603,0.001829804846198955,0.5,0.0,0.17573192193847956,0.0,1.0,0.0,0.0,0.0,1.0,90.0,64,0.5,0.5,0.25,0.25,Entropia potencial
4310652,6.598300004535769e-05,0.5,0.0,0.17502639320001814,0.0,1.0,0.0,0.0,0.0,1.0,90.0,64,0.5,0.5,0.25,0.25,Entropia potencial
4310702,5.515233697614854e-05,0.5,0.0,0.17502206093479045,0.0,1.0,0.0,0.0,0.0,1.0,90.0,64,0.5,0.5,0.25,0.25,Entropia potencial
4310751,2.907734384759374e-05,0.5,0.0,0.17501163093753902,0.0,1.0,0.0,0.0,0.0,1.0,90.0,64,0.5,0.5,0.25,0.25,Entropia potencial
4310801,0.0014172882003974808,0.5,0.0,0.17556691528015897,0.0,1.0,0.0,0.0,0.0,1.0,90.0,64,0.5,0.5,0.25,0.25,Entropia potencial
4310850,0.00010173951707706695,0.5,0.0,0.17504069580683082,0.0,1.0,0.0,0.0,0.0,1.0,90.0,64,0.5,0.5,0.25,0.25,Entropia potencial
4310876,9.807538060094407e-05,0.5,0.0,0.17503923015224038,0.0,1.0,0.0,0.0,0.0,1.0,90.0,64,0.5,0.5,0.25,0.25,Entropia potencial
4310900,0.00021548420836730513,0.5,0.0,0.1750861936833469,0.0,1.0,0.0,0.0,0.0,1.0,90.0,64,0.5,0.5,0.25,0.25,Entropia potencial
4311007,0.0009864329003977075,0.5,0.0,0.17539457316015908,0.0,1.0,0.0,0.0,0.0,1.0,90.0,64,0.5,0.5,0.25,0.25,Entropia potencial
4311106,0.00028821721170176973,0.5,0.0,0.1751152868846807,0.0,1.0,0.0,0.0,0.0,1.0,90.0,64,0.5,0.5,0.25,0.25,Entropia potencial
4311122,6.667650077482585e-05,0.5,0.0,0.1750266706003099,0.0,1.0,0.0,0.0,0.0,1.0,90.0,64,0.5,0.5,0.25,0.25,Entropia potencial
4311130,0.0002313015222610589,0.5,0.0,0.1750925206089044,0.0,1.0,0.0,0.0,0.0,1.0,90.0,64,0.5,0.5,0.25,0.25,Entropia potencial
4311155,0.0004573447021008151,0.5,0.0,0.17518293788084033,0.0,1.0,0.0,0.0,0.0,1.0,90.0,64,0.5,0.5,0.25,0.25,Entropia potencial
4311205,0.001469617904831434,0.5,0.0,0.17558784716193257,0.0,1.0,0.0,0.0,0.0,1.0,90.0,64,0.5,0.5,0.25,0.25,Entropia potencial
4311239,4.2738039619220946e-05,0.5,0.0,0.17501709521584768,0.0,1.0,0.0,0.0,0.0,1.0,90.0,64,0.5,0.5,0.25,0.25,Entropia potencial
4311254,9.95860704521788e-05,0.5,0.0,0.17503983442818086,0.0,1.0,0.0,0.0,0.0,1.0,90.0,64,0.5,0.5,0.25,0.25,Entropia potencial
4311270,7.782008490489258e-05,0.5,0.0,0.17503112803396195,0.0,1.0,0.0,0.0,0.0,1.0,90.0,64,0.5,0.5,0.25,0.25,Entropia potencial
4311304,0.001572733851709976,0.5,0.0,0.17562909354068398,0.0,1.0,0.0,0.0,0.0,1.0,90.0,64,0.5,0.5,0.25,0.25,Entropia potencial
4311403,0.006436254467470119,0.5,0.0,0.17757450178698803,0.0,1.0,0.0,0.0,0.0,1.0,90.0,64,0.5,0.5,0.25,0.25,Entropia potencial
4311429,4.0564506845156136e-05,0.5,0.0,0.17501622580273804,0.0,1.0,0.0,0.0,0.0,1.0,90.0,64,0.5,0.5,0.25,0.25,Entropia potencial
4311502,0.0003817954092186323,0.5,0.0,0.17515271816368744,0.0,1.0,0.0,0.0,0.0,1.0,90.0,64,0.5,0.5,0.25,0.25,Entropia potencial
4311601,0.00012271791414347852,0.5,0.0,0.17504908716565737,0.0,1.0,0.0,0.0,0.0,1.0,90.0,64,0.5,0.5,0.25,0.25,Entropia potencial
4311627,0.0003205178539093458,0.5,0.0,0.17512820714156374,0.0,1.0,0.0,0.0,0.0,1.0,90.0,64,0.5,0.5,0.25,0.25,Entropia potencial
4311643,4.7346225106647275e-05,0.5,0.0,0.17501893849004266,0.0,1.0,0.0,0.0,0.0,1.0,90.0,64,0.5,0.5,0.25,0.25,Entropia potencial
4311700,0.00024457106670661415,0.5,0.0,0.17509782842668264,0.0,1.0,0.0,0.0,0.0,1.0,90.0,64,0.5,0.5,0.25,0.25,Entropia potencial
4311718,0.0002760471196322006,0.5,0.0,0.17511041884785286,0.0,1.0,0.0,0.0,0.0,1.0,90.0,64,0.5,0.5,0.25,0.25,Entropia potencial
4311734,6.164544898894332e-05,0.5,0.0,0.17502465817959556,0.0,1.0,0.0,0.0,0.0,1.0,90.0,64,0.5,0.5,0.25,0.25,Entropia potencial
4311759,0.00034790478972886093,0.5,0.0,0.17513916191589154,0.0,1.0,0.0,0.0,0.0,1.0,90.0,64,0.5,0.5,0.25,0.25,Entropia potencial
4311775,0.00018961747689074,0.5,0.0,0.1750758469907563,0.0,1.0,0.0,0.0,0.0,1.0,90.0,64,0.5,0.5,0.25,0.25,Entropia potencial
4311791,5.920656761259725e-05,0.5,0.0,0.17502368262704504,0.0,1.0,0.0,0.0,0.0,1.0,90.0,64,0.5,0.5,0.25,0.25,Entropia potencial
4311809,0.003565072645549298,0.5,0.0,0.17642602905821972,0.0,1.0,0.0,0.0,0.0,1.0,90.0,64,0.5,0.5,0.25,0.25,Entropia potencial
4311908,0.00014891448133283946,0.5,0.0,0.17505956579253312,0.0,1.0,0.0,0.0,0.0,1.0,90.0,64,0.5,0.5,0.25,0.25,Entropia potencial
4311981,7.502176717485874e-05,0.5,0.0,0.17503000870686994,0.0,1.0,0.0,0.0,0.0,1.0,90.0,64,0.5,0.5,0.25,0.25,Entropia potencial
4312005,4.884845763191289e-05,0.5,0.0,0.17501953938305276,0.0,1.0,0.0,0.0,0.0,1.0,90.0,64,0.5,0.5,0.25,0.25,Entropia potencial
4312054,0.00010834786015619105,0.5,0.0,0.17504333914406248,0.0,1.0,0.0,0.0,0.0,1.0,90.0,64,0.5,0.5,0.25,0.25,Entropia potencial
4312104,0.00013338788801927433,0.5,0.0,0.1750533551552077,0.0,1.0,0.0,0.0,0.0,1.0,90.0,64,0.5,0.5,0.25,0.25,Entropia potencial
4312138,9.615556760595297e-05,0.5,0.0,0.17503846222704236,0.0,1.0,0.0,0.0,0.0,1.0,90.0,64,0.5,0.5,0.25,0.25,Entropia potencial
4312153,0.000216882838649449,0.5,0.0,0.17508675313545977,0.0,1.0,0.0,0.0,0.0,1.0,90.0,64,0.5,0.5,0.25,0.25,Entropia potencial
4312179,3.901364469556805e-05,0.5,0.0,0.17501560545787823,0.0,1.0,0.0,0.0,0.0,1.0,90.0,64,0.5,0.5,0.25,0.25,Entropia potencial
4312203,0.00014145617699381843,0.5,0.0,0.17505658247079753,0.0,1.0,0.0,0.0,0.0,1.0,90.0,64,0.5,0.5,0.25,0.25,Entropia potencial
4312252,0.0002497395500394949,0.5,0.0,0.17509989582001578,0.0,1.0,0.0,0.0,0.0,1.0,90.0,64,0.5,0.5,0.25,0.25,Entropia potencial
4312302,0.00017538696878194307,0.5,0.0,0.17507015478751276,0.0,1.0,0.0,0.0,0.0,1.0,90.0,64,0.5,0.5,0.25,0.25,Entropia potencial
4312351,4.1389096127145706e-05,0.5,0.0,0.17501655563845084,0.0,1.0,0.0,0.0,0.0,1.0,90.0,64,0.5,0.5,0.25,0.25,Entropia potencial
4312377,7.297720862182307e-05,0.5,0.0,0.17502919088344873,0.0,1.0,0.0,0.0,0.0,1.0,90.0,64,0.5,0.5,0.25,0.25,Entropia potencial
4312385,8.120195812679596e-05,0.5,0.0,0.1750324807832507,0.0,1.0,0.0,0.0,0.0,1.0,90.0,64,0.5,0.5,0.25,0.25,Entropia potencial
4312401,0.006815086641102319,0.5,0.0,0.1777260346564409,0.0,1.0,0.0,0.0,0.0,1.0,90.0,64,0.5,0.5,0.25,0.25,Entropia potencial
4312427,9.815255370041232e-05,0.5,0.0,0.17503926102148015,0.0,1.0,0.0,0.0,0.0,1.0,90.0,64,0.5,0.5,0.25,0.25,Entropia potencial
4312443,6.52049260561983e-05,0.5,0.0,0.17502608197042246,0.0,1.0,0.0,0.0,0.0,1.0,90.0,64,0.5,0.5,0.25,0.25,Entropia potencial
4312450,0.00013112766765402598,0.5,0.0,0.1750524510670616,0.0,1.0,0.0,0.0,0.0,1.0,90.0,64,0.5,0.5,0.25,0.25,Entropia potencial
4312476,0.00027158376585199553,0.5,0.0,0.1751086335063408,0.0,1.0,0.0,0.0,0.0,1.0,90.0,64,0.5,0.5,0.25,0.25,Entropia potencial
4312500,0.0005034910440855929,0.5,0.0,0.17520139641763421,0.0,1.0,0.0,0.0,0.0,1.0,90.0,64,0.5,0.5,0.25,0.25,Entropia potencial
4312609,0.0002623124222583436,0.5,0.0,0.1751049249689033,0.0,1.0,0.0,0.0,0.0,1.0,90.0,64,0.5,0.5,0.25,0.25,Entropia potencial
4312617,0.0008781664420039691,0.5,0.0,0.17535126657680158,0.0,1.0,0.0,0.0,0.0,1.0,90.0,64,0.5,0.5,0.25,0.25,Entropia potencial
4312625,3.253216150598081e-05,0.5,0.0,0.17501301286460239,0.0,1.0,0.0,0.0,0.0,1.0,90.0,64,0.5,0.5,0.25,0.25,Entropia potencial
4312658,0.002893681480495929,0.5,0.0,0.17615747259219836,0.0,1.0,0.0,0.0,0.0,1.0,90.0,64,0.5,0.5,0.25,0.25,Entropia potencial
4312674,8.403621949219857e-05,0.5,0.0,0.17503361448779686,0.0,1.0,0.0,0.0,0.0,1.0,90.0,64,0.5,0.5,0.25,0.25,Entropia potencial
4312708,0.000520951193548849,0.5,0.0,0.17520838047741952,0.0,1.0,0.0,0.0,0.0,1.0,90.0,64,0.5,0.5,0.25,0.25,Entropia potencial
4312757,0.00018903392139887047,0.5,0.0,0.17507561356855952,0.0,1.0,0.0,0.0,0.0,1.0,90.0,64,0.5,0.5,0.25,0.25,Entropia potencial
4312807,0.00034315917269443633,0.5,0.0,0.17513726366907775,0.0,1.0,0.0,0.0,0.0,1.0,90.0,64,0.5,0.5,0.25,0.25,Entropia potencial
4312906,0.0008331755821797227,0.5,0.0,0.17533327023287187,0.0,1.0,0.0,0.0,0.0,1.0,90.0,64,0.5,0.5,0.25,0.25,Entropia potencial
4312955,0.00012511450888997897,0.5,0.0,0.175050045803556,0.0,1.0,0.0,0.0,0.0,1.0,90.0,64,0.5,0.5,0.25,0.25,Entropia potencial
4313003,0.00011247820672636189,0.5,0.0,0.17504499128269052,0.0,1.0,0.0,0.0,0.0,1.0,90.0,64,0.5,0.5,0.25,0.25,Entropia potencial
4313011,0.00018613411575720714,0.5,0.0,0.17507445364630286,0.0,1.0,0.0,0.0,0.0,1.0,90.0,64,0.5,0.5,0.25,0.25,Entropia potencial
4313037,0.00011839833490474855,0.5,0.0,0.1750473593339619,0.0,1.0,0.0,0.0,0.0,1.0,90.0,64,0.5,0.5,0.25,0.25,Entropia potencial
4313060,0.000923612940264802,0.5,0.0,0.17536944517610592,0.0,1.0,0.0,0.0,0.0,1.0,90.0,64,0.5,0.5,0.25,0.25,Entropia potencial
4313086,7.829898098789422e-05,0.5,0.0,0.17503131959239515,0.0,1.0,0.0,0.0,0.0,1.0,90.0,64,0.5,0.5,0.25,0.25,Entropia potencial
4313102,0.0003033029668991943,0.5,0.0,0.17512132118675966,0.0,1.0,0.0,0.0,0.0,1.0,90.0,64,0.5,0.5,0.25,0.25,Entropia potencial
4313201,0.001082464779611362,0.5,0.0,0.17543298591184453,0.0,1.0,0.0,0.0,0.0,1.0,90.0,64,0.5,0.5,0.25,0.25,Entropia potencial
4313300,0.0015102796709252353,0.5,0.0,0.17560411186837008,0.0,1.0,0.0,0.0,0.0,1.0,90.0,64,0.5,0.5,0.25,0.25,Entropia potencial
4313334,0.0001886226839236218,0.5,0.0,0.17507544907356945,0.0,1.0,0.0,0.0,0.0,1.0,90.0,64,0.5,0.5,0.25,0.25,Entropia potencial
4313359,0.0001654644110886686,0.5,0.0,0.17506618576443544,0.0,1.0,0.0,0.0,0.0,1.0,90.0,64,0.5,0.5,0.25,0.25,Entropia potencial
4313375,0.002893488019164385,0.5,0.0,0.17615739520766574,0.0,1.0,0.0,0.0,0.0,1.0,90.0,64,0.5,0.5,0.25,0.25,Entropia potencial
4313391,0.0001163601193461897,0.5,0.0,0.17504654404773848,0.0,1.0,0.0,0.0,0.0,1.0,90.0,64,0.5,0.5,0.25,0.25,Entropia potencial
4313409,0.011517711916128614,0.5,0.0,0.17960708476645143,0.0,1.0,0.0,0.0,0.0,1.0,90.0,64,0.5,0.5,0.25,0.25,Entropia potencial
4313425,0.00012969309373651338,0.5,0.0,0.1750518772374946,0.0,1.0,0.0,0.0,0.0,1.0,90.0,64,0.5,0.5,0.25,0.25,Entropia potencial
4313441,4.730922430553235e-05,0.5,0.0,0.1750189236897222,0.0,1.0,0.0,0.0,0.0,1.0,90.0,64,0.5,0.5,0.25,0.25,Entropia potencial
4313466,4.650154967548103e-05,0.5,0.0,0.17501860061987018,0.0,1.0,0.0,0.0,0.0,1.0,90.0,64,0.5,0.5,0.25,0.25,Entropia potencial
4313490,9.868642240221326e-05,0.5,0.0,0.17503947456896088,0.0,1.0,0.0,0.0,0.0,1.0,90.0,64,0.5,0.5,0.25,0.25,Entropia potencial
4313508,0.0020837846880462194,0.5,0.0,0.17583351387521848,0.0,1.0,0.0,0.0,0.0,1.0,90.0,64,0.5,0.5,0.25,0.25,Entropia potencial
4313607,0.00012434700655828098,0.5,0.0,0.1750497388026233,0.0,1.0,0.0,0.0,0.0,1.0,90.0,64,0.5,0.5,0.25,0.25,Entropia potencial
4313656,0.0006828466130785473,0.5,0.0,0.17527313864523142,0.0,1.0,0.0,0.0,0.0,1.0,90.0,64,0.5,0.5,0.25,0.25,Entropia potencial
4313706,0.001889775744646012,0.5,0.0,0.1757559102978584,0.0,1.0,0.0,0.0,0.0,1.0,90.0,64,0.5,0.5,0.25,0.25,Entropia potencial
4313805,0.00022515621777874432,0.5,0.0,0.17509006248711148,0.0,1.0,0.0,0.0,0.0,1.0,90.0,64,0.5,0.5,0.25,0.25,Entropia potencial
4313904,0.003838367962744295,0.5,0.0,0.1765353471850977,0.0,1.0,0.0,0.0,0.0,1.0,90.0,64,0.5,0.5,0.25,0.25,Entropia potencial
4313953,0.0005623402896759947,0.5,0.0,0.1752249361158704,0.0,1.0,0.0,0.0,0.0,1.0,90.0,64,0.5,0.5,0.25,0.25,Entropia potencial
4314001,0.0004136678992990214,0.5,0.0,0.1751654671597196,0.0,1.0,0.0,0.0,0.0,1.0,90.0,64,0.5,0.5,0.25,0.25,Entropia potencial
4314027,0.0001743816041573635,0.5,0.0,0.17506975264166294,0.0,1.0,0.0,0.0,0.0,1.0,90.0,64,0.5,0.5,0.25,0.25,Entropia potencial
4314035,0.00012019023084445664,0.5,0.0,0.17504807609233777,0.0,1.0,0.0,0.0,0.0,1.0,90.0,64,0.5,0.5,0.25,0.25,Entropia potencial
4314050,0.0015607751927896349,0.5,0.0,0.17562431007711585,0.0,1.0,0.0,0.0,0.0,1.0,90.0,64,0.5,0.5,0.25,0.25,Entropia potencial
4314068,9.986621937490604e-05,0.5,0.0,0.17503994648774995,0.0,1.0,0.0,0.0,0.0,1.0,90.0,64,0.5,0.5,0.25,0.25,Entropia potencial
4314076,0.0002453195400548816,0.5,0.0,0.17509812781602194,0.0,1.0,0.0,0.0,0.0,1.0,90.0,64,0.5,0.5,0.25,0.25,Entropia potencial
4314100,0.014376172862626128,0.5,0.0,0.18075046914505044,0.0,1.0,0.0,0.0,0.0,1.0,90.0,64,0.5,0.5,0.25,0.25,Entropia potencial
4314134,0.0001869481333817353,0.5,0.0,0.17507477925335269,0.0,1.0,0.0,0.0,0.0,1.0,90.0,64,0.5,0.5,0.25,0.25,Entropia potencial
4314159,0.0002539449553776417,0.5,0.0,0.17510157798215104,0.0,1.0,0.0,0.0,0.0,1.0,90.0,64,0.5,0.5,0.25,0.25,Entropia potencial
4314175,0.0003569858434882076,0.5,0.0,0.17514279433739527,0.0,1.0,0.0,0.0,0.0,1.0,90.0,64,0.5,0.5,0.25,0.25,Entropia potencial
4314209,0.00023683049911337356,0.5,0.0,0.17509473219964533,0.0,1.0,0.0,0.0,0.0,1.0,90.0,64,0.5,0.5,0.25,0.25,Entropia potencial
4314308,0.0002886337350057491,0.5,0.0,0.1751154534940023,0.0,1.0,0.0,0.0,0.0,1.0,90.0,64,0.5,0.5,0.25,0.25,Entropia potencial
4314407,0.012389889514180697,0.5,0.0,0.17995595580567228,0.0,1.0,0.0,0.0,0.0,1.0,90.0,64,0.5,0.5,0.25,0.25,Entropia potencial
4314423,0.0003818567248319084,0.5,0.0,0.17515274268993275,0.0,1.0,0.0,0.0,0.0,1.0,90.0,64,0.5,0.5,0.25,0.25,Entropia potencial
4314456,0.00011903580584967125,0.5,0.0,0.17504761432233987,0.0,1.0,0.0,0.0,0.0,1.0,90.0,64,0.5,0.5,0.25,0.25,Entropia potencial
4314464,0.00027958439621878666,0.5,0.0,0.17511183375848752,0.0,1.0,0.0,0.0,0.0,1.0,90.0,64,0.5,0.5,0.25,0.25,Entropia potencial
4314472,0.0007473072944494628,0.5,0.0,0.17529892291777976,0.0,1.0,0.0,0.0,0.0,1.0,90.0,64,0.5,0.5,0.25,0.25,Entropia potencial
4314498,9.833121471151006e-05,0.5,0.0,0.1750393324858846,0.0,1.0,0.0,0.0,0.0,1.0,90.0,64,0.5,0.5,0.25,0.25,Entropia potencial
4314506,0.0003372422160132881,0.5,0.0,0.1751348968864053,0.0,1.0,0.0,0.0,0.0,1.0,90.0,64,0.5,0.5,0.25,0.25,Entropia potencial
4314548,5.093635998054032e-05,0.5,0.0,0.17502037454399222,0.0,1.0,0.0,0.0,0.0,1.0,90.0,64,0.5,0.5,0.25,0.25,Entropia potencial
4314555,4.214602680138228e-05,0.5,0.0,0.17501685841072054,0.0,1.0,0.0,0.0,0.0,1.0,90.0,64,0.5,0.5,0.25,0.25,Entropia potencial
4314605,0.000830309605841936,0.5,0.0,0.17533212384233676,0.0,1.0,0.0,0.0,0.0,1.0,90.0,64,0.5,0.5,0.25,0.25,Entropia potencial
4314704,0.00027317374313419083,0.5,0.0,0.17510926949725367,0.0,1.0,0.0,0.0,0.0,1.0,90.0,64,0.5,0.5,0.25,0.25,Entropia potencial
4314753,0.0001409667092533554,0.5,0.0,0.17505638668370133,0.0,1.0,0.0,0.0,0.0,1.0,90.0,64,0.5,0.5,0.25,0.25,Entropia potencial
4314779,0.0002926879656421978,0.5,0.0,0.17511707518625685,0.0,1.0,0.0,0.0,0.0,1.0,90.0,64,0.5,0.5,0.25,0.25,Entropia potencial
4314787,5.20040973841422e-05,0.5,0.0,0.17502080163895364,0.0,1.0,0.0,0.0,0.0,1.0,90.0,64,0.5,0.5,0.25,0.25,Entropia potencial
4314803,0.0016094249032612734,0.5,0.0,0.17564376996130449,0.0,1.0,0.0,0.0,0.0,1.0,90.0,64,0.5,0.5,0.25,0.25,Entropia potencial
4314902,0.09534993753445468,0.5,0.0,0.21313997501378187,0.0,1.0,0.0,0.0,0.0,1.0,90.0,64,0.5,0.5,0.25,0.25,Entropia potencial
4315008,9.873399486078958e-05,0.5,0.0,0.1750394935979443,0.0,1.0,0.0,0.0,0.0,1.0,90.0,64,0.5,0.5,0.25,0.25,Entropia potencial
4315057,5.1420541892272664e-05,0.5,0.0,0.1750205682167569,0.0,1.0,0.0,0.0,0.0,1.0,90.0,64,0.5,0.5,0.25,0.25,Entropia potencial
4315073,2.07807070718833e-05,0.5,0.0,0.17500831228282873,0.0,1.0,0.0,0.0,0.0,1.0,90.0,64,0.5,0.5,0.25,0.25,Entropia potencial
4315107,0.00019424469136159687,0.5,0.0,0.17507769787654462,0.0,1.0,0.0,0.0,0.0,1.0,90.0,64,0.5,0.5,0.25,0.25,Entropia potencial
4315131,3.2239326594299904e-05,0.5,0.0,0.17501289573063772,0.0,1.0,0.0,0.0,0.0,1.0,90.0,64,0.5,0.5,0.25,0.25,Entropia potencial
4315149,0.0002892976350943253,0.5,0.0,0.17511571905403772,0.0,1.0,0.0,0.0,0.0,1.0,90.0,64,0.5,0.5,0.25,0.25,Entropia potencial
4315156,0.0001425915730051733,0.5,0.0,0.17505703662920205,0.0,1.0,0.0,0.0,0.0,1.0,90.0,64,0.5,0.5,0.25,0.25,Entropia potencial
4315172,6.861005692451677e-05,0.5,0.0,0.1750274440227698,0.0,1.0,0.0,0.0,0.0,1.0,90.0,64,0.5,0.5,0.25,0.25,Entropia potencial
4315206,0.00010950017081948416,0.5,0.0,0.1750438000683278,0.0,1.0,0.0,0.0,0.0,1.0,90.0,64,0.5,0.5,0.25,0.25,Entropia potencial
4315305,0.0006004278571779437,0.5,0.0,0.17524017114287116,0.0,1.0,0.0,0.0,0.0,1.0,90.0,64,0.5,0.5,0.25,0.25,Entropia potencial
4315313,0.00013189199848848555,0.5,0.0,0.1750527567993954,0.0,1.0,0.0,0.0,0.0,1.0,90.0,64,0.5,0.5,0.25,0.25,Entropia potencial
4315321,0.00017842314880485853,0.5,0.0,0.17507136925952194,0.0,1.0,0.0,0.0,0.0,1.0,90.0,64,0.5,0.5,0.25,0.25,Entropia potencial
4315354,0.00014891236700134719,0.5,0.0,0.17505956494680053,0.0,1.0,0.0,0.0,0.0,1.0,90.0,64,0.5,0.5,0.25,0.25,Entropia potencial
4315404,0.0001744260051187014,0.5,0.0,0.17506977040204746,0.0,1.0,0.0,0.0,0.0,1.0,90.0,64,0.5,0.5,0.25,0.25,Entropia potencial
4315453,4.4046810812942846e-05,0.5,0.0,0.17501761872432517,0.0,1.0,0.0,0.0,0.0,1.0,90.0,64,0.5,0.5,0.25,0.25,Entropia potencial
4315503,0.0005721011010101097,0.5,0.0,0.17522884044040404,0.0,1.0,0.0,0.0,0.0,1.0,90.0,64,0.5,0.5,0.25,0.25,Entropia potencial
4315552,9.649280347897178e-05,0.5,0.0,0.17503859712139158,0.0,1.0,0.0,0.0,0.0,1.0,90.0,64,0.5,0.5,0.25,0.25,Entropia potencial
4315602,0.013784180130936638,0.5,0.0,0.18051367205237465,0.0,1.0,0.0,0.0,0.0,1.0,90.0,64,0.5,0.5,0.25,0.25,Entropia potencial
4315701,0.0015216886036575831,0.5,0.0,0.17560867544146302,0.0,1.0,0.0,0.0,0.0,1.0,90.0,64,0.5,0.5,0.25,0.25,Entropia potencial
4315750,0.00013336780187009765,0.5,0.0,0.17505334712074802,0.0,1.0,0.0,0.0,0.0,1.0,90.0,64,0.5,0.5,0.25,0.25,Entropia potencial
4315800,0.0005739331692481711,0.5,0.0,0.17522957326769925,0.0,1.0,0.0,0.0,0.0,1.0,90.0,64,0.5,0.5,0.25,0.25,Entropia potencial
4315909,0.0002511783526199921,0.5,0.0,0.17510047134104798,0.0,1.0,0.0,0.0,0.0,1.0,90.0,64,0.5,0.5,0.25,0.25,Entropia potencial
4315958,7.308186803069097e-05,0.5,0.0,0.17502923274721227,0.0,1.0,0.0,0.0,0.0,1.0,90.0,64,0.5,0.5,0.25,0.25,Entropia potencial
4316006,0.0008468331064541115,0.5,0.0,0.17533873324258165,0.0,1.0,0.0,0.0,0.0,1.0,90.0,64,0.5,0.5,0.25,0.25,Entropia potencial
4316105,0.0004342731168570454,0.5,0.0,0.1751737092467428,0.0,1.0,0.0,0.0,0.0,1.0,90.0,64,0.5,0.5,0.25,0.25,Entropia potencial
4316204,0.00022470480800514234,0.5,0.0,0.17508988192320205,0.0,1.0,0.0,0.0,0.0,1.0,90.0,64,0.5,0.5,0.25,0.25,Entropia potencial
4316303,0.0004112649615580441,0.5,0.0,0.17516450598462321,0.0,1.0,0.0,0.0,0.0,1.0,90.0,64,0.5,0.5,0.25,0.25,Entropia potencial
4316402,0.0011996368022505876,0.5,0.0,0.17547985472090022,0.0,1.0,0.0,0.0,0.0,1.0,90.0,64,0.5,0.5,0.25,0.25,Entropia potencial
4316428,4.4621908978843263e-05,0.5,0.0,0.17501784876359153,0.0,1.0,0.0,0.0,0.0,1.0,90.0,64,0.5,0.5,0.25,0.25,Entropia potencial
4316436,0.00016266080752990405,0.5,0.0,0.17506506432301194,0.0,1.0,0.0,0.0,0.0,1.0,90.0,64,0.5,0.5,0.25,0.25,Entropia potencial
4316451,0.0008709502286208142,0.5,0.0,0.17534838009144832,0.0,1.0,0.0,0.0,0.0,1.0,90.0,64,0.5,0.5,0.25,0.25,Entropia potencial
4316477,0.0001362263780476615,0.5,0.0,0.17505449055121905,0.0,1.0,0.0,0.0,0.0,1.0,90.0,64,0.5,0.5,0.25,0.25,Entropia potencial
4316501,0.0003189532486050579,0.5,0.0,0.175127581299442,0.0,1.0,0.0,0.0,0.0,1.0,90.0,64,0.5,0.5,0.25,0.25,Entropia potencial
4316600,0.0008529192096546423,0.5,0.0,0.17534116768386185,0.0,1.0,0.0,0.0,0.0,1.0,90.0,64,0.5,0.5,0.25,0.25,Entropia potencial
4316709,0.0010154150993281486,0.5,0.0,0.17540616603973125,0.0,1.0,0.0,0.0,0.0,1.0,90.0,64,0.5,0.5,0.25,0.25,Entropia potencial
4316733,8.684616604543995e-05,0.5,0.0,0.17503473846641818,0.0,1.0,0.0,0.0,0.0,1.0,90.0,64,0.5,0.5,0.25,0.25,Entropia potencial
4316758,0.000358968029262221,0.5,0.0,0.17514358721170487,0.0,1.0,0.0,0.0,0.0,1.0,90.0,64,0.5,0.5,0.25,0.25,Entropia potencial
4316808,0.011807032808869355,0.5,0.0,0.17972281312354774,0.0,1.0,0.0,0.0,0.0,1.0,90.0,64,0.5,0.5,0.25,0.25,Entropia potencial
4316907,0.010337709853281094,0.5,0.0,0.17913508394131242,0.0,1.0,0.0,0.0,0.0,1.0,90.0,64,0.5,0.5,0.25,0.25,Entropia potencial
4316956,0.0002563045493230273,0.5,0.0,0.1751025218197292,0.0,1.0,0.0,0.0,0.0,1.0,90.0,64,0.5,0.5,0.25,0.25,Entropia potencial
4316972,0.00024009502693745537,0.5,0.0,0.17509603801077497,0.0,1.0,0.0,0.0,0.0,1.0,90.0,64,0.5,0.5,0.25,0.25,Entropia potencial
4317004,0.00030317822134114976,0.5,0.0,0.17512127128853644,0.0,1.0,0.0,0.0,0.0,1.0,90.0,64,0.5,0.5,0.25,0.25,Entropia potencial
4317103,0.0029583472520215955,0.5,0.0,0.17618333890080862,0.0,1.0,0.0,0.0,0.0,1.0,90.0,64,0.5,0.5,0.25,0.25,Entropia potencial
4317202,0.004259544910338152,0.5,0.0,0.17670381796413526,0.0,1.0,0.0,0.0,0.0,1.0,90.0,64,0.5,0.5,0.25,0.25,Entropia potencial
4317251,2.5937561581556535e-05,0.5,0.0,0.17501037502463263,0.0,1.0,0.0,0.0,0.0,1.0,90.0,64,0.5,0.5,0.25,0.25,Entropia potencial
4317301,0.0016715492483332184,0.5,0.0,0.17566861969933328,0.0,1.0,0.0,0.0,0.0,1.0,90.0,64,0.5,0.5,0.25,0.25,Entropia potencial
4317400,0.0018370041449301718,0.5,0.0,0.17573480165797206,0.0,1.0,0.0,0.0,0.0,1.0,90.0,64,0.5,0.5,0.25,0.25,Entropia potencial
4317509,0.0032150048947038336,0.5,0.0,0.17628600195788152,0.0,1.0,0.0,0.0,0.0,1.0,90.0,64,0.5,0.5,0.25,0.25,Entropia potencial
4317558,8.258790241998612e-05,0.5,0.0,0.175033035160968,0.0,1.0,0.0,0.0,0.0,1.0,90.0,64,0.5,0.5,0.25,0.25,Entropia potencial
4317608,0.001996171019669081,0.5,0.0,0.17579846840786761,0.0,1.0,0.0,0.0,0.0,1.0,90.0,64,0.5,0.5,0.25,0.25,Entropia potencial
4317707,0.00037338882720532317,0.5,0.0,0.17514935553088212,0.0,1.0,0.0,0.0,0.0,1.0,90.0,64,0.5,0.5,0.25,0.25,Entropia potencial
4317756,0.00015450054513544572,0.5,0.0,0.17506180021805418,0.0,1.0,0.0,0.0,0.0,1.0,90.0,64,0.5,0.5,0.25,0.25,Entropia potencial
4317806,0.0007238160144044753,0.5,0.0,0.1752895264057618,0.0,1.0,0.0,0.0,0.0,1.0,90.0,64,0.5,0.5,0.25,0.25,Entropia potencial
4317905,0.0007080843309361589,0.5,0.0,0.17528323373237445,0.0,1.0,0.0,0.0,0.0,1.0,90.0,64,0.5,0.5,0.25,0.25,Entropia potencial
4317954,8.078437765707047e-05,0.5,0.0,0.17503231375106282,0.0,1.0,0.0,0.0,0.0,1.0,90.0,64,0.5,0.5,0.25,0.25,Entropia potencial
4318002,0.002467607741165949,0.5,0.0,0.17598704309646637,0.0,1.0,0.0,0.0,0.0,1.0,90.0,64,0.5,0.5,0.25,0.25,Entropia potencial
4318051,9.876148117018924e-05,0.5,0.0,0.17503950459246806,0.0,1.0,0.0,0.0,0.0,1.0,90.0,64,0.5,0.5,0.25,0.25,Entropia potencial
4318101,0.0004927047819777217,0.5,0.0,0.17519708191279107,0.0,1.0,0.0,0.0,0.0,1.0,90.0,64,0.5,0.5,0.25,0.25,Entropia potencial
4318200,0.0010725126212771956,0.5,0.0,0.17542900504851086,0.0,1.0,0.0,0.0,0.0,1.0,90.0,64,0.5,0.5,0.25,0.25,Entropia potencial
4318309,0.0025477324473974277,0.5,0.0,0.17601909297895896,0.0,1.0,0.0,0.0,0.0,1.0,90.0,64,0.5,0.5,0.25,0.25,Entropia potencial
4318408,0.0006736408137611561,0.5,0.0,0.17526945632550445,0.0,1.0,0.0,0.0,0.0,1.0,90.0,64,0.5,0.5,0.25,0.25,Entropia potencial
4318424,0.00014318570015450424,0.5,0.0,0.1750572742800618,0.0,1.0,0.0,0.0,0.0,1.0,90.0,64,0.5,0.5,0.25,0.25,Entropia potencial
4318432,8.409013494525174e-05,0.5,0.0,0.1750336360539781,0.0,1.0,0.0,0.0,0.0,1.0,90.0,64,0.5,0.5,0.25,0.25,Entropia potencial
4318440,8.930724790245497e-05,0.5,0.0,0.17503572289916097,0.0,1.0,0.0,0.0,0.0,1.0,90.0,64,0.5,0.5,0.25,0.25,Entropia potencial
4318457,5.381819380451926e-05,0.5,0.0,0.1750215272775218,0.0,1.0,0.0,0.0,0.0,1.0,90.0,64,0.5,0.5,0.25,0.25,Entropia potencial
4318465,3.336520811393951e-05,0.5,0.0,0.17501334608324556,0.0,1.0,0.0,0.0,0.0,1.0,90.0,64,0.5,0.5,0.25,0.25,Entropia potencial
4318481,0.00011073811190821467,0.5,0.0,0.17504429524476328,0.0,1.0,0.0,0.0,0.0,1.0,90.0,64,0.5,0.5,0.25,0.25,Entropia potencial
4318499,0.00017363630230633447,0.5,0.0,0.1750694545209225,0.0,1.0,0.0,0.0,0.0,1.0,90.0,64,0.5,0.5,0.25,0.25,Entropia potencial
4318507,0.0006666222903725295,0.5,0.0,0.175266648916149,0.0,1.0,0.0,0.0,0.0,1.0,90.0,64,0.5,0.5,0.25,0.25,Entropia potencial
4318606,0.0004246539657329132,0.5,0.0,0.17516986158629316,0.0,1.0,0.0,0.0,0.0,1.0,90.0,64,0.5,0.5,0.25,0.25,Entropia potencial
4318614,7.590555773863219e-05,0.5,0.0,0.17503036222309545,0.0,1.0,0.0,0.0,0.0,1.0,90.0,64,0.5,0.5,0.25,0.25,Entropia potencial
4318622,0.0001365318989482961,0.5,0.0,0.17505461275957931,0.0,1.0,0.0,0.0,0.0,1.0,90.0,64,0.5,0.5,0.25,0.25,Entropia potencial
4318705,0.011721517614498305,0.5,0.0,0.1796886070457993,0.0,1.0,0.0,0.0,0.0,1.0,90.0,64,0.5,0.5,0.25,0.25,Entropia potencial
4318804,0.0016958429171795265,0.5,0.0,0.1756783371668718,0.0,1.0,0.0,0.0,0.0,1.0,90.0,64,0.5,0.5,0.25,0.25,Entropia potencial
4318903,0.001812269637967723,0.5,0.0,0.17572490785518707,0.0,1.0,0.0,0.0,0.0,1.0,90.0,64,0.5,0.5,0.25,0.25,Entropia potencial
4319000,0.0012631576632731842,0.5,0.0,0.17550526306530925,0.0,1.0,0.0,0.0,0.0,1.0,90.0,64,0.5,0.5,0.25,0.25,Entropia potencial
4319109,0.00028935366487887077,0.5,0.0,0.17511574146595155,0.0,1.0,0.0,0.0,0.0,1.0,90.0,64,0.5,0.5,0.25,0.25,Entropia potencial
4319125,0.00024074835536857018,0.5,0.0,0.1750962993421474,0.0,1.0,0.0,0.0,0.0,1.0,90.0,64,0.5,0.5,0.25,0.25,Entropia potencial
4319158,0.0005200800889740292,0.5,0.0,0.1752080320355896,0.0,1.0,0.0,0.0,0.0,1.0,90.0,64,0.5,0.5,0.25,0.25,Entropia potencial
4319208,0.00015905587233556504,0.5,0.0,0.17506362234893422,0.0,1.0,0.0,0.0,0.0,1.0,90.0,64,0.5,0.5,0.25,0.25,Entropia potencial
4319307,0.00016919092034381377,0.5,0.0,0.17506767636813753,0.0,1.0,0.0,0.0,0.0,1.0,90.0,64,0.5,0.5,0.25,0.25,Entropia potencial
4319356,8.83885708690589e-05,0.5,0.0,0.1750353554283476,0.0,1.0,0.0,0.0,0.0,1.0,90.0,64,0.5,0.5,0.25,0.25,Entropia potencial
4319364,8.574988516669227e-05,0.5,0.0,0.17503429995406666,0.0,1.0,0.0,0.0,0.0,1.0,90.0,64,0.5,0.5,0.25,0.25,Entropia potencial
4319372,0.00011345291354430341,0.5,0.0,0.1750453811654177,0.0,1.0,0.0,0.0,0.0,1.0,90.0,64,0.5,0.5,0.25,0.25,Entropia potencial
4319406,0.0004617192539583444,0.5,0.0,0.17518468770158332,0.0,1.0,0.0,0.0,0.0,1.0,90.0,64,0.5,0.5,0.25,0.25,Entropia potencial
4319505,0.0010223162773189535,0.5,0.0,0.17540892651092757,0.0,1.0,0.0,0.0,0.0,1.0,90.0,64,0.5,0.5,0.25,0.25,Entropia potencial
4319604,0.0009249407404419543,0.5,0.0,0.17536997629617676,0.0,1.0,0.0,0.0,0.0,1.0,90.0,64,0.5,0.5,0.25,0.25,Entropia potencial
4319703,0.00010182091883951977,0.5,0.0,0.1750407283675358,0.0,1.0,0.0,0.0,0.0,1.0,90.0,64,0.5,0.5,0.25,0.25,Entropia potencial
4319711,5.920233894961269e-05,0.5,0.0,0.17502368093557982,0.0,1.0,0.0,0.0,0.0,1.0,90.0,64,0.5,0.5,0.25,0.25,Entropia potencial
4319737,3.758541377253228e-05,0.5,0.0,0.175015034165509,0.0,1.0,0.0,0.0,0.0,1.0,90.0,64,0.5,0.5,0.25,0.25,Entropia potencial
4319752,7.19803013232126e-05,0.5,0.0,0.17502879212052927,0.0,1.0,0.0,0.0,0.0,1.0,90.0,64,0.5,0.5,0.25,0.25,Entropia potencial
4319802,0.0006612043159235595,0.5,0.0,0.1752644817263694,0.0,1.0,0.0,0.0,0.0,1.0,90.0,64,0.5,0.5,0.25,0.25,Entropia potencial
4319901,0.003874649891151836,0.5,0.0,0.17654985995646072,0.0,1.0,0.0,0.0,0.0,1.0,90.0,64,0.5,0.5,0.25,0.25,Entropia potencial
4320008,0.00460698771863595,0.5,0.0,0.17684279508745437,0.0,1.0,0.0,0.0,0.0,1.0,90.0,64,0.5,0.5,0.25,0.25,Entropia potencial
4320107,0.0014456699291841139,0.5,0.0,0.17557826797167364,0.0,1.0,0.0,0.0,0.0,1.0,90.0,64,0.5,0.5,0.25,0.25,Entropia potencial
4320206,0.0006681372088867488,0.5,0.0,0.17526725488355469,0.0,1.0,0.0,0.0,0.0,1.0,90.0,64,0.5,0.5,0.25,0.25,Entropia potencial
4320230,9.668203614753093e-05,0.5,0.0,0.175038672814459,0.0,1.0,0.0,0.0,0.0,1.0,90.0,64,0.5,0.5,0.25,0.25,Entropia potencial
4320263,0.00011697221831320504,0.5,0.0,0.17504678888732528,0.0,1.0,0.0,0.0,0.0,1.0,90.0,64,0.5,0.5,0.25,0.25,Entropia potencial
4320305,0.00031141882833231473,0.5,0.0,0.1751245675313329,0.0,1.0,0.0,0.0,0.0,1.0,90.0,64,0.5,0.5,0.25,0.25,Entropia potencial
4320321,9.259186187571343e-05,0.5,0.0,0.17503703674475027,0.0,1.0,0.0,0.0,0.0,1.0,90.0,64,0.5,0.5,0.25,0.25,Entropia potencial
4320354,0.00013641032488748993,0.5,0.0,0.175054564129955,0.0,1.0,0.0,0.0,0.0,1.0,90.0,64,0.5,0.5,0.25,0.25,Entropia potencial
4320404,0.0008553718341856881,0.5,0.0,0.17534214873367426,0.0,1.0,0.0,0.0,0.0,1.0,90.0,64,0.5,0.5,0.25,0.25,Entropia potencial
4320453,3.9982008519032726e-05,0.5,0.0,0.1750159928034076,0.0,1.0,0.0,0.0,0.0,1.0,90.0,64,0.5,0.5,0.25,0.25,Entropia potencial
4320503,0.0003978442424107908,0.5,0.0,0.1751591376969643,0.0,1.0,0.0,0.0,0.0,1.0,90.0,64,0.5,0.5,0.25,0.25,Entropia potencial
4320552,0.0003356807822062386,0.5,0.0,0.17513427231288248,0.0,1.0,0.0,0.0,0.0,1.0,90.0,64,0.5,0.5,0.25,0.25,Entropia potencial
4320578,4.231940198374932e-05,0.5,0.0,0.1750169277607935,0.0,1.0,0.0,0.0,0.0,1.0,90.0,64,0.5,0.5,0.25,0.25,Entropia potencial
4320602,0.00011137029702440666,0.5,0.0,0.17504454811880976,0.0,1.0,0.0,0.0,0.0,1.0,90.0,64,0.5,0.5,0.25,0.25,Entropia potencial
4320651,5.0799985599288204e-05,0.5,0.0,0.1750203199942397,0.0,1.0,0.0,0.0,0.0,1.0,90.0,64,0.5,0.5,0.25,0.25,Entropia potencial
4320677,0.00018663098365789317,0.5,0.0,0.17507465239346315,0.0,1.0,0.0,0.0,0.0,1.0,90.0,64,0.5,0.5,0.25,0.25,Entropia potencial
4320701,0.00047712215887961104,0.5,0.0,0.17519084886355182,0.0,1.0,0.0,0.0,0.0,1.0,90.0,64,0.5,0.5,0.25,0.25,Entropia potencial
4320800,0.0012663154173569056,0.5,0.0,0.17550652616694276,0.0,1.0,0.0,0.0,0.0,1.0,90.0,64,0.5,0.5,0.25,0.25,Entropia potencial
4320859,0.00014469850433723125,0.5,0.0,0.1750578794017349,0.0,1.0,0.0,0.0,0.0,1.0,90.0,64,0.5,0.5,0.25,0.25,Entropia potencial
4320909,0.00176507564472852,0.5,0.0,0.1757060302578914,0.0,1.0,0.0,0.0,0.0,1.0,90.0,64,0.5,0.5,0.25,0.25,Entropia potencial
4321006,0.000599850644680551,0.5,0.0,0.1752399402578722,0.0,1.0,0.0,0.0,0.0,1.0,90.0,64,0.5,0.5,0.25,0.25,Entropia potencial
4321105,0.0005601202416090997,0.5,0.0,0.17522404809664363,0.0,1.0,0.0,0.0,0.0,1.0,90.0,64,0.5,0.5,0.25,0.25,Entropia potencial
4321204,0.0017224084352142905,0.5,0.0,0.1756889633740857,0.0,1.0,0.0,0.0,0.0,1.0,90.0,64,0.5,0.5,0.25,0.25,Entropia potencial
4321303,0.001054372714239171,0.5,0.0,0.17542174908569566,0.0,1.0,0.0,0.0,0.0,1.0,90.0,64,0.5,0.5,0.25,0.25,Entropia potencial
4321329,0.00016024518379997307,0.5,0.0,0.17506409807351997,0.0,1.0,0.0,0.0,0.0,1.0,90.0,64,0.5,0.5,0.25,0.25,Entropia potencial
4321352,0.00010798630947101101,0.5,0.0,0.1750431945237884,0.0,1.0,0.0,0.0,0.0,1.0,90.0,64,0.5,0.5,0.25,0.25,Entropia potencial
4321402,0.0005400488927528766,0.5,0.0,0.17521601955710114,0.0,1.0,0.0,0.0,0.0,1.0,90.0,64,0.5,0.5,0.25,0.25,Entropia potencial
4321436,0.0003133354698300674,0.5,0.0,0.17512533418793202,0.0,1.0,0.0,0.0,0.0,1.0,90.0,64,0.5,0.5,0.25,0.25,Entropia potencial
4321451,0.0018589255338421406,0.5,0.0,0.17574357021353684,0.0,1.0,0.0,0.0,0.0,1.0,90.0,64,0.5,0.5,0.25,0.25,Entropia potencial
4321469,0.00017466281024583686,0.5,0.0,0.17506986512409833,0.0,1.0,0.0,0.0,0.0,1.0,90.0,64,0.5,0.5,0.25,0.25,Entropia potencial
4321477,0.00014333370335896392,0.5,0.0,0.17505733348134359,0.0,1.0,0.0,0.0,0.0,1.0,90.0,64,0.5,0.5,0.25,0.25,Entropia potencial
4321493,5.7150380236354033e-05,0.5,0.0,0.17502286015209453,0.0,1.0,0.0,0.0,0.0,1.0,90.0,64,0.5,0.5,0.25,0.25,Entropia potencial
4321501,0.0016109007066428854,0.5,0.0,0.17564436028265715,0.0,1.0,0.0,0.0,0.0,1.0,90.0,64,0.5,0.5,0.25,0.25,Entropia potencial
4321600,0.0013833024359905567,0.5,0.0,0.17555332097439622,0.0,1.0,0.0,0.0,0.0,1.0,90.0,64,0.5,0.5,0.25,0.25,Entropia potencial
4321626,5.762399049062496e-05,0.5,0.0,0.17502304959619625,0.0,1.0,0.0,0.0,0.0,1.0,90.0,64,0.5,0.5,0.25,0.25,Entropia potencial
4321634,0.00010726743676363549,0.5,0.0,0.17504290697470545,0.0,1.0,0.0,0.0,0.0,1.0,90.0,64,0.5,0.5,0.25,0.25,Entropia potencial
4321667,0.0003347367331949352,0.5,0.0,0.17513389469327797,0.0,1.0,0.0,0.0,0.0,1.0,90.0,64,0.5,0.5,0.25,0.25,Entropia potencial
4321709,0.0009725258850072294,0.5,0.0,0.1753890103540029,0.0,1.0,0.0,0.0,0.0,1.0,90.0,64,0.5,0.5,0.25,0.25,Entropia potencial
4321808,0.0014393967076465164,0.5,0.0,0.1755757586830586,0.0,1.0,0.0,0.0,0.0,1.0,90.0,64,0.5,0.5,0.25,0.25,Entropia potencial
4321832,4.706184752093549e-05,0.5,0.0,0.17501882473900837,0.0,1.0,0.0,0.0,0.0,1.0,90.0,64,0.5,0.5,0.25,0.25,Entropia potencial
4321857,0.00015456080358297575,0.5,0.0,0.1750618243214332,0.0,1.0,0.0,0.0,0.0,1.0,90.0,64,0.5,0.5,0.25,0.25,Entropia potencial
4321907,0.0010802891325058048,0.5,0.0,0.17543211565300232,0.0,1.0,0.0,0.0,0.0,1.0,90.0,64,0.5,0.5,0.25,0.25,Entropia potencial
4321956,0.00034801684929795183,0.5,0.0,0.17513920673971917,0.0,1.0,0.0,0.0,0.0,1.0,90.0,64,0.5,0.5,0.25,0.25,Entropia potencial
4322004,0.00854090020718493,0.5,0.0,0.17841636008287395,0.0,1.0,0.0,0.0,0.0,1.0,90.0,64,0.5,0.5,0.25,0.25,Entropia potencial
4322103,0.00022284842495491966,0.5,0.0,0.17508913936998197,0.0,1.0,0.0,0.0,0.0,1.0,90.0,64,0.5,0.5,0.25,0.25,Entropia potencial
4322152,7.73972186064364e-05,0.5,0.0,0.17503095888744255,0.0,1.0,0.0,0.0,0.0,1.0,90.0,64,0.5,0.5,0.25,0.25,Entropia potencial
4322186,5.107907735626929e-05,0.5,0.0,0.1750204316309425,0.0,1.0,0.0,0.0,0.0,1.0,90.0,64,0.5,0.5,0.25,0.25,Entropia potencial
4322202,0.001433200659208387,0.5,0.0,0.17557328026368335,0.0,1.0,0.0,0.0,0.0,1.0,90.0,64,0.5,0.5,0.25,0.25,Entropia potencial
4322251,0.0004980392403327465,0.5,0.0,0.1751992156961331,0.0,1.0,0.0,0.0,0.0,1.0,90.0,64,0.5,0.5,0.25,0.25,Entropia potencial
4322301,0.00033476421950433483,0.5,0.0,0.1751339056878017,0.0,1.0,0.0,0.0,0.0,1.0,90.0,64,0.5,0.5,0.25,0.25,Entropia potencial
4322327,0.00014222579365700869,0.5,0.0,0.1750568903174628,0.0,1.0,0.0,0.0,0.0,1.0,90.0,64,0.5,0.5,0.25,0.25,Entropia potencial
4322343,4.7871636482479084e-05,0.5,0.0,0.17501914865459298,0.0,1.0,0.0,0.0,0.0,1.0,90.0,64,0.5,0.5,0.25,0.25,Entropia potencial
4322350,4.243040438709407e-05,0.5,0.0,0.17501697216175482,0.0,1.0,0.0,0.0,0.0,1.0,90.0,64,0.5,0.5,0.25,0.25,Entropia potencial
4322376,5.464278308650883e-05,0.5,0.0,0.1750218571132346,0.0,1.0,0.0,0.0,0.0,1.0,90.0,64,0.5,0.5,0.25,0.25,Entropia potencial
4322400,0.0036337725615622368,0.5,0.0,0.1764535090246249,0.0,1.0,0.0,0.0,0.0,1.0,90.0,64,0.5,0.5,0.25,0.25,Entropia potencial
4322509,0.0032799275575058125,0.5,0.0,0.1763119710230023,0.0,1.0,0.0,0.0,0.0,1.0,90.0,64,0.5,0.5,0.25,0.25,Entropia potencial
4322525,0.00010936379643823206,0.5,0.0,0.1750437455185753,0.0,1.0,0.0,0.0,0.0,1.0,90.0,64,0.5,0.5,0.25,0.25,Entropia potencial
4322533,0.00030443413424756464,0.5,0.0,0.17512177365369902,0.0,1.0,0.0,0.0,0.0,1.0,90.0,64,0.5,0.5,0.25,0.25,Entropia potencial
4322541,0.00022795136401153972,0.5,0.0,0.1750911805456046,0.0,1.0,0.0,0.0,0.0,1.0,90.0,64,0.5,0.5,0.25,0.25,Entropia potencial
4322558,4.856936587493181e-05,0.5,0.0,0.17501942774634996,0.0,1.0,0.0,0.0,0.0,1.0,90.0,64,0.5,0.5,0.25,0.25,Entropia potencial
4322608,0.004075508211421288,0.5,0.0,0.1766302032845685,0.0,1.0,0.0,0.0,0.0,1.0,90.0,64,0.5,0.5,0.25,0.25,Entropia potencial
4322707,0.000908035602995422,0.5,0.0,0.17536321424119816,0.0,1.0,0.0,0.0,0.0,1.0,90.0,64,0.5,0.5,0.25,0.25,Entropia potencial
4322806,0.002254269579263309,0.5,0.0,0.1759017078317053,0.0,1.0,0.0,0.0,0.0,1.0,90.0,64,0.5,0.5,0.25,0.25,Entropia potencial
4322855,7.993970222590424e-05,0.5,0.0,0.17503197588089034,0.0,1.0,0.0,0.0,0.0,1.0,90.0,64,0.5,0.5,0.25,0.25,Entropia potencial
4322905,0.0001683589309016012,0.5,0.0,0.17506734357236062,0.0,1.0,0.0,0.0,0.0,1.0,90.0,64,0.5,0.5,0.25,0.25,Entropia potencial
4323002,0.004891131670717841,0.5,0.0,0.17695645266828713,0.0,1.0,0.0,0.0,0.0,1.0,90.0,64,0.5,0.5,0.25,0.25,Entropia potencial
4323101,0.00010135788024271024,0.5,0.0,0.17504054315209708,0.0,1.0,0.0,0.0,0.0,1.0,90.0,64,0.5,0.5,0.25,0.25,Entropia potencial
4323200,0.00017139722525600894,0.5,0.0,0.1750685588901024,0.0,1.0,0.0,0.0,0.0,1.0,90.0,64,0.5,0.5,0.25,0.25,Entropia potencial
4323309,0.0003277382959554852,0.5,0.0,0.1751310953183822,0.0,1.0,0.0,0.0,0.0,1.0,90.0,64,0.5,0.5,0.25,0.25,Entropia potencial
4323358,0.00014667751861400624,0.5,0.0,0.1750586710074456,0.0,1.0,0.0,0.0,0.0,1.0,90.0,64,0.5,0.5,0.25,0.25,Entropia potencial
4323408,0.0003231248246393282,0.5,0.0,0.1751292499298557,0.0,1.0,0.0,0.0,0.0,1.0,90.0,64,0.5,0.5,0.25,0.25,Entropia potencial
4323457,0.0001457472127574026,0.5,0.0,0.17505829888510294,0.0,1.0,0.0,0.0,0.0,1.0,90.0,64,0.5,0.5,0.25,0.25,Entropia potencial
4323507,0.00010508438949785541,0.5,0.0,0.17504203375579913,0.0,1.0,0.0,0.0,0.0,1.0,90.0,64,0.5,0.5,0.25,0.25,Entropia potencial
4323606,5.646745116434728e-05,0.5,0.0,0.17502258698046572,0.0,1.0,0.0,0.0,0.0,1.0,90.0,64,0.5,0.5,0.25,0.25,Entropia potencial
4323705,7.008691747187501e-05,0.5,0.0,0.17502803476698875,0.0,1.0,0.0,0.0,0.0,1.0,90.0,64,0.5,0.5,0.25,0.25,Entropia potencial
4323754,6.244572345877167e-05,0.5,0.0,0.1750249782893835,0.0,1.0,0.0,0.0,0.0,1.0,90.0,64,0.5,0.5,0.25,0.25,Entropia potencial
4323770,0.0002482531750004214,0.5,0.0,0.17509930127000015,0.0,1.0,0.0,0.0,0.0,1.0,90.0,64,0.5,0.5,0.25,0.25,Entropia potencial
4323804,0.0008138453065115442,0.5,0.0,0.1753255381226046,0.0,1.0,0.0,0.0,0.0,1.0,90.0,64,0.5,0.5,0.25,0.25,Entropia potencial
5000203,0.0017944965674436095,0.5,0.0,0.17571779862697742,0.0,1.0,0.0,0.0,0.0,1.0,90.0,64,0.5,0.5,0.25,0.25,Entropia potencial
5000252,0.0002863946579554236,0.5,0.0,0.17511455786318217,0.0,1.0,0.0,0.0,0.0,1.0,90.0,64,0.5,0.5,0.25,0.25,Entropia potencial
5000609,0.0022056526409298008,0.5,0.0,0.17588226105637192,0.0,1.0,0.0,0.0,0.0,1.0,90.0,64,0.5,0.5,0.25,0.25,Entropia potencial
5000708,0.000997009843687843,0.5,0.0,0.17539880393747512,0.0,1.0,0.0,0.0,0.0,1.0,90.0,64,0.5,0.5,0.25,0.25,Entropia potencial
5000807,0.00044172084953860504,0.5,0.0,0.17517668833981542,0.0,1.0,0.0,0.0,0.0,1.0,90.0,64,0.5,0.5,0.25,0.25,Entropia potencial
5000856,0.0010495668387572165,0.5,0.0,0.17541982673550288,0.0,1.0,0.0,0.0,0.0,1.0,90.0,64,0.5,0.5,0.25,0.25,Entropia potencial
5000906,0.0009472807669893948,0.5,0.0,0.17537891230679575,0.0,1.0,0.0,0.0,0.0,1.0,90.0,64,0.5,0.5,0.25,0.25,Entropia potencial
5001003,0.0023514125396761573,0.5,0.0,0.17594056501587046,0.0,1.0,0.0,0.0,0.0,1.0,90.0,64,0.5,0.5,0.25,0.25,Entropia potencial
5001102,0.0013964345488891136,0.5,0.0,0.17555857381955564,0.0,1.0,0.0,0.0,0.0,1.0,90.0,64,0.5,0.5,0.25,0.25,Entropia potencial
5001243,0.0012303400670157453,0.5,0.0,0.1754921360268063,0.0,1.0,0.0,0.0,0.0,1.0,90.0,64,0.5,0.5,0.25,0.25,Entropia potencial
5001508,0.0011161947099077199,0.5,0.0,0.1754464778839631,0.0,1.0,0.0,0.0,0.0,1.0,90.0,64,0.5,0.5,0.25,0.25,Entropia potencial
5001904,0.0014613561545253463,0.5,0.0,0.17558454246181013,0.0,1.0,0.0,0.0,0.0,1.0,90.0,64,0.5,0.5,0.25,0.25,Entropia potencial
5002001,0.0006514329329319832,0.5,0.0,0.17526057317317278,0.0,1.0,0.0,0.0,0.0,1.0,90.0,64,0.5,0.5,0.25,0.25,Entropia potencial
5002100,0.0011395961308642854,0.5,0.0,0.1754558384523457,0.0,1.0,0.0,0.0,0.0,1.0,90.0,64,0.5,0.5,0.25,0.25,Entropia potencial
5002159,0.0005183674804652816,0.5,0.0,0.1752073469921861,0.0,1.0,0.0,0.0,0.0,1.0,90.0,64,0.5,0.5,0.25,0.25,Entropia potencial
5002209,0.0013657820280797706,0.5,0.0,0.1755463128112319,0.0,1.0,0.0,0.0,0.0,1.0,90.0,64,0.5,0.5,0.25,0.25,Entropia potencial
5002308,0.0010947342452610684,0.5,0.0,0.17543789369810442,0.0,1.0,0.0,0.0,0.0,1.0,90.0,64,0.5,0.5,0.25,0.25,Entropia potencial
5002407,0.002092555992241947,0.5,0.0,0.17583702239689677,0.0,1.0,0.0,0.0,0.0,1.0,90.0,64,0.5,0.5,0.25,0.25,Entropia potencial
5002605,0.0007963819855510497,0.5,0.0,0.1753185527942204,0.0,1.0,0.0,0.0,0.0,1.0,90.0,64,0.5,0.5,0.25,0.25,Entropia potencial
5002704,0.042770367747737924,0.5,0.0,0.19210814709909516,0.0,1.0,0.0,0.0,0.0,1.0,90.0,64,0.5,0.5,0.25,0.25,Entropia potencial
5002803,0.00020902492565838684,0.5,0.0,0.17508360997026334,0.0,1.0,0.0,0.0,0.0,1.0,90.0,64,0.5,0.5,0.25,0.25,Entropia potencial
5002902,0.0010350181237588313,0.5,0.0,0.1754140072495035,0.0,1.0,0.0,0.0,0.0,1.0,90.0,64,0.5,0.5,0.25,0.25,Entropia potencial
5002951,0.0037210711945470246,0.5,0.0,0.1764884284778188,0.0,1.0,0.0,0.0,0.0,1.0,90.0,64,0.5,0.5,0.25,0.25,Entropia potencial
5003108,0.0001253291135364455,0.5,0.0,0.17505013164541458,0.0,1.0,0.0,0.0,0.0,1.0,90.0,64,0.5,0.5,0.25,0.25,Entropia potencial
5003157,0.00035945855416843017,0.5,0.0,0.17514378342166737,0.0,1.0,0.0,0.0,0.0,1.0,90.0,64,0.5,0.5,0.25,0.25,Entropia potencial
5003207,0.004057327074919164,0.5,0.0,0.17662293082996766,0.0,1.0,0.0,0.0,0.0,1.0,90.0,64,0.5,0.5,0.25,0.25,Entropia potencial
5003256,0.0037508388676268482,0.5,0.0,0.17650033554705072,0.0,1.0,0.0,0.0,0.0,1.0,90.0,64,0.5,0.5,0.25,0.25,Entropia potencial
5003306,0.0013239140358696233,0.5,0.0,0.17552956561434785,0.0,1.0,0.0,0.0,0.0,1.0,90.0,64,0.5,0.5,0.25,0.25,Entropia potencial
5003454,0.0005868168481963851,0.5,0.0,0.17523472673927853,0.0,1.0,0.0,0.0,0.0,1.0,90.0,64,0.5,0.5,0.25,0.25,Entropia potencial
5003488,0.0003751701514875699,0.5,0.0,0.17515006806059502,0.0,1.0,0.0,0.0,0.0,1.0,90.0,64,0.5,0.5,0.25,0.25,Entropia potencial
5003504,0.0002121372216150244,0.5,0.0,0.175084854888646,0.0,1.0,0.0,0.0,0.0,1.0,90.0,64,0.5,0.5,0.25,0.25,Entropia potencial
5003702,0.01841665188704905,0.5,0.0,0.1823666607548196,0.0,1.0,0.0,0.0,0.0,1.0,90.0,64,0.5,0.5,0.25,0.25,Entropia potencial
5003751,0.0005685247092909165,0.5,0.0,0.17522740988371635,0.0,1.0,0.0,0.0,0.0,1.0,90.0,64,0.5,0.5,0.25,0.25,Entropia potencial
5003801,0.000749814891599308,0.5,0.0,0.1752999259566397,0.0,1.0,0.0,0.0,0.0,1.0,90.0,64,0.5,0.5,0.25,0.25,Entropia potencial
5003900,0.00014871361984107278,0.5,0.0,0.17505948544793642,0.0,1.0,0.0,0.0,0.0,1.0,90.0,64,0.5,0.5,0.25,0.25,Entropia potencial
5004007,0.0003296549374532379,0.5,0.0,0.1751318619749813,0.0,1.0,0.0,0.0,0.0,1.0,90.0,64,0.5,0.5,0.25,0.25,Entropia potencial
5004106,0.0003593496660965777,0.5,0.0,0.1751437398664386,0.0,1.0,0.0,0.0,0.0,1.0,90.0,64,0.5,0.5,0.25,0.25,Entropia potencial
5004304,0.0007772578572033686,0.5,0.0,0.17531090314288134,0.0,1.0,0.0,0.0,0.0,1.0,90.0,64,0.5,0.5,0.25,0.25,Entropia potencial
5004403,0.00047928723432770677,0.5,0.0,0.17519171489373106,0.0,1.0,0.0,0.0,0.0,1.0,90.0,64,0.5,0.5,0.25,0.25,Entropia potencial
5004502,0.0013951289491926301,0.5,0.0,0.17555805157967705,0.0,1.0,0.0,0.0,0.0,1.0,90.0,64,0.5,0.5,0.25,0.25,Entropia potencial
5004601,0.0012812299117034554,0.5,0.0,0.17551249196468138,0.0,1.0,0.0,0.0,0.0,1.0,90.0,64,0.5,0.5,0.25,0.25,Entropia potencial
5004700,0.0016286177473824538,0.5,0.0,0.17565144709895297,0.0,1.0,0.0,0.0,0.0,1.0,90.0,64,0.5,0.5,0.25,0.25,Entropia potencial
5004809,0.00017995075330803152,0.5,0.0,0.1750719803013232,0.0,1.0,0.0,0.0,0.0,1.0,90.0,64,0.5,0.5,0.25,0.25,Entropia potencial
5004908,0.0007993420496402431,0.5,0.0,0.17531973681985608,0.0,1.0,0.0,0.0,0.0,1.0,90.0,64,0.5,0.5,0.25,0.25,Entropia potencial
5005004,0.001106682332523948,0.5,0.0,0.17544267293300958,0.0,1.0,0.0,0.0,0.0,1.0,90.0,64,0.5,0.5,0.25,0.25,Entropia potencial
5005103,0.0003899620146075674,0.5,0.0,0.17515598480584302,0.0,1.0,0.0,0.0,0.0,1.0,90.0,64,0.5,0.5,0.25,0.25,Entropia potencial
5005152,0.00038823354861262775,0.5,0.0,0.17515529341944505,0.0,1.0,0.0,0.0,0.0,1.0,90.0,64,0.5,0.5,0.25,0.25,Entropia potencial
5005202,0.0003858210963799352,0.5,0.0,0.17515432843855197,0.0,1.0,0.0,0.0,0.0,1.0,90.0,64,0.5,0.5,0.25,0.25,Entropia potencial
5005251,0.0009240897220163113,0.5,0.0,0.17536963588880652,0.0,1.0,0.0,0.0,0.0,1.0,90.0,64,0.5,0.5,0.25,0.25,Entropia potencial
5005400,0.006083467686325582,0.5,0.0,0.1774333870745302,0.0,1.0,0.0,0.0,0.0,1.0,90.0,64,0.5,0.5,0.25,0.25,Entropia potencial
5005608,0.0006894084408648412,0.5,0.0,0.17527576337634593,0.0,1.0,0.0,0.0,0.0,1.0,90.0,64,0.5,0.5,0.25,0.25,Entropia potencial
5005681,0.0008642287688068531,0.5,0.0,0.17534569150752272,0.0,1.0,0.0,0.0,0.0,1.0,90.0,64,0.5,0.5,0.25,0.25,Entropia potencial
5005707,0.0030246717166029567,0.5,0.0,0.17620986868664118,0.0,1.0,0.0,0.0,0.0,1.0,90.0,64,0.5,0.5,0.25,0.25,Entropia potencial
5005806,0.0005498963916781752,0.5,0.0,0.17521995855667125,0.0,1.0,0.0,0.0,0.0,1.0,90.0,64,0.5,0.5,0.25,0.25,Entropia potencial
5006002,0.002605510784086989,0.5,0.0,0.1760422043136348,0.0,1.0,0.0,0.0,0.0,1.0,90.0,64,0.5,0.5,0.25,0.25,Entropia potencial
5006200,0.003366489345965541,0.5,0.0,0.1763465957383862,0.0,1.0,0.0,0.0,0.0,1.0,90.0,64,0.5,0.5,0.25,0.25,Entropia potencial
5006259,0.00026095079277731463,0.5,0.0,0.17510438031711092,0.0,1.0,0.0,0.0,0.0,1.0,90.0,64,0.5,0.5,0.25,0.25,Entropia potencial
5006275,0.0016116999239469678,0.5,0.0,0.17564467996957878,0.0,1.0,0.0,0.0,0.0,1.0,90.0,64,0.5,0.5,0.25,0.25,Entropia potencial
5006309,0.0016763826101245727,0.5,0.0,0.17567055304404983,0.0,1.0,0.0,0.0,0.0,1.0,90.0,64,0.5,0.5,0.25,0.25,Entropia potencial
5006358,0.0002325997217973194,0.5,0.0,0.1750930398887189,0.0,1.0,0.0,0.0,0.0,1.0,90.0,64,0.5,0.5,0.25,0.25,Entropia potencial
5006408,0.0003900973318230734,0.5,0.0,0.1751560389327292,0.0,1.0,0.0,0.0,0.0,1.0,90.0,64,0.5,0.5,0.25,0.25,Entropia potencial
5006606,0.004927559487998349,0.5,0.0,0.17697102379519933,0.0,1.0,0.0,0.0,0.0,1.0,90.0,64,0.5,0.5,0.25,0.25,Entropia potencial
5006903,0.00045650531249837956,0.5,0.0,0.17518260212499934,0.0,1.0,0.0,0.0,0.0,1.0,90.0,64,0.5,0.5,0.25,0.25,Entropia potencial
5007109,0.0023257223548791973,0.5,0.0,0.17593028894195167,0.0,1.0,0.0,0.0,0.0,1.0,90.0,64,0.5,0.5,0.25,0.25,Entropia potencial
5007208,0.003417509222040026,0.5,0.0,0.176367003688816,0.0,1.0,0.0,0.0,0.0,1.0,90.0,64,0.5,0.5,0.25,0.25,Entropia potencial
5007307,0.00014446909937031877,0.5,0.0,0.1750577876397481,0.0,1.0,0.0,0.0,0.0,1.0,90.0,64,0.5,0.5,0.25,0.25,Entropia potencial
5007406,0.000869902577366389,0.5,0.0,0.17534796103094655,0.0,1.0,0.0,0.0,0.0,1.0,90.0,64,0.5,0.5,0.25,0.25,Entropia potencial
5007505,0.00037289195930463717,0.5,0.0,0.17514915678372184,0.0,1.0,0.0,0.0,0.0,1.0,90.0,64,0.5,0.5,0.25,0.25,Entropia potencial
5007554,0.0004155433113326746,0.5,0.0,0.17516621732453305,0.0,1.0,0.0,0.0,0.0,1.0,90.0,64,0.5,0.5,0.25,0.25,Entropia potencial
5007695,0.0033714781111215775,0.5,0.0,0.17634859124444863,0.0,1.0,0.0,0.0,0.0,1.0,90.0,64,0.5,0.5,0.25,0.25,Entropia potencial
5007703,0.0004101496516958659,0.5,0.0,0.17516405986067834,0.0,1.0,0.0,0.0,0.0,1.0,90.0,64,0.5,0.5,0.25,0.25,Entropia potencial
5007802,0.0031089764561946748,0.5,0.0,0.17624359058247785,0.0,1.0,0.0,0.0,0.0,1.0,90.0,64,0.5,0.5,0.25,0.25,Entropia potencial
5007901,0.0041657996806334,0.5,0.0,0.17666631987225334,0.0,1.0,0.0,0.0,0.0,1.0,90.0,64,0.5,0.5,0.25,0.25,Entropia potencial
5007935,0.0015558297714291897,0.5,0.0,0.17562233190857165,0.0,1.0,0.0,0.0,0.0,1.0,90.0,64,0.5,0.5,0.25,0.25,Entropia potencial
5007950,0.0002939882795099506,0.5,0.0,0.17511759531180396,0.0,1.0,0.0,0.0,0.0,1.0,90.0,64,0.5,0.5,0.25,0.25,Entropia potencial
5007976,0.0001523470985105576,0.5,0.0,0.1750609388394042,0.0,1.0,0.0,0.0,0.0,1.0,90.0,64,0.5,0.5,0.25,0.25,Entropia potencial
5008008,0.0009654354743478653,0.5,0.0,0.17538617418973915,0.0,1.0,0.0,0.0,0.0,1.0,90.0,64,0.5,0.5,0.25,0.25,Entropia potencial
5008305,0.01376879414066731,0.5,0.0,0.1805075176562669,0.0,1.0,0.0,0.0,0.0,1.0,90.0,64,0.5,0.5,0.25,0.25,Entropia potencial
5008404,0.0003149857055597927,0.5,0.0,0.17512599428222392,0.0,1.0,0.0,0.0,0.0,1.0,90.0,64,0.5,0.5,0.25,0.25,Entropia potencial
5100102,0.00012922476931097313,0.5,0.0,0.17505168990772438,0.0,1.0,0.0,0.0,0.0,1.0,90.0,64,0.5,0.5,0.25,0.25,Entropia potencial
5100201,0.002683817165235106,0.5,0.0,0.17607352686609404,0.0,1.0,0.0,0.0,0.0,1.0,90.0,64,0.5,0.5,0.25,0.25,Entropia potencial
5100250,0.002695426959459221,0.5,0.0,0.17607817078378368,0.0,1.0,0.0,0.0,0.0,1.0,90.0,64,0.5,0.5,0.25,0.25,Entropia potencial
5100300,0.0019027482255169017,0.5,0.0,0.17576109929020675,0.0,1.0,0.0,0.0,0.0,1.0,90.0,64,0.5,0.5,0.25,0.25,Entropia potencial
5100359,0.0003172913840521251,0.5,0.0,0.17512691655362084,0.0,1.0,0.0,0.0,0.0,1.0,90.0,64,0.5,0.5,0.25,0.25,Entropia potencial
5100409,0.001439663113414544,0.5,0.0,0.1755758652453658,0.0,1.0,0.0,0.0,0.0,1.0,90.0,64,0.5,0.5,0.25,0.25,Entropia potencial
5100508,0.00014223530814872395,0.5,0.0,0.17505689412325948,0.0,1.0,0.0,0.0,0.0,1.0,90.0,64,0.5,0.5,0.25,0.25,Entropia potencial
5100607,0.0015808306841596659,0.5,0.0,0.17563233227366384,0.0,1.0,0.0,0.0,0.0,1.0,90.0,64,0.5,0.5,0.25,0.25,Entropia potencial
5100805,0.0002489371612381743,0.5,0.0,0.17509957486449526,0.0,1.0,0.0,0.0,0.0,1.0,90.0,64,0.5,0.5,0.25,0.25,Entropia potencial
5101001,0.00016015638187729728,0.5,0.0,0.17506406255275092,0.0,1.0,0.0,0.0,0.0,1.0,90.0,64,0.5,0.5,0.25,0.25,Entropia potencial
5101209,1.1259872362142191e-05,0.5,0.0,0.17500450394894485,0.0,1.0,0.0,0.0,0.0,1.0,90.0,64,0.5,0.5,0.25,0.25,Entropia potencial
5101258,0.0007255064224325539,0.5,0.0,0.175290202568973,0.0,1.0,0.0,0.0,0.0,1.0,90.0,64,0.5,0.5,0.25,0.25,Entropia potencial
5101308,0.0002634287892862679,0.5,0.0,0.1751053715157145,0.0,1.0,0.0,0.0,0.0,1.0,90.0,64,0.5,0.5,0.25,0.25,Entropia potencial
5101407,0.0014546843815014538,0.5,0.0,0.17558187375260056,0.0,1.0,0.0,0.0,0.0,1.0,90.0,64,0.5,0.5,0.25,0.25,Entropia potencial
5101605,0.0001065496212220061,0.5,0.0,0.1750426198484888,0.0,1.0,0.0,0.0,0.0,1.0,90.0,64,0.5,0.5,0.25,0.25,Entropia potencial
5101704,0.001853517073884886,0.5,0.0,0.17574140682955394,0.0,1.0,0.0,0.0,0.0,1.0,90.0,64,0.5,0.5,0.25,0.25,Entropia potencial
5101803,0.0033693859801099653,0.5,0.0,0.17634775439204398,0.0,1.0,0.0,0.0,0.0,1.0,90.0,64,0.5,0.5,0.25,0.25,Entropia potencial
5101852,0.0012234610895056092,0.5,0.0,0.17548938443580223,0.0,1.0,0.0,0.0,0.0,1.0,90.0,64,0.5,0.5,0.25,0.25,Entropia potencial
5101902,0.002576367895963135,0.5,0.0,0.17603054715838523,0.0,1.0,0.0,0.0,0.0,1.0,90.0,64,0.5,0.5,0.25,0.25,Entropia potencial
5102504,0.002461302804655967,0.5,0.0,0.1759845211218624,0.0,1.0,0.0,0.0,0.0,1.0,90.0,64,0.5,0.5,0.25,0.25,Entropia potencial
5102603,0.0005048251872572222,0.5,0.0,0.17520193007490287,0.0,1.0,0.0,0.0,0.0,1.0,90.0,64,0.5,0.5,0.25,0.25,Entropia potencial
5102637,0.007700028458373303,0.5,0.0,0.1780800113833493,0.0,1.0,0.0,0.0,0.0,1.0,90.0,64,0.5,0.5,0.25,0.25,Entropia potencial
5102678,0.0055172782561678894,0.5,0.0,0.17720691130246716,0.0,1.0,0.0,0.0,0.0,1.0,90.0,64,0.5,0.5,0.25,0.25,Entropia potencial
5102686,0.0030646621824479583,0.5,0.0,0.17622586487297917,0.0,1.0,0.0,0.0,0.0,1.0,90.0,64,0.5,0.5,0.25,0.25,Entropia potencial
5102694,0.00029472406686926436,0.5,0.0,0.1751178896267477,0.0,1.0,0.0,0.0,0.0,1.0,90.0,64,0.5,0.5,0.25,0.25,Entropia potencial
5102702,0.0032671517094637046,0.5,0.0,0.17630686068378548,0.0,1.0,0.0,0.0,0.0,1.0,90.0,64,0.5,0.5,0.25,0.25,Entropia potencial
5102793,0.00037314779341520316,0.5,0.0,0.17514925911736606,0.0,1.0,0.0,0.0,0.0,1.0,90.0,64,0.5,0.5,0.25,0.25,Entropia potencial
5102850,0.0002075226931331212,0.5,0.0,0.17508300907725324,0.0,1.0,0.0,0.0,0.0,1.0,90.0,64,0.5,0.5,0.25,0.25,Entropia potencial
5103007,0.001444014407625658,0.5,0.0,0.17557760576305026,0.0,1.0,0.0,0.0,0.0,1.0,90.0,64,0.5,0.5,0.25,0.25,Entropia potencial
5103056,0.0012354578063928114,0.5,0.0,0.1754941831225571,0.0,1.0,0.0,0.0,0.0,1.0,90.0,64,0.5,0.5,0.25,0.25,Entropia potencial
5103106,0.0003457650862586726,0.5,0.0,0.17513830603450345,0.0,1.0,0.0,0.0,0.0,1.0,90.0,64,0.5,0.5,0.25,0.25,Entropia potencial
5103205,0.0016110117090462302,0.5,0.0,0.17564440468361847,0.0,1.0,0.0,0.0,0.0,1.0,90.0,64,0.5,0.5,0.25,0.25,Entropia potencial
5103254,0.0008035294831607054,0.5,0.0,0.17532141179326427,0.0,1.0,0.0,0.0,0.0,1.0,90.0,64,0.5,0.5,0.25,0.25,Entropia potencial
5103304,0.0011651879992468541,0.5,0.0,0.17546607519969873,0.0,1.0,0.0,0.0,0.0,1.0,90.0,64,0.5,0.5,0.25,0.25,Entropia potencial
5103353,0.0018241194088162117,0.5,0.0,0.17572964776352648,0.0,1.0,0.0,0.0,0.0,1.0,90.0,64,0.5,0.5,0.25,0.25,Entropia potencial
5103361,0.0001446710180278316,0.5,0.0,0.17505786840721113,0.0,1.0,0.0,0.0,0.0,1.0,90.0,64,0.5,0.5,0.25,0.25,Entropia potencial
5103379,0.00026459907176724543,0.5,0.0,0.17510583962870688,0.0,1.0,0.0,0.0,0.0,1.0,90.0,64,0.5,0.5,0.25,0.25,Entropia potencial
5103403,0.036084093581305585,0.5,0.0,0.18943363743252223,0.0,1.0,0.0,0.0,0.0,1.0,90.0,64,0.5,0.5,0.25,0.25,Entropia potencial
5103437,0.00012205824271788686,0.5,0.0,0.17504882329708715,0.0,1.0,0.0,0.0,0.0,1.0,90.0,64,0.5,0.5,0.25,0.25,Entropia potencial
5103452,0.0005105021673139966,0.5,0.0,0.1752042008669256,0.0,1.0,0.0,0.0,0.0,1.0,90.0,64,0.5,0.5,0.25,0.25,Entropia potencial
5103502,0.005688383703677964,0.5,0.0,0.17727535348147117,0.0,1.0,0.0,0.0,0.0,1.0,90.0,64,0.5,0.5,0.25,0.25,Entropia potencial
5103601,0.0007593811844361331,0.5,0.0,0.17530375247377444,0.0,1.0,0.0,0.0,0.0,1.0,90.0,64,0.5,0.5,0.25,0.25,Entropia potencial
5103700,0.0012559689361994288,0.5,0.0,0.17550238757447975,0.0,1.0,0.0,0.0,0.0,1.0,90.0,64,0.5,0.5,0.25,0.25,Entropia potencial
5103809,7.338104593684873e-05,0.5,0.0,0.17502935241837472,0.0,1.0,0.0,0.0,0.0,1.0,90.0,64,0.5,0.5,0.25,0.25,Entropia potencial
5103858,0.0015081769682561618,0.5,0.0,0.17560327078730245,0.0,1.0,0.0,0.0,0.0,1.0,90.0,64,0.5,0.5,0.25,0.25,Entropia potencial
5103908,0.0006072159184339117,0.5,0.0,0.17524288636737356,0.0,1.0,0.0,0.0,0.0,1.0,90.0,64,0.5,0.5,0.25,0.25,Entropia potencial
5103957,7.200990196410454e-05,0.5,0.0,0.17502880396078563,0.0,1.0,0.0,0.0,0.0,1.0,90.0,64,0.5,0.5,0.25,0.25,Entropia potencial
5104104,0.001122606420158062,0.5,0.0,0.1754490425680632,0.0,1.0,0.0,0.0,0.0,1.0,90.0,64,0.5,0.5,0.25,0.25,Entropia potencial
5104203,0.0007689887067370577,0.5,0.0,0.1753075954826948,0.0,1.0,0.0,0.0,0.0,1.0,90.0,64,0.5,0.5,0.25,0.25,Entropia potencial
5104500,8.955356752130571e-05,0.5,0.0,0.17503582142700852,0.0,1.0,0.0,0.0,0.0,1.0,90.0,64,0.5,0.5,0.25,0.25,Entropia potencial
5104526,0.0022850214736527892,0.5,0.0,0.1759140085894611,0.0,1.0,0.0,0.0,0.0,1.0,90.0,64,0.5,0.5,0.25,0.25,Entropia potencial
5104542,0.0008404435966844386,0.5,0.0,0.17533617743867377,0.0,1.0,0.0,0.0,0.0,1.0,90.0,64,0.5,0.5,0.25,0.25,Entropia potencial
5104559,0.0006085712049204638,0.5,0.0,0.17524342848196817,0.0,1.0,0.0,0.0,0.0,1.0,90.0,64,0.5,0.5,0.25,0.25,Entropia potencial
5104609,0.002337067857666777,0.5,0.0,0.1759348271430667,0.0,1.0,0.0,0.0,0.0,1.0,90.0,64,0.5,0.5,0.25,0.25,Entropia potencial
5104807,0.0014590377900440604,0.5,0.0,0.1755836151160176,0.0,1.0,0.0,0.0,0.0,1.0,90.0,64,0.5,0.5,0.25,0.25,Entropia potencial
5104906,0.00017069315286907937,0.5,0.0,0.17506827726114763,0.0,1.0,0.0,0.0,0.0,1.0,90.0,64,0.5,0.5,0.25,0.25,Entropia potencial
5105002,0.00032727525735867574,0.5,0.0,0.17513091010294346,0.0,1.0,0.0,0.0,0.0,1.0,90.0,64,0.5,0.5,0.25,0.25,Entropia potencial
5105101,0.0016223424115133639,0.5,0.0,0.17564893696460535,0.0,1.0,0.0,0.0,0.0,1.0,90.0,64,0.5,0.5,0.25,0.25,Entropia potencial
5105150,0.0016041898184863859,0.5,0.0,0.17564167592739455,0.0,1.0,0.0,0.0,0.0,1.0,90.0,64,0.5,0.5,0.25,0.25,Entropia potencial
5105176,0.0002999538658154213,0.5,0.0,0.17511998154632616,0.0,1.0,0.0,0.0,0.0,1.0,90.0,64,0.5,0.5,0.25,0.25,Entropia potencial
5105200,0.0005644429923450681,0.5,0.0,0.17522577719693802,0.0,1.0,0.0,0.0,0.0,1.0,90.0,64,0.5,0.5,0.25,0.25,Entropia potencial
5105234,0.00026621230669585577,0.5,0.0,0.17510648492267833,0.0,1.0,0.0,0.0,0.0,1.0,90.0,64,0.5,0.5,0.25,0.25,Entropia potencial
5105259,0.008439256892190761,0.5,0.0,0.17837570275687628,0.0,1.0,0.0,0.0,0.0,1.0,90.0,64,0.5,0.5,0.25,0.25,Entropia potencial
5105309,3.559265634105748e-05,0.5,0.0,0.1750142370625364,0.0,1.0,0.0,0.0,0.0,1.0,90.0,64,0.5,0.5,0.25,0.25,Entropia potencial
5105507,0.000753224251130611,0.5,0.0,0.17530128970045222,0.0,1.0,0.0,0.0,0.0,1.0,90.0,64,0.5,0.5,0.25,0.25,Entropia potencial
5105580,0.0009818426867279654,0.5,0.0,0.17539273707469116,0.0,1.0,0.0,0.0,0.0,1.0,90.0,64,0.5,0.5,0.25,0.25,Entropia potencial
5105606,0.001696660106301293,0.5,0.0,0.1756786640425205,0.0,1.0,0.0,0.0,0.0,1.0,90.0,64,0.5,0.5,0.25,0.25,Entropia potencial
5105622,0.0010622232270700103,0.5,0.0,0.175424889290828,0.0,1.0,0.0,0.0,0.0,1.0,90.0,64,0.5,0.5,0.25,0.25,Entropia potencial
5105903,0.0012267065883462605,0.5,0.0,0.17549068263533849,0.0,1.0,0.0,0.0,0.0,1.0,90.0,64,0.5,0.5,0.25,0.25,Entropia potencial
5106000,0.0003419931188764434,0.5,0.0,0.17513679724755057,0.0,1.0,0.0,0.0,0.0,1.0,90.0,64,0.5,0.5,0.25,0.25,Entropia potencial
5106109,0.0003750866353936248,0.5,0.0,0.17515003465415743,0.0,1.0,0.0,0.0,0.0,1.0,90.0,64,0.5,0.5,0.25,0.25,Entropia potencial
5106158,0.0004055530950316471,0.5,0.0,0.17516222123801264,0.0,1.0,0.0,0.0,0.0,1.0,90.0,64,0.5,0.5,0.25,0.25,Entropia potencial
5106174,0.0001707016101950485,0.5,0.0,0.175068280644078,0.0,1.0,0.0,0.0,0.0,1.0,90.0,64,0.5,0.5,0.25,0.25,Entropia potencial
5106182,0.0003909261497680475,0.5,0.0,0.1751563704599072,0.0,1.0,0.0,0.0,0.0,1.0,90.0,64,0.5,0.5,0.25,0.25,Entropia potencial
5106190,0.0004496316208169742,0.5,0.0,0.17517985264832678,0.0,1.0,0.0,0.0,0.0,1.0,90.0,64,0.5,0.5,0.25,0.25,Entropia potencial
5106208,0.00013645261151733556,0.5,0.0,0.17505458104460692,0.0,1.0,0.0,0.0,0.0,1.0,90.0,64,0.5,0.5,0.25,0.25,Entropia potencial
5106216,0.001006087725949951,0.5,0.0,0.17540243509037998,0.0,1.0,0.0,0.0,0.0,1.0,90.0,64,0.5,0.5,0.25,0.25,Entropia potencial
5106224,0.007869423411706123,0.5,0.0,0.17814776936468243,0.0,1.0,0.0,0.0,0.0,1.0,90.0,64,0.5,0.5,0.25,0.25,Entropia potencial
5106232,0.0009557158924778498,0.5,0.0,0.17538228635699113,0.0,1.0,0.0,0.0,0.0,1.0,90.0,64,0.5,0.5,0.25,0.25,Entropia potencial
5106240,0.0036060483898697026,0.5,0.0,0.17644241935594787,0.0,1.0,0.0,0.0,0.0,1.0,90.0,64,0.5,0.5,0.25,0.25,Entropia potencial
5106257,0.0010663197443363046,0.5,0.0,0.17542652789773452,0.0,1.0,0.0,0.0,0.0,1.0,90.0,64,0.5,0.5,0.25,0.25,Entropia potencial
5106265,0.0006056787994390235,0.5,0.0,0.1752422715197756,0.0,1.0,0.0,0.0,0.0,1.0,90.0,64,0.5,0.5,0.25,0.25,Entropia potencial
5106273,8.091863770683031e-05,0.5,0.0,0.17503236745508272,0.0,1.0,0.0,0.0,0.0,1.0,90.0,64,0.5,0.5,0.25,0.25,Entropia potencial
5106281,0.0011098802589060229,0.5,0.0,0.1754439521035624,0.0,1.0,0.0,0.0,0.0,1.0,90.0,64,0.5,0.5,0.25,0.25,Entropia potencial
5106299,0.0007772832291812759,0.5,0.0,0.1753109132916725,0.0,1.0,0.0,0.0,0.0,1.0,90.0,64,0.5,0.5,0.25,0.25,Entropia potencial
5106307,0.002727622942257929,0.5,0.0,0.17609104917690316,0.0,1.0,0.0,0.0,0.0,1.0,90.0,64,0.5,0.5,0.25,0.25,Entropia potencial
5106315,4.588205054824272e-05,0.5,0.0,0.1750183528202193,0.0,1.0,0.0,0.0,0.0,1.0,90.0,64,0.5,0.5,0.25,0.25,Entropia potencial
5106372,0.001524004853807377,0.5,0.0,0.17560960194152295,0.0,1.0,0.0,0.0,0.0,1.0,90.0,64,0.5,0.5,0.25,0.25,Entropia potencial
5106422,0.0010297143232104447,0.5,0.0,0.17541188572928418,0.0,1.0,0.0,0.0,0.0,1.0,90.0,64,0.5,0.5,0.25,0.25,Entropia potencial
5106455,0.00031061221086800956,0.5,0.0,0.1751242448843472,0.0,1.0,0.0,0.0,0.0,1.0,90.0,64,0.5,0.5,0.25,0.25,Entropia potencial
5106505,0.0008389286781702193,0.5,0.0,0.17533557147126808,0.0,1.0,0.0,0.0,0.0,1.0,90.0,64,0.5,0.5,0.25,0.25,Entropia potencial
5106653,0.0001207632146788648,0.5,0.0,0.17504830528587154,0.0,1.0,0.0,0.0,0.0,1.0,90.0,64,0.5,0.5,0.25,0.25,Entropia potencial
5106703,1.839468398284425e-05,0.5,0.0,0.17500735787359312,0.0,1.0,0.0,0.0,0.0,1.0,90.0,64,0.5,0.5,0.25,0.25,Entropia potencial
5106752,0.0023866806461331496,0.5,0.0,0.17595467225845324,0.0,1.0,0.0,0.0,0.0,1.0,90.0,64,0.5,0.5,0.25,0.25,Entropia potencial
5106778,0.0006702927698431292,0.5,0.0,0.17526811710793724,0.0,1.0,0.0,0.0,0.0,1.0,90.0,64,0.5,0.5,0.25,0.25,Entropia potencial
5106802,0.0016169381802190938,0.5,0.0,0.17564677527208764,0.0,1.0,0.0,0.0,0.0,1.0,90.0,64,0.5,0.5,0.25,0.25,Entropia potencial
5106828,0.000266929065071739,0.5,0.0,0.1751067716260287,0.0,1.0,0.0,0.0,0.0,1.0,90.0,64,0.5,0.5,0.25,0.25,Entropia potencial
5106851,7.055735622890752e-05,0.5,0.0,0.17502822294249154,0.0,1.0,0.0,0.0,0.0,1.0,90.0,64,0.5,0.5,0.25,0.25,Entropia potencial
5107008,0.0012498807186674058,0.5,0.0,0.17549995228746695,0.0,1.0,0.0,0.0,0.0,1.0,90.0,64,0.5,0.5,0.25,0.25,Entropia potencial
5107040,0.00842323343097651,0.5,0.0,0.1783692933723906,0.0,1.0,0.0,0.0,0.0,1.0,90.0,64,0.5,0.5,0.25,0.25,Entropia potencial
5107065,0.004111108267922568,0.5,0.0,0.17664444330716902,0.0,1.0,0.0,0.0,0.0,1.0,90.0,64,0.5,0.5,0.25,0.25,Entropia potencial
5107107,0.000476556575205426,0.5,0.0,0.17519062263008217,0.0,1.0,0.0,0.0,0.0,1.0,90.0,64,0.5,0.5,0.25,0.25,Entropia potencial
5107156,2.680338032764558e-05,0.5,0.0,0.17501072135213105,0.0,1.0,0.0,0.0,0.0,1.0,90.0,64,0.5,0.5,0.25,0.25,Entropia potencial
5107180,0.0008254011852826058,0.5,0.0,0.17533016047411304,0.0,1.0,0.0,0.0,0.0,1.0,90.0,64,0.5,0.5,0.25,0.25,Entropia potencial
5107198,0.0001890318070673782,0.5,0.0,0.17507561272282693,0.0,1.0,0.0,0.0,0.0,1.0,90.0,64,0.5,0.5,0.25,0.25,Entropia potencial
5107206,9.447784556682803e-05,0.5,0.0,0.17503779113822673,0.0,1.0,0.0,0.0,0.0,1.0,90.0,64,0.5,0.5,0.25,0.25,Entropia potencial
5107248,0.001221382701648697,0.5,0.0,0.17548855308065947,0.0,1.0,0.0,0.0,0.0,1.0,90.0,64,0.5,0.5,0.25,0.25,Entropia potencial
5107263,0.00015710434436818973,0.5,0.0,0.17506284173774728,0.0,1.0,0.0,0.0,0.0,1.0,90.0,64,0.5,0.5,0.25,0.25,Entropia potencial
5107297,4.383432049796862e-05,0.5,0.0,0.17501753372819917,0.0,1.0,0.0,0.0,0.0,1.0,90.0,64,0.5,0.5,0.25,0.25,Entropia potencial
5107305,0.0017055677848782727,0.5,0.0,0.1756822271139513,0.0,1.0,0.0,0.0,0.0,1.0,90.0,64,0.5,0.5,0.25,0.25,Entropia potencial
5107354,0.0010762000153997336,0.5,0.0,0.17543048000615988,0.0,1.0,0.0,0.0,0.0,1.0,90.0,64,0.5,0.5,0.25,0.25,Entropia potencial
5107404,6.0116787320024204e-05,0.5,0.0,0.175024046714928,0.0,1.0,0.0,0.0,0.0,1.0,90.0,64,0.5,0.5,0.25,0.25,Entropia potencial
5107578,0.00011100240334474979,0.5,0.0,0.1750444009613379,0.0,1.0,0.0,0.0,0.0,1.0,90.0,64,0.5,0.5,0.25,0.25,Entropia potencial
5107602,0.016754897279353823,0.5,0.0,0.1817019589117415,0.0,1.0,0.0,0.0,0.0,1.0,90.0,64,0.5,0.5,0.25,0.25,Entropia potencial
5107701,0.0005785149255919439,0.5,0.0,0.17523140597023676,0.0,1.0,0.0,0.0,0.0,1.0,90.0,64,0.5,0.5,0.25,0.25,Entropia potencial
5107743,0.00033155572146479847,0.5,0.0,0.17513262228858592,0.0,1.0,0.0,0.0,0.0,1.0,90.0,64,0.5,0.5,0.25,0.25,Entropia potencial
5107750,8.408907777950559e-05,0.5,0.0,0.1750336356311118,0.0,1.0,0.0,0.0,0.0,1.0,90.0,64,0.5,0.5,0.25,0.25,Entropia potencial
5107768,0.0014676706055270433,0.5,0.0,0.17558706824221082,0.0,1.0,0.0,0.0,0.0,1.0,90.0,64,0.5,0.5,0.25,0.25,Entropia potencial
5107776,0.0003170989798863275,0.5,0.0,0.17512683959195452,0.0,1.0,0.0,0.0,0.0,1.0,90.0,64,0.5,0.5,0.25,0.25,Entropia potencial
5107792,0.0012097718502588363,0.5,0.0,0.17548390874010353,0.0,1.0,0.0,0.0,0.0,1.0,90.0,64,0.5,0.5,0.25,0.25,Entropia potencial
5107800,0.0008270355635261389,0.5,0.0,0.17533081422541044,0.0,1.0,0.0,0.0,0.0,1.0,90.0,64,0.5,0.5,0.25,0.25,Entropia potencial
5107859,0.0022749625415782624,0.5,0.0,0.1759099850166313,0.0,1.0,0.0,0.0,0.0,1.0,90.0,64,0.5,0.5,0.25,0.25,Entropia potencial
5107875,0.006154295676985501,0.5,0.0,0.17746171827079418,0.0,1.0,0.0,0.0,0.0,1.0,90.0,64,0.5,0.5,0.25,0.25,Entropia potencial
5107883,0.00011279324211871175,0.5,0.0,0.17504511729684746,0.0,1.0,0.0,0.0,0.0,1.0,90.0,64,0.5,0.5,0.25,0.25,Entropia potencial
5107909,0.012294195928005808,0.5,0.0,0.17991767837120232,0.0,1.0,0.0,0.0,0.0,1.0,90.0,64,0.5,0.5,0.25,0.25,Entropia potencial
5107925,0.015187919695131584,0.5,0.0,0.1810751678780526,0.0,1.0,0.0,0.0,0.0,1.0,90.0,64,0.5,0.5,0.25,0.25,Entropia potencial
5107941,0.0017327707738579595,0.5,0.0,0.17569310830954318,0.0,1.0,0.0,0.0,0.0,1.0,90.0,64,0.5,0.5,0.25,0.25,Entropia potencial
5107958,0.005064487824101447,0.5,0.0,0.17702579512964056,0.0,1.0,0.0,0.0,0.0,1.0,90.0,64,0.5,0.5,0.25,0.25,Entropia potencial
5108006,0.002480438561826856,0.5,0.0,0.17599217542473072,0.0,1.0,0.0,0.0,0.0,1.0,90.0,64,0.5,0.5,0.25,0.25,Entropia potencial
5108055,0.0005340177621711452,0.5,0.0,0.17521360710486844,0.0,1.0,0.0,0.0,0.0,1.0,90.0,64,0.5,0.5,0.25,0.25,Entropia potencial
5108105,0.0003261081463749366,0.5,0.0,0.17513044325854996,0.0,1.0,0.0,0.0,0.0,1.0,90.0,64,0.5,0.5,0.25,0.25,Entropia potencial
5108204,0.0002685761293042259,0.5,0.0,0.17510743045172167,0.0,1.0,0.0,0.0,0.0,1.0,90.0,64,0.5,0.5,0.25,0.25,Entropia potencial
5108303,0.00062467818222866,0.5,0.0,0.17524987127289146,0.0,1.0,0.0,0.0,0.0,1.0,90.0,64,0.5,0.5,0.25,0.25,Entropia potencial
5108352,8.584080142086036e-05,0.5,0.0,0.17503433632056833,0.0,1.0,0.0,0.0,0.0,1.0,90.0,64,0.5,0.5,0.25,0.25,Entropia potencial
5108402,0.012198189420770061,0.5,0.0,0.179879275768308,0.0,1.0,0.0,0.0,0.0,1.0,90.0,64,0.5,0.5,0.25,0.25,Entropia potencial
5108501,0.001539071580021371,0.5,0.0,0.17561562863200852,0.0,1.0,0.0,0.0,0.0,1.0,90.0,64,0.5,0.5,0.25,0.25,Entropia potencial
5108600,0.0009184730004070669,0.5,0.0,0.17536738920016282,0.0,1.0,0.0,0.0,0.0,1.0,90.0,64,0.5,0.5,0.25,0.25,Entropia potencial
5108808,0.00019162714897415304,0.5,0.0,0.17507665085958965,0.0,1.0,0.0,0.0,0.0,1.0,90.0,64,0.5,0.5,0.25,0.25,Entropia potencial
5108857,0.00066621951022325,0.5,0.0,0.1752664878040893,0.0,1.0,0.0,0.0,0.0,1.0,90.0,64,0.5,0.5,0.25,0.25,Entropia potencial
5108907,0.001306022562781942,0.5,0.0,0.17552240902511276,0.0,1.0,0.0,0.0,0.0,1.0,90.0,64,0.5,0.5,0.25,0.25,Entropia potencial
5108956,0.00036714203481137914,0.5,0.0,0.17514685681392453,0.0,1.0,0.0,0.0,0.0,1.0,90.0,64,0.5,0.5,0.25,0.25,Entropia potencial
5200050,0.00040630579704289916,0.5,0.0,0.17516252231881715,0.0,1.0,0.0,0.0,0.0,1.0,90.0,64,0.5,0.5,0.25,0.25,Entropia potencial
5200100,0.0005532084919608333,0.5,0.0,0.17522128339678433,0.0,1.0,0.0,0.0,0.0,1.0,90.0,64,0.5,0.5,0.25,0.25,Entropia potencial
5200134,0.0015178627208223008,0.5,0.0,0.17560714508832892,0.0,1.0,0.0,0.0,0.0,1.0,90.0,64,0.5,0.5,0.25,0.25,Entropia potencial
5200159,3.4512232948501916e-05,0.5,0.0,0.1750138048931794,0.0,1.0,0.0,0.0,0.0,1.0,90.0,64,0.5,0.5,0.25,0.25,Entropia potencial
5200175,0.000629456571401215,0.5,0.0,0.17525178262856048,0.0,1.0,0.0,0.0,0.0,1.0,90.0,64,0.5,0.5,0.25,0.25,Entropia potencial
5200209,4.790440862060944e-05,0.5,0.0,0.17501916176344823,0.0,1.0,0.0,0.0,0.0,1.0,90.0,64,0.5,0.5,0.25,0.25,Entropia potencial
5200258,0.002953001164843363,0.5,0.0,0.17618120046593733,0.0,1.0,0.0,0.0,0.0,1.0,90.0,64,0.5,0.5,0.25,0.25,Entropia potencial
5200308,0.0015570856843356046,0.5,0.0,0.17562283427373424,0.0,1.0,0.0,0.0,0.0,1.0,90.0,64,0.5,0.5,0.25,0.25,Entropia potencial
5200506,6.0980491734620974e-05,0.5,0.0,0.17502439219669383,0.0,1.0,0.0,0.0,0.0,1.0,90.0,64,0.5,0.5,0.25,0.25,Entropia potencial
5200555,0.0007572372523029602,0.5,0.0,0.17530289490092119,0.0,1.0,0.0,0.0,0.0,1.0,90.0,64,0.5,0.5,0.25,0.25,Entropia potencial
5200605,0.00040361213872173324,0.5,0.0,0.17516144485548868,0.0,1.0,0.0,0.0,0.0,1.0,90.0,64,0.5,0.5,0.25,0.25,Entropia potencial
5200803,0.00019908228181593566,0.5,0.0,0.17507963291272635,0.0,1.0,0.0,0.0,0.0,1.0,90.0,64,0.5,0.5,0.25,0.25,Entropia potencial
5200829,9.448947439003558e-05,0.5,0.0,0.175037795789756,0.0,1.0,0.0,0.0,0.0,1.0,90.0,64,0.5,0.5,0.25,0.25,Entropia potencial
5200852,8.110575604389717e-05,0.5,0.0,0.17503244230241755,0.0,1.0,0.0,0.0,0.0,1.0,90.0,64,0.5,0.5,0.25,0.25,Entropia potencial
5200902,0.00011530401076579537,0.5,0.0,0.1750461216043063,0.0,1.0,0.0,0.0,0.0,1.0,90.0,64,0.5,0.5,0.25,0.25,Entropia potencial
5201108,0.020479593495244364,0.5,0.0,0.18319183739809775,0.0,1.0,0.0,0.0,0.0,1.0,90.0,64,0.5,0.5,0.25,0.25,Entropia potencial
5201207,2.134417641457615e-06,0.5,0.0,0.17500085376705657,0.0,1.0,0.0,0.0,0.0,1.0,90.0,64,0.5,0.5,0.25,0.25,Entropia potencial
5201306,0.0007485949223282618,0.5,0.0,0.1752994379689313,0.0,1.0,0.0,0.0,0.0,1.0,90.0,64,0.5,0.5,0.25,0.25,Entropia potencial
5201405,0.020273011679625308,0.5,0.0,0.1831092046718501,0.0,1.0,0.0,0.0,0.0,1.0,90.0,64,0.5,0.5,0.25,0.25,Entropia potencial
5201454,0.0001193222977668753,0.5,0.0,0.17504772891910675,0.0,1.0,0.0,0.0,0.0,1.0,90.0,64,0.5,0.5,0.25,0.25,Entropia potencial
5201504,0.0005851634409694214,0.5,0.0,0.17523406537638775,0.0,1.0,0.0,0.0,0.0,1.0,90.0,64,0.5,0.5,0.25,0.25,Entropia potencial
5201603,6.229772025431199e-05,0.5,0.0,0.17502491908810172,0.0,1.0,0.0,0.0,0.0,1.0,90.0,64,0.5,0.5,0.25,0.25,Entropia potencial
5201702,0.0003125542243436696,0.5,0.0,0.17512502168973745,0.0,1.0,0.0,0.0,0.0,1.0,90.0,64,0.5,0.5,0.25,0.25,Entropia potencial
5201801,0.00020546544859113185,0.5,0.0,0.17508218617943644,0.0,1.0,0.0,0.0,0.0,1.0,90.0,64,0.5,0.5,0.25,0.25,Entropia potencial
5202155,0.00021118577244349796,0.5,0.0,0.1750844743089774,0.0,1.0,0.0,0.0,0.0,1.0,90.0,64,0.5,0.5,0.25,0.25,Entropia potencial
5202353,0.00023610634057726738,0.5,0.0,0.17509444253623088,0.0,1.0,0.0,0.0,0.0,1.0,90.0,64,0.5,0.5,0.25,0.25,Entropia potencial
5202502,0.000351540382729838,0.5,0.0,0.17514061615309193,0.0,1.0,0.0,0.0,0.0,1.0,90.0,64,0.5,0.5,0.25,0.25,Entropia potencial
5202601,7.135763069873586e-05,0.5,0.0,0.1750285430522795,0.0,1.0,0.0,0.0,0.0,1.0,90.0,64,0.5,0.5,0.25,0.25,Entropia potencial
5202809,6.933104396338457e-05,0.5,0.0,0.17502773241758535,0.0,1.0,0.0,0.0,0.0,1.0,90.0,64,0.5,0.5,0.25,0.25,Entropia potencial
5203104,0.00012579849512773186,0.5,0.0,0.17505031939805107,0.0,1.0,0.0,0.0,0.0,1.0,90.0,64,0.5,0.5,0.25,0.25,Entropia potencial
5203203,0.0024180182103459916,0.5,0.0,0.1759672072841384,0.0,1.0,0.0,0.0,0.0,1.0,90.0,64,0.5,0.5,0.25,0.25,Entropia potencial
5203302,0.0018561610454159833,0.5,0.0,0.17574246441816638,0.0,1.0,0.0,0.0,0.0,1.0,90.0,64,0.5,0.5,0.25,0.25,Entropia potencial
5203401,0.00036917602170695343,0.5,0.0,0.17514767040868276,0.0,1.0,0.0,0.0,0.0,1.0,90.0,64,0.5,0.5,0.25,0.25,Entropia potencial
5203500,0.0017688856700776104,0.5,0.0,0.17570755426803103,0.0,1.0,0.0,0.0,0.0,1.0,90.0,64,0.5,0.5,0.25,0.25,Entropia potencial
5203559,0.00012101482012644621,0.5,0.0,0.17504840592805057,0.0,1.0,0.0,0.0,0.0,1.0,90.0,64,0.5,0.5,0.25,0.25,Entropia potencial
5203575,0.00031628284793030706,0.5,0.0,0.1751265131391721,0.0,1.0,0.0,0.0,0.0,1.0,90.0,64,0.5,0.5,0.25,0.25,Entropia potencial
5203609,8.454048755310757e-05,0.5,0.0,0.17503381619502123,0.0,1.0,0.0,0.0,0.0,1.0,90.0,64,0.5,0.5,0.25,0.25,Entropia potencial
5203807,0.0002417590058218805,0.5,0.0,0.17509670360232873,0.0,1.0,0.0,0.0,0.0,1.0,90.0,64,0.5,0.5,0.25,0.25,Entropia potencial
5203906,0.0005519980371815025,0.5,0.0,0.1752207992148726,0.0,1.0,0.0,0.0,0.0,1.0,90.0,64,0.5,0.5,0.25,0.25,Entropia potencial
5203939,4.492637271373173e-05,0.5,0.0,0.1750179705490855,0.0,1.0,0.0,0.0,0.0,1.0,90.0,64,0.5,0.5,0.25,0.25,Entropia potencial
5203962,7.04495253228012e-05,0.5,0.0,0.1750281798101291,0.0,1.0,0.0,0.0,0.0,1.0,90.0,64,0.5,0.5,0.25,0.25,Entropia potencial
5204003,0.000594085919866847,0.5,0.0,0.17523763436794673,0.0,1.0,0.0,0.0,0.0,1.0,90.0,64,0.5,0.5,0.25,0.25,Entropia potencial
5204102,0.00033380008434385474,0.5,0.0,0.17513352003373753,0.0,1.0,0.0,0.0,0.0,1.0,90.0,64,0.5,0.5,0.25,0.25,Entropia potencial
5204201,2.094456776253507e-05,0.5,0.0,0.17500837782710502,0.0,1.0,0.0,0.0,0.0,1.0,90.0,64,0.5,0.5,0.25,0.25,Entropia potencial
5204250,0.0010219240688271354,0.5,0.0,0.17540876962753085,0.0,1.0,0.0,0.0,0.0,1.0,90.0,64,0.5,0.5,0.25,0.25,Entropia potencial
5204300,0.0010325676135592777,0.5,0.0,0.1754130270454237,0.0,1.0,0.0,0.0,0.0,1.0,90.0,64,0.5,0.5,0.25,0.25,Entropia potencial
5204409,0.0010627940965729262,0.5,0.0,0.17542511763862917,0.0,1.0,0.0,0.0,0.0,1.0,90.0,64,0.5,0.5,0.25,0.25,Entropia potencial
5204508,0.0035799089096306335,0.5,0.0,0.17643196356385224,0.0,1.0,0.0,0.0,0.0,1.0,90.0,64,0.5,0.5,0.25,0.25,Entropia potencial
5204557,7.64362549431947e-05,0.5,0.0,0.17503057450197726,0.0,1.0,0.0,0.0,0.0,1.0,90.0,64,0.5,0.5,0.25,0.25,Entropia potencial
5204607,6.038847891678231e-05,0.5,0.0,0.1750241553915667,0.0,1.0,0.0,0.0,0.0,1.0,90.0,64,0.5,0.5,0.25,0.25,Entropia potencial
5204656,0.0001072621509349048,0.5,0.0,0.17504290486037394,0.0,1.0,0.0,0.0,0.0,1.0,90.0,64,0.5,0.5,0.25,0.25,Entropia potencial
5204706,0.00040333516129624443,0.5,0.0,0.17516133406451848,0.0,1.0,0.0,0.0,0.0,1.0,90.0,64,0.5,0.5,0.25,0.25,Entropia potencial
5204805,0.0009277337723432575,0.5,0.0,0.1753710935089373,0.0,1.0,0.0,0.0,0.0,1.0,90.0,64,0.5,0.5,0.25,0.25,Entropia potencial
5204854,0.0001786842687441552,0.5,0.0,0.17507147370749765,0.0,1.0,0.0,0.0,0.0,1.0,90.0,64,0.5,0.5,0.25,0.25,Entropia potencial
5204904,0.0003641692847332321,0.5,0.0,0.17514566771389328,0.0,1.0,0.0,0.0,0.0,1.0,90.0,64,0.5,0.5,0.25,0.25,Entropia potencial
5204953,5.308029211371321e-05,0.5,0.0,0.17502123211684548,0.0,1.0,0.0,0.0,0.0,1.0,90.0,64,0.5,0.5,0.25,0.25,Entropia potencial
5205000,0.0006722094113408819,0.5,0.0,0.17526888376453634,0.0,1.0,0.0,0.0,0.0,1.0,90.0,64,0.5,0.5,0.25,0.25,Entropia potencial
5205059,9.591136231859452e-05,0.5,0.0,0.17503836454492744,0.0,1.0,0.0,0.0,0.0,1.0,90.0,64,0.5,0.5,0.25,0.25,Entropia potencial
5205109,0.011753906001462812,0.5,0.0,0.1797015624005851,0.0,1.0,0.0,0.0,0.0,1.0,90.0,64,0.5,0.5,0.25,0.25,Entropia potencial
5205208,9.318070319631368e-05,0.5,0.0,0.17503727228127852,0.0,1.0,0.0,0.0,0.0,1.0,90.0,64,0.5,0.5,0.25,0.25,Entropia potencial
5205307,0.0003669570308058045,0.5,0.0,0.17514678281232232,0.0,1.0,0.0,0.0,0.0,1.0,90.0,64,0.5,0.5,0.25,0.25,Entropia potencial
5205406,0.0008722526568200593,0.5,0.0,0.17534890106272802,0.0,1.0,0.0,0.0,0.0,1.0,90.0,64,0.5,0.5,0.25,0.25,Entropia potencial
5205455,0.0005371808020835975,0.5,0.0,0.17521487232083344,0.0,1.0,0.0,0.0,0.0,1.0,90.0,64,0.5,0.5,0.25,0.25,Entropia potencial
5205471,0.0033015973409702,0.5,0.0,0.17632063893638808,0.0,1.0,0.0,0.0,0.0,1.0,90.0,64,0.5,0.5,0.25,0.25,Entropia potencial
5205497,0.0012539645499447466,0.5,0.0,0.17550158581997788,0.0,1.0,0.0,0.0,0.0,1.0,90.0,64,0.5,0.5,0.25,0.25,Entropia potencial
5205513,0.0005069437474124877,0.5,0.0,0.17520277749896498,0.0,1.0,0.0,0.0,0.0,1.0,90.0,64,0.5,0.5,0.25,0.25,Entropia potencial
5205521,6.990931362652342e-05,0.5,0.0,0.1750279637254506,0.0,1.0,0.0,0.0,0.0,1.0,90.0,64,0.5,0.5,0.25,0.25,Entropia potencial
5205703,5.9252025739681296e-05,0.5,0.0,0.17502370081029586,0.0,1.0,0.0,0.0,0.0,1.0,90.0,64,0.5,0.5,0.25,0.25,Entropia potencial
5205802,0.0002750650126540361,0.5,0.0,0.1751100260050616,0.0,1.0,0.0,0.0,0.0,1.0,90.0,64,0.5,0.5,0.25,0.25,Entropia potencial
5205901,0.0008919286256872258,0.5,0.0,0.17535677145027487,0.0,1.0,0.0,0.0,0.0,1.0,90.0,64,0.5,0.5,0.25,0.25,Entropia potencial
5206206,0.006054312112212773,0.5,0.0,0.1774217248448851,0.0,1.0,0.0,0.0,0.0,1.0,90.0,64,0.5,0.5,0.25,0.25,Entropia potencial
5206305,0.00012025048929198664,0.5,0.0,0.1750481001957168,0.0,1.0,0.0,0.0,0.0,1.0,90.0,64,0.5,0.5,0.25,0.25,Entropia potencial
5206404,0.0006266233672015585,0.5,0.0,0.17525064934688062,0.0,1.0,0.0,0.0,0.0,1.0,90.0,64,0.5,0.5,0.25,0.25,Entropia potencial
5206503,0.00011579876433498912,0.5,0.0,0.175046319505734,0.0,1.0,0.0,0.0,0.0,1.0,90.0,64,0.5,0.5,0.25,0.25,Entropia potencial
5206602,8.37000407849259e-05,0.5,0.0,0.17503348001631397,0.0,1.0,0.0,0.0,0.0,1.0,90.0,64,0.5,0.5,0.25,0.25,Entropia potencial
5206701,3.271293684857083e-05,0.5,0.0,0.17501308517473943,0.0,1.0,0.0,0.0,0.0,1.0,90.0,64,0.5,0.5,0.25,0.25,Entropia potencial
5206800,3.577237451790136e-05,0.5,0.0,0.17501430894980716,0.0,1.0,0.0,0.0,0.0,1.0,90.0,64,0.5,0.5,0.25,0.25,Entropia potencial
5206909,0.0004902151566455609,0.5,0.0,0.1751960860626582,0.0,1.0,0.0,0.0,0.0,1.0,90.0,64,0.5,0.5,0.25,0.25,Entropia potencial
5207105,0.00011414112844504085,0.5,0.0,0.175045656451378,0.0,1.0,0.0,0.0,0.0,1.0,90.0,64,0.5,0.5,0.25,0.25,Entropia potencial
5207253,0.00045656028511717884,0.5,0.0,0.17518262411404686,0.0,1.0,0.0,0.0,0.0,1.0,90.0,64,0.5,0.5,0.25,0.25,Entropia potencial
5207352,0.0005405468178193088,0.5,0.0,0.17521621872712773,0.0,1.0,0.0,0.0,0.0,1.0,90.0,64,0.5,0.5,0.25,0.25,Entropia potencial
5207402,0.0012435398385220553,0.5,0.0,0.17549741593540882,0.0,1.0,0.0,0.0,0.0,1.0,90.0,64,0.5,0.5,0.25,0.25,Entropia potencial
5207501,6.868511569249275e-05,0.5,0.0,0.175027474046277,0.0,1.0,0.0,0.0,0.0,1.0,90.0,64,0.5,0.5,0.25,0.25,Entropia potencial
5207535,0.0001730865761183414,0.5,0.0,0.17506923463044732,0.0,1.0,0.0,0.0,0.0,1.0,90.0,64,0.5,0.5,0.25,0.25,Entropia potencial
5207600,0.00017234021710156624,0.5,0.0,0.17506893608684063,0.0,1.0,0.0,0.0,0.0,1.0,90.0,64,0.5,0.5,0.25,0.25,Entropia potencial
5207808,0.0003179108831793634,0.5,0.0,0.17512716435327175,0.0,1.0,0.0,0.0,0.0,1.0,90.0,64,0.5,0.5,0.25,0.25,Entropia potencial
5207907,0.0002504256506087401,0.5,0.0,0.1751001702602435,0.0,1.0,0.0,0.0,0.0,1.0,90.0,64,0.5,0.5,0.25,0.25,Entropia potencial
5208004,0.004033958426100728,0.5,0.0,0.17661358337044028,0.0,1.0,0.0,0.0,0.0,1.0,90.0,64,0.5,0.5,0.25,0.25,Entropia potencial
5208103,0.00010651684908387574,0.5,0.0,0.17504260673963354,0.0,1.0,0.0,0.0,0.0,1.0,90.0,64,0.5,0.5,0.25,0.25,Entropia potencial
5208152,0.0003237644099157432,0.5,0.0,0.1751295057639663,0.0,1.0,0.0,0.0,0.0,1.0,90.0,64,0.5,0.5,0.25,0.25,Entropia potencial
5208301,8.957788233346694e-05,0.5,0.0,0.17503583115293336,0.0,1.0,0.0,0.0,0.0,1.0,90.0,64,0.5,0.5,0.25,0.25,Entropia potencial
5208400,0.0003358531002228595,0.5,0.0,0.17513434124008914,0.0,1.0,0.0,0.0,0.0,1.0,90.0,64,0.5,0.5,0.25,0.25,Entropia potencial
5208509,0.00017441226196400155,0.5,0.0,0.1750697649047856,0.0,1.0,0.0,0.0,0.0,1.0,90.0,64,0.5,0.5,0.25,0.25,Entropia potencial
5208608,0.002452075862023653,0.5,0.0,0.17598083034480946,0.0,1.0,0.0,0.0,0.0,1.0,90.0,64,0.5,0.5,0.25,0.25,Entropia potencial
5208707,0.07004023303252545,0.5,0.0,0.20301609321301017,0.0,1.0,0.0,0.0,0.0,1.0,90.0,64,0.5,0.5,0.25,0.25,Entropia potencial
5208806,0.0015266371965152667,0.5,0.0,0.1756106548786061,0.0,1.0,0.0,0.0,0.0,1.0,90.0,64,0.5,0.5,0.25,0.25,Entropia potencial
5208905,0.0007822645941770899,0.5,0.0,0.1753129058376708,0.0,1.0,0.0,0.0,0.0,1.0,90.0,64,0.5,0.5,0.25,0.25,Entropia potencial
5209101,0.002866009109924956,0.5,0.0,0.17614640364396997,0.0,1.0,0.0,0.0,0.0,1.0,90.0,64,0.5,0.5,0.25,0.25,Entropia potencial
5209150,0.00027743729258837536,0.5,0.0,0.17511097491703534,0.0,1.0,0.0,0.0,0.0,1.0,90.0,64,0.5,0.5,0.25,0.25,Entropia potencial
5209200,0.0004521994764143494,0.5,0.0,0.17518087979056574,0.0,1.0,0.0,0.0,0.0,1.0,90.0,64,0.5,0.5,0.25,0.25,Entropia potencial
5209291,3.5964778683698925e-05,0.5,0.0,0.17501438591147347,0.0,1.0,0.0,0.0,0.0,1.0,90.0,64,0.5,0.5,0.25,0.25,Entropia potencial
5209408,7.496679455605944e-05,0.5,0.0,0.1750299867178224,0.0,1.0,0.0,0.0,0.0,1.0,90.0,64,0.5,0.5,0.25,0.25,Entropia potencial
5209457,5.43393765173665e-05,0.5,0.0,0.17502173575060695,0.0,1.0,0.0,0.0,0.0,1.0,90.0,64,0.5,0.5,0.25,0.25,Entropia potencial
5209606,6.827599254873638e-05,0.5,0.0,0.1750273103970195,0.0,1.0,0.0,0.0,0.0,1.0,90.0,64,0.5,0.5,0.25,0.25,Entropia potencial
5209705,0.0015422007906299468,0.5,0.0,0.17561688031625197,0.0,1.0,0.0,0.0,0.0,1.0,90.0,64,0.5,0.5,0.25,0.25,Entropia potencial
5209804,8.614315082425653e-05,0.5,0.0,0.17503445726032968,0.0,1.0,0.0,0.0,0.0,1.0,90.0,64,0.5,0.5,0.25,0.25,Entropia potencial
5209903,0.00022103327136879648,0.5,0.0,0.17508841330854752,0.0,1.0,0.0,0.0,0.0,1.0,90.0,64,0.5,0.5,0.25,0.25,Entropia potencial
5209937,0.00040503085515305375,0.5,0.0,0.17516201234206122,0.0,1.0,0.0,0.0,0.0,1.0,90.0,64,0.5,0.5,0.25,0.25,Entropia potencial
5209952,0.0008051575184097618,0.5,0.0,0.1753220630073639,0.0,1.0,0.0,0.0,0.0,1.0,90.0,64,0.5,0.5,0.25,0.25,Entropia potencial
5210000,0.0017934415160289613,0.5,0.0,0.17571737660641157,0.0,1.0,0.0,0.0,0.0,1.0,90.0,64,0.5,0.5,0.25,0.25,Entropia potencial
5210109,0.003000126442309067,0.5,0.0,0.17620005057692362,0.0,1.0,0.0,0.0,0.0,1.0,90.0,64,0.5,0.5,0.25,0.25,Entropia potencial
5210158,7.877576273940357e-05,0.5,0.0,0.17503151030509576,0.0,1.0,0.0,0.0,0.0,1.0,90.0,64,0.5,0.5,0.25,0.25,Entropia potencial
5210208,0.0011394978144498944,0.5,0.0,0.17545579912577994,0.0,1.0,0.0,0.0,0.0,1.0,90.0,64,0.5,0.5,0.25,0.25,Entropia potencial
5210307,6.516158226060655e-05,0.5,0.0,0.17502606463290424,0.0,1.0,0.0,0.0,0.0,1.0,90.0,64,0.5,0.5,0.25,0.25,Entropia potencial
5210406,0.002266062263161506,0.5,0.0,0.1759064249052646,0.0,1.0,0.0,0.0,0.0,1.0,90.0,64,0.5,0.5,0.25,0.25,Entropia potencial
5210562,0.0001060453531610971,0.5,0.0,0.17504241814126442,0.0,1.0,0.0,0.0,0.0,1.0,90.0,64,0.5,0.5,0.25,0.25,Entropia potencial
5210604,9.436895749497556e-05,0.5,0.0,0.17503774758299798,0.0,1.0,0.0,0.0,0.0,1.0,90.0,64,0.5,0.5,0.25,0.25,Entropia potencial
5210802,0.00012509865140378687,0.5,0.0,0.1750500394605615,0.0,1.0,0.0,0.0,0.0,1.0,90.0,64,0.5,0.5,0.25,0.25,Entropia potencial
5210901,0.0006450994529468556,0.5,0.0,0.17525803978117874,0.0,1.0,0.0,0.0,0.0,1.0,90.0,64,0.5,0.5,0.25,0.25,Entropia potencial
5211008,0.0002680285174477251,0.5,0.0,0.17510721140697907,0.0,1.0,0.0,0.0,0.0,1.0,90.0,64,0.5,0.5,0.25,0.25,Entropia potencial
5211206,0.0006862200289744816,0.5,0.0,0.1752744880115898,0.0,1.0,0.0,0.0,0.0,1.0,90.0,64,0.5,0.5,0.25,0.25,Entropia potencial
5211305,0.00036463232333004166,0.5,0.0,0.17514585292933202,0.0,1.0,0.0,0.0,0.0,1.0,90.0,64,0.5,0.5,0.25,0.25,Entropia potencial
5211404,0.0002969081713007906,0.5,0.0,0.1751187632685203,0.0,1.0,0.0,0.0,0.0,1.0,90.0,64,0.5,0.5,0.25,0.25,Entropia potencial
5211503,0.006859858667617115,0.5,0.0,0.17774394346704683,0.0,1.0,0.0,0.0,0.0,1.0,90.0,64,0.5,0.5,0.25,0.25,Entropia potencial
5211602,0.00013766940929114325,0.5,0.0,0.17505506776371646,0.0,1.0,0.0,0.0,0.0,1.0,90.0,64,0.5,0.5,0.25,0.25,Entropia potencial
5211701,0.0005085442963521444,0.5,0.0,0.17520341771854084,0.0,1.0,0.0,0.0,0.0,1.0,90.0,64,0.5,0.5,0.25,0.25,Entropia potencial
5211800,0.0011066442745570869,0.5,0.0,0.1754426577098228,0.0,1.0,0.0,0.0,0.0,1.0,90.0,64,0.5,0.5,0.25,0.25,Entropia potencial
5211909,0.011145039847299174,0.5,0.0,0.17945801593891966,0.0,1.0,0.0,0.0,0.0,1.0,90.0,64,0.5,0.5,0.25,0.25,Entropia potencial
5212006,8.879135101833842e-05,0.5,0.0,0.17503551654040733,0.0,1.0,0.0,0.0,0.0,1.0,90.0,64,0.5,0.5,0.25,0.25,Entropia potencial
5212055,2.4606589907165675e-05,0.5,0.0,0.17500984263596286,0.0,1.0,0.0,0.0,0.0,1.0,90.0,64,0.5,0.5,0.25,0.25,Entropia potencial
5212105,0.00046720805851230567,0.5,0.0,0.17518688322340492,0.0,1.0,0.0,0.0,0.0,1.0,90.0,64,0.5,0.5,0.25,0.25,Entropia potencial
5212204,0.0008638090740056353,0.5,0.0,0.17534552362960223,0.0,1.0,0.0,0.0,0.0,1.0,90.0,64,0.5,0.5,0.25,0.25,Entropia potencial
5212253,3.9317051264710375e-05,0.5,0.0,0.17501572682050587,0.0,1.0,0.0,0.0,0.0,1.0,90.0,64,0.5,0.5,0.25,0.25,Entropia potencial
5212303,0.00038053632481497895,0.5,0.0,0.175152214529926,0.0,1.0,0.0,0.0,0.0,1.0,90.0,64,0.5,0.5,0.25,0.25,Entropia potencial
5212501,0.006615850013087447,0.5,0.0,0.17764634000523497,0.0,1.0,0.0,0.0,0.0,1.0,90.0,64,0.5,0.5,0.25,0.25,Entropia potencial
5212600,7.974835522585281e-05,0.5,0.0,0.17503189934209032,0.0,1.0,0.0,0.0,0.0,1.0,90.0,64,0.5,0.5,0.25,0.25,Entropia potencial
5212709,0.00010984269252123369,0.5,0.0,0.1750439370770085,0.0,1.0,0.0,0.0,0.0,1.0,90.0,64,0.5,0.5,0.25,0.25,Entropia potencial
5212808,0.00034235466956162344,0.5,0.0,0.17513694186782464,0.0,1.0,0.0,0.0,0.0,1.0,90.0,64,0.5,0.5,0.25,0.25,Entropia potencial
5212907,5.540288525798383e-05,0.5,0.0,0.17502216115410318,0.0,1.0,0.0,0.0,0.0,1.0,90.0,64,0.5,0.5,0.25,0.25,Entropia potencial
5212956,0.00020066803043514638,0.5,0.0,0.17508026721217404,0.0,1.0,0.0,0.0,0.0,1.0,90.0,64,0.5,0.5,0.25,0.25,Entropia potencial
5213004,0.00036607535457352337,0.5,0.0,0.1751464301418294,0.0,1.0,0.0,0.0,0.0,1.0,90.0,64,0.5,0.5,0.25,0.25,Entropia potencial
5213053,0.00024450340809886116,0.5,0.0,0.17509780136323955,0.0,1.0,0.0,0.0,0.0,1.0,90.0,64,0.5,0.5,0.25,0.25,Entropia potencial
5213087,0.0011455194305399106,0.5,0.0,0.17545820777221596,0.0,1.0,0.0,0.0,0.0,1.0,90.0,64,0.5,0.5,0.25,0.25,Entropia potencial
5213103,0.004640681705296939,0.5,0.0,0.17685627268211876,0.0,1.0,0.0,0.0,0.0,1.0,90.0,64,0.5,0.5,0.25,0.25,Entropia potencial
5213400,3.7857105369290374e-05,0.5,0.0,0.1750151428421477,0.0,1.0,0.0,0.0,0.0,1.0,90.0,64,0.5,0.5,0.25,0.25,Entropia potencial
5213509,0.00011786340903720147,0.5,0.0,0.17504714536361488,0.0,1.0,0.0,0.0,0.0,1.0,90.0,64,0.5,0.5,0.25,0.25,Entropia potencial
5213707,0.0008142216575171702,0.5,0.0,0.17532568866300685,0.0,1.0,0.0,0.0,0.0,1.0,90.0,64,0.5,0.5,0.25,0.25,Entropia potencial
5213756,0.0019194451013114444,0.5,0.0,0.17576777804052457,0.0,1.0,0.0,0.0,0.0,1.0,90.0,64,0.5,0.5,0.25,0.25,Entropia potencial
5213772,0.00010384221974614035,0.5,0.0,0.17504153688789845,0.0,1.0,0.0,0.0,0.0,1.0,90.0,64,0.5,0.5,0.25,0.25,Entropia potencial
5213806,0.0025323327139733995,0.5,0.0,0.17601293308558935,0.0,1.0,0.0,0.0,0.0,1.0,90.0,64,0.5,0.5,0.25,0.25,Entropia potencial
5213855,4.344422633764279e-05,0.5,0.0,0.17501737769053505,0.0,1.0,0.0,0.0,0.0,1.0,90.0,64,0.5,0.5,0.25,0.25,Entropia potencial
5213905,0.0001645425625580341,0.5,0.0,0.1750658170250232,0.0,1.0,0.0,0.0,0.0,1.0,90.0,64,0.5,0.5,0.25,0.25,Entropia potencial
5214002,0.0009803214252192694,0.5,0.0,0.1753921285700877,0.0,1.0,0.0,0.0,0.0,1.0,90.0,64,0.5,0.5,0.25,0.25,Entropia potencial
5214051,0.00020898686769152576,0.5,0.0,0.1750835947470766,0.0,1.0,0.0,0.0,0.0,1.0,90.0,64,0.5,0.5,0.25,0.25,Entropia potencial
5214101,7.587067126900955e-05,0.5,0.0,0.17503034826850758,0.0,1.0,0.0,0.0,0.0,1.0,90.0,64,0.5,0.5,0.25,0.25,Entropia potencial
5214408,0.0003359101871731511,0.5,0.0,0.17513436407486924,0.0,1.0,0.0,0.0,0.0,1.0,90.0,64,0.5,0.5,0.25,0.25,Entropia potencial
5214507,0.0013191789904926602,0.5,0.0,0.17552767159619706,0.0,1.0,0.0,0.0,0.0,1.0,90.0,64,0.5,0.5,0.25,0.25,Entropia potencial
5214606,0.0013997466491717718,0.5,0.0,0.1755598986596687,0.0,1.0,0.0,0.0,0.0,1.0,90.0,64,0.5,0.5,0.25,0.25,Entropia potencial
5214705,3.868169465127994e-05,0.5,0.0,0.1750154726778605,0.0,1.0,0.0,0.0,0.0,1.0,90.0,64,0.5,0.5,0.25,0.25,Entropia potencial
5214804,4.2542463956184954e-05,0.5,0.0,0.17501701698558247,0.0,1.0,0.0,0.0,0.0,1.0,90.0,64,0.5,0.5,0.25,0.25,Entropia potencial
5214838,0.0008631166304419133,0.5,0.0,0.17534524665217677,0.0,1.0,0.0,0.0,0.0,1.0,90.0,64,0.5,0.5,0.25,0.25,Entropia potencial
5214861,0.00020167022356248755,0.5,0.0,0.175080668089425,0.0,1.0,0.0,0.0,0.0,1.0,90.0,64,0.5,0.5,0.25,0.25,Entropia potencial
5214879,4.506274709498384e-05,0.5,0.0,0.175018025098838,0.0,1.0,0.0,0.0,0.0,1.0,90.0,64,0.5,0.5,0.25,0.25,Entropia potencial
5214903,5.2893173776646335e-05,0.5,0.0,0.17502115726951065,0.0,1.0,0.0,0.0,0.0,1.0,90.0,64,0.5,0.5,0.25,0.25,Entropia potencial
5215009,0.0002158203870745778,0.5,0.0,0.17508632815482983,0.0,1.0,0.0,0.0,0.0,1.0,90.0,64,0.5,0.5,0.25,0.25,Entropia potencial
5215207,7.450269879350377e-05,0.5,0.0,0.17502980107951738,0.0,1.0,0.0,0.0,0.0,1.0,90.0,64,0.5,0.5,0.25,0.25,Entropia potencial
5215231,0.0012737314350660812,0.5,0.0,0.17550949257402643,0.0,1.0,0.0,0.0,0.0,1.0,90.0,64,0.5,0.5,0.25,0.25,Entropia potencial
5215256,0.00020824262300624287,0.5,0.0,0.17508329704920247,0.0,1.0,0.0,0.0,0.0,1.0,90.0,64,0.5,0.5,0.25,0.25,Entropia potencial
5215306,0.0011177730583667076,0.5,0.0,0.17544710922334666,0.0,1.0,0.0,0.0,0.0,1.0,90.0,64,0.5,0.5,0.25,0.25,Entropia potencial
5215405,0.00012904293680263699,0.5,0.0,0.17505161717472104,0.0,1.0,0.0,0.0,0.0,1.0,90.0,64,0.5,0.5,0.25,0.25,Entropia potencial
5215504,0.0005568271703098722,0.5,0.0,0.17522273086812393,0.0,1.0,0.0,0.0,0.0,1.0,90.0,64,0.5,0.5,0.25,0.25,Entropia potencial
5215603,0.001318990814989847,0.5,0.0,0.17552759632599593,0.0,1.0,0.0,0.0,0.0,1.0,90.0,64,0.5,0.5,0.25,0.25,Entropia potencial
5215652,0.00018315185118734486,0.5,0.0,0.17507326074047494,0.0,1.0,0.0,0.0,0.0,1.0,90.0,64,0.5,0.5,0.25,0.25,Entropia potencial
5215702,0.002153874777015333,0.5,0.0,0.17586154991080613,0.0,1.0,0.0,0.0,0.0,1.0,90.0,64,0.5,0.5,0.25,0.25,Entropia potencial
5215801,4.232785930971844e-05,0.5,0.0,0.17501693114372388,0.0,1.0,0.0,0.0,0.0,1.0,90.0,64,0.5,0.5,0.25,0.25,Entropia potencial
5215900,0.00021739450687058097,0.5,0.0,0.17508695780274822,0.0,1.0,0.0,0.0,0.0,1.0,90.0,64,0.5,0.5,0.25,0.25,Entropia potencial
5216007,0.00014912274298482914,0.5,0.0,0.17505964909719393,0.0,1.0,0.0,0.0,0.0,1.0,90.0,64,0.5,0.5,0.25,0.25,Entropia potencial
5216304,0.0002990214456273254,0.5,0.0,0.17511960857825093,0.0,1.0,0.0,0.0,0.0,1.0,90.0,64,0.5,0.5,0.25,0.25,Entropia potencial
5216403,0.0023639600399170983,0.5,0.0,0.17594558401596683,0.0,1.0,0.0,0.0,0.0,1.0,90.0,64,0.5,0.5,0.25,0.25,Entropia potencial
5216452,0.0008303360349855895,0.5,0.0,0.17533213441399423,0.0,1.0,0.0,0.0,0.0,1.0,90.0,64,0.5,0.5,0.25,0.25,Entropia potencial
5216809,0.00018594382592290187,0.5,0.0,0.17507437753036914,0.0,1.0,0.0,0.0,0.0,1.0,90.0,64,0.5,0.5,0.25,0.25,Entropia potencial
5216908,0.00013682261952848473,0.5,0.0,0.17505472904781139,0.0,1.0,0.0,0.0,0.0,1.0,90.0,64,0.5,0.5,0.25,0.25,Entropia potencial
5217104,0.0016202249085238445,0.5,0.0,0.17564808996340953,0.0,1.0,0.0,0.0,0.0,1.0,90.0,64,0.5,0.5,0.25,0.25,Entropia potencial
5217203,0.0008948368886548582,0.5,0.0,0.17535793475546194,0.0,1.0,0.0,0.0,0.0,1.0,90.0,64,0.5,0.5,0.25,0.25,Entropia potencial
5217302,0.0007426769084813674,0.5,0.0,0.17529707076339254,0.0,1.0,0.0,0.0,0.0,1.0,90.0,64,0.5,0.5,0.25,0.25,Entropia potencial
5217401,0.00173843506792578,0.5,0.0,0.1756953740271703,0.0,1.0,0.0,0.0,0.0,1.0,90.0,64,0.5,0.5,0.25,0.25,Entropia potencial
5217609,0.0019306500010547872,0.5,0.0,0.1757722600004219,0.0,1.0,0.0,0.0,0.0,1.0,90.0,64,0.5,0.5,0.25,0.25,Entropia potencial
5217708,0.0008505384723943339,0.5,0.0,0.17534021538895772,0.0,1.0,0.0,0.0,0.0,1.0,90.0,64,0.5,0.5,0.25,0.25,Entropia potencial
5218003,0.0022129661135616005,0.5,0.0,0.17588518644542464,0.0,1.0,0.0,0.0,0.0,1.0,90.0,64,0.5,0.5,0.25,0.25,Entropia potencial
5218052,0.0004348915588185376,0.5,0.0,0.17517395662352742,0.0,1.0,0.0,0.0,0.0,1.0,90.0,64,0.5,0.5,0.25,0.25,Entropia potencial
5218102,0.0004209549427871677,0.5,0.0,0.17516838197711485,0.0,1.0,0.0,0.0,0.0,1.0,90.0,64,0.5,0.5,0.25,0.25,Entropia potencial
5218300,0.0008746302225831292,0.5,0.0,0.17534985208903325,0.0,1.0,0.0,0.0,0.0,1.0,90.0,64,0.5,0.5,0.25,0.25,Entropia potencial
5218391,6.230723474602726e-05,0.5,0.0,0.1750249228938984,0.0,1.0,0.0,0.0,0.0,1.0,90.0,64,0.5,0.5,0.25,0.25,Entropia potencial
5218508,0.00299051680567665,0.5,0.0,0.17619620672227065,0.0,1.0,0.0,0.0,0.0,1.0,90.0,64,0.5,0.5,0.25,0.25,Entropia potencial
5218607,0.00037714916576434487,0.5,0.0,0.17515085966630572,0.0,1.0,0.0,0.0,0.0,1.0,90.0,64,0.5,0.5,0.25,0.25,Entropia potencial
5218706,8.372646992857941e-05,0.5,0.0,0.1750334905879714,0.0,1.0,0.0,0.0,0.0,1.0,90.0,64,0.5,0.5,0.25,0.25,Entropia potencial
5218789,0.00044777946642973607,0.5,0.0,0.1751791117865719,0.0,1.0,0.0,0.0,0.0,1.0,90.0,64,0.5,0.5,0.25,0.25,Entropia potencial
5218805,0.022743170361736693,0.5,0.0,0.18409726814469465,0.0,1.0,0.0,0.0,0.0,1.0,90.0,64,0.5,0.5,0.25,0.25,Entropia potencial
5218904,0.0007351224020594476,0.5,0.0,0.17529404896082376,0.0,1.0,0.0,0.0,0.0,1.0,90.0,64,0.5,0.5,0.25,0.25,Entropia potencial
5219001,0.0002743630545985988,0.5,0.0,0.17510974522183942,0.0,1.0,0.0,0.0,0.0,1.0,90.0,64,0.5,0.5,0.25,0.25,Entropia potencial
5219100,0.00016640317427124134,0.5,0.0,0.1750665612697085,0.0,1.0,0.0,0.0,0.0,1.0,90.0,64,0.5,0.5,0.25,0.25,Entropia potencial
5219209,0.00031662008380332587,0.5,0.0,0.17512664803352132,0.0,1.0,0.0,0.0,0.0,1.0,90.0,64,0.5,0.5,0.25,0.25,Entropia potencial
5219258,0.00033383179931623894,0.5,0.0,0.17513353271972648,0.0,1.0,0.0,0.0,0.0,1.0,90.0,64,0.5,0.5,0.25,0.25,Entropia potencial
5219308,0.0023201637773859907,0.5,0.0,0.17592806551095438,0.0,1.0,0.0,0.0,0.0,1.0,90.0,64,0.5,0.5,0.25,0.25,Entropia potencial
5219357,0.0001440071179392554,0.5,0.0,0.1750576028471757,0.0,1.0,0.0,0.0,0.0,1.0,90.0,64,0.5,0.5,0.25,0.25,Entropia potencial
5219407,0.00018000466876108467,0.5,0.0,0.17507200186750443,0.0,1.0,0.0,0.0,0.0,1.0,90.0,64,0.5,0.5,0.25,0.25,Entropia potencial
5219456,0.00017437314683139437,0.5,0.0,0.17506974925873256,0.0,1.0,0.0,0.0,0.0,1.0,90.0,64,0.5,0.5,0.25,0.25,Entropia potencial
5219506,5.5217881252409245e-05,0.5,0.0,0.17502208715250095,0.0,1.0,0.0,0.0,0.0,1.0,90.0,64,0.5,0.5,0.25,0.25,Entropia potencial
5219605,9.321241816869789e-05,0.5,0.0,0.17503728496726748,0.0,1.0,0.0,0.0,0.0,1.0,90.0,64,0.5,0.5,0.25,0.25,Entropia potencial
5219704,0.00020628263771289845,0.5,0.0,0.17508251305508515,0.0,1.0,0.0,0.0,0.0,1.0,90.0,64,0.5,0.5,0.25,0.25,Entropia potencial
5219712,0.0003467186497616913,0.5,0.0,0.17513868745990466,0.0,1.0,0.0,0.0,0.0,1.0,90.0,64,0.5,0.5,0.25,0.25,Entropia potencial
5219738,0.0001484006987802152,0.5,0.0,0.17505936027951208,0.0,1.0,0.0,0.0,0.0,1.0,90.0,64,0.5,0.5,0.25,0.25,Entropia potencial
5219753,0.0009159548315997604,0.5,0.0,0.1753663819326399,0.0,1.0,0.0,0.0,0.0,1.0,90.0,64,0.5,0.5,0.25,0.25,Entropia potencial
5219803,0.00019247076723957315,0.5,0.0,0.17507698830689583,0.0,1.0,0.0,0.0,0.0,1.0,90.0,64,0.5,0.5,0.25,0.25,Entropia potencial
5219902,0.00012849215344889778,0.5,0.0,0.17505139686137955,0.0,1.0,0.0,0.0,0.0,1.0,90.0,64,0.5,0.5,0.25,0.25,Entropia potencial
5220009,0.0006987400429060232,0.5,0.0,0.1752794960171624,0.0,1.0,0.0,0.0,0.0,1.0,90.0,64,0.5,0.5,0.25,0.25,Entropia potencial
5220058,0.00014504631186771147,0.5,0.0,0.17505801852474706,0.0,1.0,0.0,0.0,0.0,1.0,90.0,64,0.5,0.5,0.25,0.25,Entropia potencial
5220108,0.0019730085181711436,0.5,0.0,0.17578920340726845,0.0,1.0,0.0,0.0,0.0,1.0,90.0,64,0.5,0.5,0.25,0.25,Entropia potencial
5220157,0.0001972988432021967,0.5,0.0,0.17507891953728086,0.0,1.0,0.0,0.0,0.0,1.0,90.0,64,0.5,0.5,0.25,0.25,Entropia potencial
5220207,0.0008048424830174119,0.5,0.0,0.17532193699320694,0.0,1.0,0.0,0.0,0.0,1.0,90.0,64,0.5,0.5,0.25,0.25,Entropia potencial
5220264,0.0003583823594388592,0.5,0.0,0.17514335294377553,0.0,1.0,0.0,0.0,0.0,1.0,90.0,64,0.5,0.5,0.25,0.25,Entropia potencial
5220280,4.155507114928975e-05,0.5,0.0,0.17501662202845972,0.0,1.0,0.0,0.0,0.0,1.0,90.0,64,0.5,0.5,0.25,0.25,Entropia potencial
5220405,0.0015396234205408564,0.5,0.0,0.17561584936821634,0.0,1.0,0.0,0.0,0.0,1.0,90.0,64,0.5,0.5,0.25,0.25,Entropia potencial
5220454,0.00611918614539043,0.5,0.0,0.17744767445815615,0.0,1.0,0.0,0.0,0.0,1.0,90.0,64,0.5,0.5,0.25,0.25,Entropia potencial
5220504,0.0008582864401477974,0.5,0.0,0.17534331457605912,0.0,1.0,0.0,0.0,0.0,1.0,90.0,64,0.5,0.5,0.25,0.25,Entropia potencial
5220603,0.0016148925645003119,0.5,0.0,0.1756459570258001,0.0,1.0,0.0,0.0,0.0,1.0,90.0,64,0.5,0.5,0.25,0.25,Entropia potencial
5220686,0.00022311800222018548,0.5,0.0,0.17508924720088806,0.0,1.0,0.0,0.0,0.0,1.0,90.0,64,0.5,0.5,0.25,0.25,Entropia potencial
5220702,9.049444503537073e-05,0.5,0.0,0.17503619777801413,0.0,1.0,0.0,0.0,0.0,1.0,90.0,64,0.5,0.5,0.25,0.25,Entropia potencial
5221007,8.09027802206382e-05,0.5,0.0,0.17503236111208825,0.0,1.0,0.0,0.0,0.0,1.0,90.0,64,0.5,0.5,0.25,0.25,Entropia potencial
5221080,2.2067277784936256e-05,0.5,0.0,0.17500882691111397,0.0,1.0,0.0,0.0,0.0,1.0,90.0,64,0.5,0.5,0.25,0.25,Entropia potencial
5221197,0.00022781921829327217,0.5,0.0,0.1750911276873173,0.0,1.0,0.0,0.0,0.0,1.0,90.0,64,0.5,0.5,0.25,0.25,Entropia potencial
5221304,5.32314668154113e-05,0.5,0.0,0.17502129258672616,0.0,1.0,0.0,0.0,0.0,1.0,90.0,64,0.5,0.5,0.25,0.25,Entropia potencial
5221403,0.003390386577657046,0.5,0.0,0.1763561546310628,0.0,1.0,0.0,0.0,0.0,1.0,90.0,64,0.5,0.5,0.25,0.25,Entropia potencial
5221452,5.46184682743476e-05,0.5,0.0,0.17502184738730972,0.0,1.0,0.0,0.0,0.0,1.0,90.0,64,0.5,0.5,0.25,0.25,Entropia potencial
5221502,0.0003704573065912757,0.5,0.0,0.1751481829226365,0.0,1.0,0.0,0.0,0.0,1.0,90.0,64,0.5,0.5,0.25,0.25,Entropia potencial
5221551,0.0008350731946940449,0.5,0.0,0.1753340292778776,0.0,1.0,0.0,0.0,0.0,1.0,90.0,64,0.5,0.5,0.25,0.25,Entropia potencial
5221577,6.028593383940668e-05,0.5,0.0,0.17502411437353574,0.0,1.0,0.0,0.0,0.0,1.0,90.0,64,0.5,0.5,0.25,0.25,Entropia potencial
5221601,0.0015589293813968736,0.5,0.0,0.17562357175255874,0.0,1.0,0.0,0.0,0.0,1.0,90.0,64,0.5,0.5,0.25,0.25,Entropia potencial
5221700,0.0003487240931821198,0.5,0.0,0.17513948963727283,0.0,1.0,0.0,0.0,0.0,1.0,90.0,64,0.5,0.5,0.25,0.25,Entropia potencial
5221809,0.00015231115487518882,0.5,0.0,0.17506092446195007,0.0,1.0,0.0,0.0,0.0,1.0,90.0,64,0.5,0.5,0.25,0.25,Entropia potencial
5221858,0.003443464755439267,0.5,0.0,0.1763773859021757,0.0,1.0,0.0,0.0,0.0,1.0,90.0,64,0.5,0.5,0.25,0.25,Entropia potencial
5221908,0.00010215921187828472,0.5,0.0,0.1750408636847513,0.0,1.0,0.0,0.0,0.0,1.0,90.0,64,0.5,0.5,0.25,0.25,Entropia potencial
5222005,0.0009933700220238811,0.5,0.0,0.17539734800880954,0.0,1.0,0.0,0.0,0.0,1.0,90.0,64,0.5,0.5,0.25,0.25,Entropia potencial
5222054,0.0007394092091600473,0.5,0.0,0.175295763683664,0.0,1.0,0.0,0.0,0.0,1.0,90.0,64,0.5,0.5,0.25,0.25,Entropia potencial
5222203,0.0001837195491930223,0.5,0.0,0.1750734878196772,0.0,1.0,0.0,0.0,0.0,1.0,90.0,64,0.5,0.5,0.25,0.25,Entropia potencial
5222302,0.00046144650519584014,0.5,0.0,0.1751845786020783,0.0,1.0,0.0,0.0,0.0,1.0,90.0,64,0.5,0.5,0.25,0.25,Entropia potencial
5300108,0.3475628441824431,0.5,0.0,0.31402513767297724,0.0,1.0,0.0,0.0,0.0,1.0,90.0,64,0.5,0.5,0.25,0.25,Entropia potencial
